date,year,month,station,pm25,pm10,no2,o3,temperature,humidity,wind_speed,aqi_grade
2022-01-01,2022,1,Central,40.5,77.6,33.5,44.6,,83.6,1.72,Unhealthy (sensitive)
2022-01-02,2022,1,Central,58.9,90.5,,53,19.1,95.6,0.3,Unhealthy
2022-01-03,2022,1,Central,52.5,95.9,,13.8,13.5,84.4,2.24,Unhealthy (sensitive)
2022-01-04,2022,1,Central,38.2,53,35.5,46,17.3,77.3,0.63,Unhealthy (sensitive)
2022-01-05,2022,1,Central,35.7,82.6,40.3,25,17.5,99,1.8,Unhealthy (sensitive)
2022-01-06,2022,1,Central,61.9,93.9,51.6,15.6,14.2,70,3.18,Unhealthy
2022-01-07,2022,1,Central,41.5,70.5,34.8,32.5,13.6,78.3,0.93,Unhealthy (sensitive)
2022-01-08,2022,1,Central,42.4,78,41.3,42.9,15.3,78.3,0.49,Unhealthy (sensitive)
2022-01-09,2022,1,Central,51.6,,47,,10.8,82.4,2.74,Unhealthy (sensitive)
2022-01-10,2022,1,Central,53,100.8,47,28.6,15.3,94.3,2.01,Unhealthy (sensitive)
2022-01-11,2022,1,Central,45.3,,47.8,38.8,8.7,71.9,4.9,Unhealthy (sensitive)
2022-01-12,2022,1,Central,50.1,100.8,38.8,35.4,9,78.7,1.75,Unhealthy (sensitive)
2022-01-13,2022,1,Central,49.8,98.3,40.2,48.7,9,68.4,1.25,Unhealthy (sensitive)
2022-01-14,2022,1,Central,47.9,71.5,42.9,29.7,23.5,80.8,0.2,Unhealthy (sensitive)
2022-01-15,2022,1,Central,37.9,54.8,38.5,,14.7,80.4,0.2,Unhealthy (sensitive)
2022-01-16,2022,1,Central,50.6,87.7,46.2,40,10.8,76.3,2.42,Unhealthy (sensitive)
2022-01-17,2022,1,Central,34.4,71.1,37.2,39.2,11.5,69.3,0.93,Moderate
2022-01-18,2022,1,Central,33.7,66,34,49.3,18.2,86.7,1.68,Moderate
2022-01-19,2022,1,Central,53.6,71.5,40.7,17.7,4.9,77.4,2.76,Unhealthy (sensitive)
2022-01-20,2022,1,Central,43.1,,36.3,23.3,16.3,73.1,0.83,Unhealthy (sensitive)
2022-01-21,2022,1,Central,39.3,61.1,41.3,44.6,12.9,79.3,2.83,Unhealthy (sensitive)
2022-01-22,2022,1,Central,48.3,57.6,43.2,31.6,14.9,80.3,4.75,Unhealthy (sensitive)
2022-01-23,2022,1,Central,38,57.6,40.9,41.4,11.5,72,0.2,Unhealthy (sensitive)
2022-01-24,2022,1,Central,45.2,93.3,47.6,45,13.7,86.7,3.46,Unhealthy (sensitive)
2022-01-25,2022,1,Central,54.3,95.3,51.1,22.8,9.8,92.4,0.76,Unhealthy (sensitive)
2022-01-26,2022,1,Central,60.5,98,46.9,43.5,15.2,84.1,3.94,Unhealthy
2022-01-27,2022,1,Central,53.4,88.7,39.7,27.8,19.2,77,2.48,Unhealthy (sensitive)
2022-01-28,2022,1,Central,45.3,71.2,,35.3,,97.5,3.11,Unhealthy (sensitive)
2022-01-29,2022,1,Central,54.8,94.3,44.7,34.8,21,87.5,3.04,Unhealthy (sensitive)
2022-01-30,2022,1,Central,,66.4,38.6,28.1,3.4,62.1,0.2,
2022-01-31,2022,1,Central,55.6,90.8,46.2,45.4,18,51.4,1.41,Unhealthy
2022-02-01,2022,2,Central,66.1,100,61.1,47.4,13.4,67.1,5.76,Unhealthy
2022-02-02,2022,2,Central,32.9,65.8,36.4,53.4,15.6,70.9,2,Moderate
2022-02-03,2022,2,Central,40.7,87.8,37.3,38.9,17.3,73.3,2.06,Unhealthy (sensitive)
2022-02-04,2022,2,Central,49.6,85,47.8,,15.1,45.9,0.37,Unhealthy (sensitive)
2022-02-05,2022,2,Central,40.6,51.7,32.6,37,13.3,63.9,3.82,Unhealthy (sensitive)
2022-02-06,2022,2,Central,,96.7,50,53.9,21.4,78.6,2.47,
2022-02-07,2022,2,Central,44.7,80,36.5,19.8,15.2,74,1.32,Unhealthy (sensitive)
2022-02-08,2022,2,Central,73.2,137.5,62.6,21.7,14.8,70.8,3.41,Unhealthy
2022-02-09,2022,2,Central,49.7,107,42.2,,10.2,75.6,4.31,Unhealthy (sensitive)
2022-02-10,2022,2,Central,47.8,61.5,40,40.6,9,93.5,2.6,Unhealthy (sensitive)
2022-02-11,2022,2,Central,48.6,,45,31.4,11.9,64.7,2.15,Unhealthy (sensitive)
2022-02-12,2022,2,Central,49.7,91.2,50,33.1,21,67.3,3.21,Unhealthy (sensitive)
2022-02-13,2022,2,Central,62.6,94.1,62.7,38.9,16.7,72.7,1.22,Unhealthy
2022-02-14,2022,2,Central,39.7,87.4,42.9,21.8,15.5,80.7,1.47,Unhealthy (sensitive)
2022-02-15,2022,2,Central,62,96.1,60.2,41.8,18.1,70.3,2.11,Unhealthy
2022-02-16,2022,2,Central,,110.6,64.3,43.3,15.1,66.6,2.09,
2022-02-17,2022,2,Central,47,69.5,45.9,44.8,21.2,92.4,2.68,Unhealthy (sensitive)
2022-02-18,2022,2,Central,,119.9,52.7,25.6,9.7,78.3,1.97,
2022-02-19,2022,2,Central,,55.9,35.2,50.9,19,69,1.8,
2022-02-20,2022,2,Central,51.8,94.7,42.6,,20,76.5,4.03,Unhealthy (sensitive)
2022-02-21,2022,2,Central,50.1,91.7,41.4,37.4,17,84.3,4.15,Unhealthy (sensitive)
2022-02-22,2022,2,Central,46.8,84.1,41,45.1,11.5,83.5,1.98,Unhealthy (sensitive)
2022-02-23,2022,2,Central,54,113.4,54.6,70.8,13.5,65.6,0.2,Unhealthy (sensitive)
2022-02-24,2022,2,Central,46.5,73.5,47.5,,6.9,86.5,2.51,Unhealthy (sensitive)
2022-02-25,2022,2,Central,38.5,67.8,39.2,46.8,19.1,67.1,1.3,Unhealthy (sensitive)
2022-02-26,2022,2,Central,51.9,72.5,42.7,57.9,26.2,77.5,4.24,Unhealthy (sensitive)
2022-02-27,2022,2,Central,34.6,,28,,15.3,99,2.64,Moderate
2022-02-28,2022,2,Central,43.5,71.1,42.6,36.5,20.3,93,4.52,Unhealthy (sensitive)
2022-03-01,2022,3,Central,36.1,50.1,37,,17.6,74.8,4.53,Unhealthy (sensitive)
2022-03-02,2022,3,Central,29.1,47.6,26.9,29.3,21.1,72.9,2.54,Moderate
2022-03-03,2022,3,Central,190.9,,36.2,54.2,18.7,71.9,2.27,Unhealthy
2022-03-04,2022,3,Central,46.3,62,38,50.9,19.1,64,0.2,Unhealthy (sensitive)
2022-03-05,2022,3,Central,51.5,72.5,51.1,26.4,15.2,70,1.84,Unhealthy (sensitive)
2022-03-06,2022,3,Central,54.5,89.1,52.9,,17.6,56.3,2.57,Unhealthy (sensitive)
2022-03-07,2022,3,Central,38,58.6,38.4,,17.7,80.4,4.5,Unhealthy (sensitive)
2022-03-08,2022,3,Central,40.9,72.9,44.8,35.7,21.4,89.9,1.77,Unhealthy (sensitive)
2022-03-09,2022,3,Central,46.6,85.5,44.7,22.4,19.9,98.4,2.68,Unhealthy (sensitive)
2022-03-10,2022,3,Central,18.3,33,19.3,30.2,17.3,53.6,2.71,Moderate
2022-03-11,2022,3,Central,,56.7,44.2,41.3,22.1,60,1.91,
2022-03-12,2022,3,Central,40.2,64.4,43.6,22,20.3,76.3,3.85,Unhealthy (sensitive)
2022-03-13,2022,3,Central,37.1,58.5,32.1,41.3,17.3,80.3,1.77,Unhealthy (sensitive)
2022-03-14,2022,3,Central,51,83.6,51.9,48.6,15.5,79.8,3.98,Unhealthy (sensitive)
2022-03-15,2022,3,Central,52.9,103.3,52.1,73.9,19.8,79.6,0.52,Unhealthy (sensitive)
2022-03-16,2022,3,Central,38.4,81.9,34.6,52.8,18.9,86.8,3.66,Unhealthy (sensitive)
2022-03-17,2022,3,Central,34.7,65.6,37.1,32.8,18.6,85.8,4.81,Moderate
2022-03-18,2022,3,Central,50.8,90.2,49.9,40.7,19.3,77,2.53,Unhealthy (sensitive)
2022-03-19,2022,3,Central,39.4,82.2,43.5,52.1,19.1,82,1.47,Unhealthy (sensitive)
2022-03-20,2022,3,Central,41.3,79.9,42.3,,14.6,56.8,3.2,Unhealthy (sensitive)
2022-03-21,2022,3,Central,40.4,57.7,39,36,15.3,69.7,5.05,Unhealthy (sensitive)
2022-03-22,2022,3,Central,47.1,81.9,49.7,,15.1,85.6,0.64,Unhealthy (sensitive)
2022-03-23,2022,3,Central,39.6,61.8,,32.2,19.8,60.9,0.41,Unhealthy (sensitive)
2022-03-24,2022,3,Central,43.8,72.4,44.9,56.8,19.5,89.9,3.83,Unhealthy (sensitive)
2022-03-25,2022,3,Central,32.4,52.4,33.6,52,18.2,90.4,1.12,Moderate
2022-03-26,2022,3,Central,,88.8,49.5,21.9,20.5,59.8,1.16,
2022-03-27,2022,3,Central,35.9,63,29.3,20.3,18.9,56.5,3.23,Unhealthy (sensitive)
2022-03-28,2022,3,Central,33.1,,31.9,27.6,17.1,54.6,5,Moderate
2022-03-29,2022,3,Central,40.6,78.2,32.4,30.7,24.2,69.5,3.11,Unhealthy (sensitive)
2022-03-30,2022,3,Central,53.3,106.5,52.1,29.1,19,91.4,2.38,Unhealthy (sensitive)
2022-03-31,2022,3,Central,32.9,54.8,35.8,53.3,18.8,84.5,4.3,Moderate
2022-04-01,2022,4,Central,40.2,78.6,39.9,59.6,20.2,60.7,0.69,Unhealthy (sensitive)
2022-04-02,2022,4,Central,38.6,56.3,37,54.5,17.6,76.5,4.54,Unhealthy (sensitive)
2022-04-03,2022,4,Central,32,45.2,35.1,17.4,18.2,77.1,3.41,Moderate
2022-04-04,2022,4,Central,36.9,60,29.5,46.3,16.8,67.8,2.48,Unhealthy (sensitive)
2022-04-05,2022,4,Central,38.3,62.5,40.1,31.3,26.3,47.9,1.04,Unhealthy (sensitive)
2022-04-06,2022,4,Central,42.6,81.6,,62.5,16.6,63,5.02,Unhealthy (sensitive)
2022-04-07,2022,4,Central,26.1,47.1,29,20.1,14.5,86.4,4.47,Moderate
2022-04-08,2022,4,Central,16.2,26.1,20,15.8,22.3,74.7,1.35,Moderate
2022-04-09,2022,4,Central,29,42.6,31,42,20.9,62.3,3.32,Moderate
2022-04-10,2022,4,Central,47.8,88.2,39.9,44.3,18.8,82.4,6.21,Unhealthy (sensitive)
2022-04-11,2022,4,Central,29,56.2,28.2,,,66,1.43,Moderate
2022-04-12,2022,4,Central,,65,,38.9,,57.7,0.72,
2022-04-13,2022,4,Central,30.1,60.6,26.3,37.2,16.5,62.8,2.94,Moderate
2022-04-14,2022,4,Central,35.6,54.7,28.6,44.8,17.1,82.1,3.48,Unhealthy (sensitive)
2022-04-15,2022,4,Central,50.6,72.6,40.5,,22.7,68,2.86,Unhealthy (sensitive)
2022-04-16,2022,4,Central,28.7,52.5,28.1,40.1,16.7,68.6,2.2,Moderate
2022-04-17,2022,4,Central,28,45.3,33,,26.9,68.5,3.21,Moderate
2022-04-18,2022,4,Central,,54.1,32.4,56.9,20.8,66.8,4.81,
2022-04-19,2022,4,Central,38.2,64.5,37,26.1,19.4,73.4,4.04,Unhealthy (sensitive)
2022-04-20,2022,4,Central,15.2,30.5,22.5,77.4,20.1,47.4,2.13,Moderate
2022-04-21,2022,4,Central,42.5,69.4,33.3,62.3,23.1,60.6,4.02,Unhealthy (sensitive)
2022-04-22,2022,4,Central,39.7,73.4,37.7,43.8,20.5,45.4,3.49,Unhealthy (sensitive)
2022-04-23,2022,4,Central,32.8,60.1,30,40,20.8,63.9,2.87,Moderate
2022-04-24,2022,4,Central,,46,26.6,40.8,23.2,44.3,3.25,
2022-04-25,2022,4,Central,43.2,,35.7,45.3,,63.5,2.52,Unhealthy (sensitive)
2022-04-26,2022,4,Central,35.4,73.7,35.2,40.3,25.3,65.8,3.55,Unhealthy (sensitive)
2022-04-27,2022,4,Central,46.9,75.4,48.9,50.9,18.5,79.9,3.1,Unhealthy (sensitive)
2022-04-28,2022,4,Central,,79.9,44.9,,21.5,74.3,3.51,
2022-04-29,2022,4,Central,42.2,,,38.9,23.5,78.6,3.67,Unhealthy (sensitive)
2022-04-30,2022,4,Central,32.5,47.2,32.5,45.1,19.3,52.4,2.13,Moderate
2022-05-01,2022,5,Central,55.2,,42.5,66.5,29.2,60.3,4.61,Unhealthy
2022-05-02,2022,5,Central,,64.4,32.6,55.2,24.8,83.6,5.79,
2022-05-03,2022,5,Central,,58.5,32.7,66.4,25,86.2,4.05,
2022-05-04,2022,5,Central,,84.4,40.8,50.6,15.7,47.2,2.23,
2022-05-05,2022,5,Central,,33.6,22,42.4,22.8,59.7,3.61,
2022-05-06,2022,5,Central,,48.2,25.3,67.9,27.5,70.4,4.33,
2022-05-07,2022,5,Central,,23.5,15.4,,24.3,65.5,2.42,
2022-05-08,2022,5,Central,,,40.6,80.5,21.2,51.3,2.15,
2022-05-09,2022,5,Central,,67.4,28.2,50.6,23.7,60.6,4.78,
2022-05-10,2022,5,Central,,49.6,31.8,46.5,26.5,76.2,3.52,
2022-05-11,2022,5,Central,,30.3,26.9,39.6,23.7,75.3,2.27,
2022-05-12,2022,5,Central,,58.6,28.7,50.9,23.4,76.4,3.16,
2022-05-13,2022,5,Central,37.9,61,35.2,42.7,24,65.7,1.6,Unhealthy (sensitive)
2022-05-14,2022,5,Central,21.5,54.5,20.6,50.4,20.1,61.4,5,Moderate
2022-05-15,2022,5,Central,44.3,,,27.3,25.7,78.9,2.24,Unhealthy (sensitive)
2022-05-16,2022,5,Central,33.5,53,35.7,51.2,,66.2,4.13,Moderate
2022-05-17,2022,5,Central,9.5,14.3,16.7,52.3,28.3,58.2,5.92,Good
2022-05-18,2022,5,Central,41.6,73.8,39,53.3,20.7,50,1.98,Unhealthy (sensitive)
2022-05-19,2022,5,Central,32.7,56.4,28.8,42.8,23.9,57.2,5.14,Moderate
2022-05-20,2022,5,Central,29.6,54.1,29.1,30.9,28.6,70.1,3.31,Moderate
2022-05-21,2022,5,Central,35.7,69.4,29.9,45.5,24.2,56.6,3.49,Unhealthy (sensitive)
2022-05-22,2022,5,Central,24.3,34.2,24.9,51.3,25.3,75,2.21,Moderate
2022-05-23,2022,5,Central,31,30.5,31.6,37.4,25.4,53.1,2.93,Moderate
2022-05-24,2022,5,Central,,37.6,23.3,64.4,24.6,63.4,2.85,
2022-05-25,2022,5,Central,34.6,56.1,29.2,39.4,22.6,80.9,4.81,Moderate
2022-05-26,2022,5,Central,30.5,55.5,35.7,51.1,20.9,76.2,5.78,Moderate
2022-05-27,2022,5,Central,,24.5,20.7,50.6,31.1,57,3.82,
2022-05-28,2022,5,Central,22.8,47.5,21.1,35,23.6,51.9,3.02,Moderate
2022-05-29,2022,5,Central,12.8,19.3,18.8,50,26.1,64.7,4.5,Moderate
2022-05-30,2022,5,Central,26.5,53.2,25.5,15.9,18.7,57.7,1.79,Moderate
2022-05-31,2022,5,Central,37.9,72.6,34.1,27.1,25.3,73.6,5.17,Unhealthy (sensitive)
2022-06-01,2022,6,Central,,46.6,26.1,58.1,24,75.7,2.25,
2022-06-02,2022,6,Central,5,6,13.6,73.7,30,60.4,3.74,Good
2022-06-03,2022,6,Central,,64.5,33.2,33.6,33,56.4,4.52,
2022-06-04,2022,6,Central,34.1,62.4,28,45.3,24.3,86.3,4.27,Moderate
2022-06-05,2022,6,Central,26.7,33.6,23.7,62.4,26.7,80.4,4.63,Moderate
2022-06-06,2022,6,Central,28.7,53.5,26.8,49,30.3,55.8,1.86,Moderate
2022-06-07,2022,6,Central,12.8,20.4,15.4,53.4,23.3,72.3,5.8,Moderate
2022-06-08,2022,6,Central,30.7,49,34.8,61.8,25,76.9,2.18,Moderate
2022-06-09,2022,6,Central,36.4,61.4,33.5,57.3,24.4,66.8,3.43,Unhealthy (sensitive)
2022-06-10,2022,6,Central,35.3,46,37.9,43.6,25.3,73.7,5.68,Unhealthy (sensitive)
2022-06-11,2022,6,Central,19.2,27.4,22.5,57.2,25.2,61.4,2.24,Moderate
2022-06-12,2022,6,Central,28.6,54.7,33.6,49.7,,76.4,3.26,Moderate
2022-06-13,2022,6,Central,18.4,25.2,22.9,44.8,25.8,65.7,4.12,Moderate
2022-06-14,2022,6,Central,28.9,46.7,33.2,52.1,28.3,65.5,5.28,Moderate
2022-06-15,2022,6,Central,9.4,24.8,16.1,56.9,24.3,78.6,3.38,Good
2022-06-16,2022,6,Central,27.7,56.7,32,61.5,26.5,63.5,4.66,Moderate
2022-06-17,2022,6,Central,14.5,23.4,22,39.1,32.1,51.8,5.2,Moderate
2022-06-18,2022,6,Central,27.4,36.8,28.9,38.1,27.7,71.4,3.66,Moderate
2022-06-19,2022,6,Central,18.7,28,24.3,64.8,29,74.2,1.88,Moderate
2022-06-20,2022,6,Central,9.2,19.7,13.5,56.3,26.2,54.8,3.42,Good
2022-06-21,2022,6,Central,21.6,42,23.6,54.2,26.5,66.6,3.89,Moderate
2022-06-22,2022,6,Central,,34.3,21.3,38.6,25.4,61.1,0.91,
2022-06-23,2022,6,Central,41.6,93.2,45.2,42.2,23.4,75.3,4.75,Unhealthy (sensitive)
2022-06-24,2022,6,Central,18.8,29.8,25.1,42.9,27.3,71.8,2.57,Moderate
2022-06-25,2022,6,Central,32.2,52.4,34.4,38.2,25.8,62.1,3.15,Moderate
2022-06-26,2022,6,Central,3.2,11.6,9.1,69.7,25.7,71.5,4.29,Good
2022-06-27,2022,6,Central,26.6,56.9,31,44.1,25.1,52.4,4.81,Moderate
2022-06-28,2022,6,Central,23.7,34.1,23.8,52.3,25.9,81.5,1.53,Moderate
2022-06-29,2022,6,Central,35.7,,38.3,46.6,33.1,60.1,4.24,Unhealthy (sensitive)
2022-06-30,2022,6,Central,,56,41.9,57.2,28,61.8,2.51,
2022-07-01,2022,7,Central,20.8,50.5,20.3,53.1,22.5,75,3.38,Moderate
2022-07-02,2022,7,Central,,60.1,33.6,52,31.6,53.7,2.95,
2022-07-03,2022,7,Central,,44,26.8,44.3,22.1,73.7,1.34,
2022-07-04,2022,7,Central,11.2,11,15.1,55.9,30.2,66.3,3.06,Good
2022-07-05,2022,7,Central,17,40.3,22.5,,30.4,66.2,2.22,Moderate
2022-07-06,2022,7,Central,,76.7,41.1,68.1,25.8,53.9,3.19,
2022-07-07,2022,7,Central,,71.7,36.5,11.2,29.1,78.8,5.1,
2022-07-08,2022,7,Central,40.5,72.5,36.2,26.9,24.7,83.4,4.12,Unhealthy (sensitive)
2022-07-09,2022,7,Central,39.4,75.9,,53.8,25.7,40.6,2.25,Unhealthy (sensitive)
2022-07-10,2022,7,Central,29.6,43.8,29.8,51.3,34.6,64.9,4.71,Moderate
2022-07-11,2022,7,Central,23,53.9,27.4,,26.7,59.5,2.45,Moderate
2022-07-12,2022,7,Central,37,,39.5,49.9,30.7,72.9,1.21,Unhealthy (sensitive)
2022-07-13,2022,7,Central,26.6,36.7,26.8,,28.1,68.8,3.76,Moderate
2022-07-14,2022,7,Central,22.4,34.9,26.4,63.4,24.2,78.6,2.97,Moderate
2022-07-15,2022,7,Central,28.4,51.3,24.4,43.8,34.2,35.7,2.22,Moderate
2022-07-16,2022,7,Central,38.9,76.5,37.1,,30.2,63.8,1.75,Unhealthy (sensitive)
2022-07-17,2022,7,Central,21.8,49.8,21.5,74.7,27.3,84.5,3.92,Moderate
2022-07-18,2022,7,Central,20.8,32.4,23.4,83.6,32.6,54.1,0.2,Moderate
2022-07-19,2022,7,Central,30.6,64.4,30.9,55.6,30.2,71.7,5.41,Moderate
2022-07-20,2022,7,Central,,41.1,26.8,37.6,26.4,77.3,2.57,
2022-07-21,2022,7,Central,41.5,88.8,37.7,,21.9,55.3,3.74,Unhealthy (sensitive)
2022-07-22,2022,7,Central,,56.5,,46.6,22,48.7,3.77,
2022-07-23,2022,7,Central,26.3,50,29.6,47.5,25.2,64.6,4.03,Moderate
2022-07-24,2022,7,Central,9.8,11.2,14.1,30.7,30,54.3,4.14,Good
2022-07-25,2022,7,Central,,93.6,46.6,27,22.3,76.4,1.54,
2022-07-26,2022,7,Central,27.6,42.8,31.6,66.9,31.1,80.3,0.31,Moderate
2022-07-27,2022,7,Central,27.5,39,25.7,49.3,,72.6,2.44,Moderate
2022-07-28,2022,7,Central,30.5,49.5,34.1,67.5,27.1,63.9,2.42,Moderate
2022-07-29,2022,7,Central,23.6,32.8,23,49.6,29.9,61.5,5.44,Moderate
2022-07-30,2022,7,Central,30.3,42.3,30.2,34.9,,53.4,3.25,Moderate
2022-07-31,2022,7,Central,37.7,72.6,39,42.6,33.2,63.7,3.23,Unhealthy (sensitive)
2022-08-01,2022,8,Central,,61.4,32.3,,28.1,74.2,6.38,
2022-08-02,2022,8,Central,12.8,18.1,18.5,49,27.9,55.3,4.28,Moderate
2022-08-03,2022,8,Central,26.6,31.7,30.2,66.1,27,69.4,2.78,Moderate
2022-08-04,2022,8,Central,37.9,64.3,40.8,,26.6,64.9,5.73,Unhealthy (sensitive)
2022-08-05,2022,8,Central,18.9,30.8,21.2,54.5,23.1,50.4,3.39,Moderate
2022-08-06,2022,8,Central,,42.4,26.4,57,32,73.1,3.33,
2022-08-07,2022,8,Central,44.3,75.2,40.7,55.6,24.1,53.1,5.37,Unhealthy (sensitive)
2022-08-08,2022,8,Central,38.8,84,42.8,41.5,22.7,86.9,4.06,Unhealthy (sensitive)
2022-08-09,2022,8,Central,,152.7,25.3,61.6,23.3,66.7,4.67,
2022-08-10,2022,8,Central,39.4,60.7,31,69,30,57.6,2.07,Unhealthy (sensitive)
2022-08-11,2022,8,Central,36.9,62.5,35.6,56.3,24.9,69,3.44,Unhealthy (sensitive)
2022-08-12,2022,8,Central,22.5,,23.7,58.4,28.5,69.4,1.57,Moderate
2022-08-13,2022,8,Central,27.2,63.3,27.7,55.2,25.9,72,4.02,Moderate
2022-08-14,2022,8,Central,45.4,90.1,39.3,62.7,23.2,66,5.6,Unhealthy (sensitive)
2022-08-15,2022,8,Central,13.6,27,16.6,61.4,26.3,66.3,3.8,Moderate
2022-08-16,2022,8,Central,34.9,77.5,32.8,62,26.1,66.2,4.01,Moderate
2022-08-17,2022,8,Central,43.9,83.1,43,41.3,30.2,79.6,1.3,Unhealthy (sensitive)
2022-08-18,2022,8,Central,31.3,40.9,34.3,51.6,29.3,80.3,3.64,Moderate
2022-08-19,2022,8,Central,30.4,46,34.9,67.2,26,62.2,3.85,Moderate
2022-08-20,2022,8,Central,28.7,50.8,31.9,51.3,,59,3.21,Moderate
2022-08-21,2022,8,Central,22.4,23,25.4,46.3,25.7,71,3.83,Moderate
2022-08-22,2022,8,Central,28.3,58.2,30.3,62.4,28,43.3,3.66,Moderate
2022-08-23,2022,8,Central,,34.5,25.2,63,21.8,72.6,4.48,
2022-08-24,2022,8,Central,40.2,60.9,43.9,39.7,24.8,66,0.2,Unhealthy (sensitive)
2022-08-25,2022,8,Central,42.2,59.4,33.5,,21.9,49.5,3.91,Unhealthy (sensitive)
2022-08-26,2022,8,Central,,45.9,33.6,55.7,26.9,80.2,4.77,
2022-08-27,2022,8,Central,30.5,55.1,30.1,40.9,22.8,61.5,0.41,Moderate
2022-08-28,2022,8,Central,24.1,34.2,22.2,54.7,20.2,70.1,1.72,Moderate
2022-08-29,2022,8,Central,38.4,63.3,36.6,57.4,22.5,51.9,4.43,Unhealthy (sensitive)
2022-08-30,2022,8,Central,28.6,40.6,32.8,40.9,27.9,71.6,1.03,Moderate
2022-08-31,2022,8,Central,30.4,61.1,29.4,39.6,26.6,64.6,4.21,Moderate
2022-09-01,2022,9,Central,35.5,,36,46.6,19.6,59,2.04,Unhealthy (sensitive)
2022-09-02,2022,9,Central,37.8,76.5,36.7,55,27.9,72.1,1.49,Unhealthy (sensitive)
2022-09-03,2022,9,Central,41.3,72.5,39,35.5,23.6,55.4,2.82,Unhealthy (sensitive)
2022-09-04,2022,9,Central,39.3,68,34.8,,28.3,74.6,4.26,Unhealthy (sensitive)
2022-09-05,2022,9,Central,39.3,,33.1,44.4,,65.9,3.69,Unhealthy (sensitive)
2022-09-06,2022,9,Central,216.1,229.9,31.2,36.6,20.9,74.7,1.63,Unhealthy
2022-09-07,2022,9,Central,32.6,43.8,,61.5,20.6,68.7,3.23,Moderate
2022-09-08,2022,9,Central,36.5,54.8,32,51.1,21.4,53.8,6.07,Unhealthy (sensitive)
2022-09-09,2022,9,Central,,114.9,56.3,40.2,19.5,69.1,4.79,
2022-09-10,2022,9,Central,35.6,51.8,33.8,42.2,27.9,86.5,0.2,Unhealthy (sensitive)
2022-09-11,2022,9,Central,24.3,52,23.7,35,22.3,76.8,3.67,Moderate
2022-09-12,2022,9,Central,32.3,44.2,29.5,47.2,20.4,98.3,1.38,Moderate
2022-09-13,2022,9,Central,17.7,28.2,18,62.3,22.9,80.7,0.2,Moderate
2022-09-14,2022,9,Central,31.6,50.8,,41.6,18.4,64.2,2.05,Moderate
2022-09-15,2022,9,Central,40,70.3,,37.5,20.2,57.9,3.19,Unhealthy (sensitive)
2022-09-16,2022,9,Central,31.3,60.1,31.8,43.7,19.9,71.2,3.28,Moderate
2022-09-17,2022,9,Central,,73.2,,50.8,23.6,69,4.39,
2022-09-18,2022,9,Central,54.1,94.7,55.4,38.9,15.9,65.2,5.89,Unhealthy (sensitive)
2022-09-19,2022,9,Central,41.6,90.6,42.6,67.2,27.2,88.7,4.76,Unhealthy (sensitive)
2022-09-20,2022,9,Central,,55.7,33.3,31.5,23.1,74,2.07,
2022-09-21,2022,9,Central,32.5,51.9,36.7,24.7,27,77.7,2.27,Moderate
2022-09-22,2022,9,Central,,93.1,40.1,37.3,22.5,55.7,3.06,
2022-09-23,2022,9,Central,22.4,27.2,22.8,39.1,20.6,74,3.65,Moderate
2022-09-24,2022,9,Central,43.6,,42.9,,17.7,84.4,4.36,Unhealthy (sensitive)
2022-09-25,2022,9,Central,15.4,23.8,16.8,35,22.8,68.2,5.23,Moderate
2022-09-26,2022,9,Central,41.7,77.2,35.8,54.6,18.8,72.8,3.85,Unhealthy (sensitive)
2022-09-27,2022,9,Central,42.3,87.4,38.3,,21.1,64.3,2.91,Unhealthy (sensitive)
2022-09-28,2022,9,Central,34.4,53.9,38.2,,15.5,76,1.75,Moderate
2022-09-29,2022,9,Central,12.2,26.9,18,50.9,24.6,89.3,3.8,Moderate
2022-09-30,2022,9,Central,41.9,60.7,36.7,24.2,28.8,77.1,2.34,Unhealthy (sensitive)
2022-10-01,2022,10,Central,40.9,71,37.3,72.9,25.1,64.4,2.32,Unhealthy (sensitive)
2022-10-02,2022,10,Central,46.8,77.3,49.7,38.8,23.7,67.7,2.02,Unhealthy (sensitive)
2022-10-03,2022,10,Central,27.3,42.4,24.2,53.2,15.2,65.1,2.05,Moderate
2022-10-04,2022,10,Central,39.4,49.6,41.2,47.9,16.5,68.3,2.91,Unhealthy (sensitive)
2022-10-05,2022,10,Central,29.8,54.7,28.9,47.9,18.4,83.5,2.15,Moderate
2022-10-06,2022,10,Central,,54.8,32.3,34.2,20,60.4,5.6,
2022-10-07,2022,10,Central,39.2,77.8,34.5,23.9,16.2,58.3,3.4,Unhealthy (sensitive)
2022-10-08,2022,10,Central,39.1,75.6,31.1,52.9,20.7,68.3,1.83,Unhealthy (sensitive)
2022-10-09,2022,10,Central,57.5,122.9,52.7,61,17.3,65.1,5.44,Unhealthy
2022-10-10,2022,10,Central,34.6,,,53.1,23.7,52.3,3.24,Moderate
2022-10-11,2022,10,Central,40.9,57.1,,33.3,15.2,56.5,2.73,Unhealthy (sensitive)
2022-10-12,2022,10,Central,37.1,,31.6,32.8,20.2,68.9,2.26,Unhealthy (sensitive)
2022-10-13,2022,10,Central,33.5,59,35.4,45.8,17.4,61.8,0.2,Moderate
2022-10-14,2022,10,Central,45.8,93.6,36.4,60.6,17.9,77.9,0.56,Unhealthy (sensitive)
2022-10-15,2022,10,Central,64.1,90.8,48,31.3,22.9,88.3,1.99,Unhealthy
2022-10-16,2022,10,Central,49.6,88,41.7,27.3,20.7,76.5,2.27,Unhealthy (sensitive)
2022-10-17,2022,10,Central,44.4,80.5,41.1,30.7,19.4,74.3,4.46,Unhealthy (sensitive)
2022-10-18,2022,10,Central,16.7,35.6,21.1,48.6,17.4,71.3,2.87,Moderate
2022-10-19,2022,10,Central,28.2,41.6,,36.6,23,76.4,1.02,Moderate
2022-10-20,2022,10,Central,33.5,56.4,33.1,35.1,22.9,64.3,4.57,Moderate
2022-10-21,2022,10,Central,,70.2,32.3,28.4,19.8,76.1,1.94,
2022-10-22,2022,10,Central,,,30.4,33.7,22.1,87.5,3.42,
2022-10-23,2022,10,Central,26,53.4,27.5,44.9,21.4,89,3.63,Moderate
2022-10-24,2022,10,Central,34.4,62.3,29.7,51.9,20.7,96.3,0.64,Moderate
2022-10-25,2022,10,Central,,56.7,27.3,59.9,19.7,74.4,3.75,
2022-10-26,2022,10,Central,60.7,93.3,58,36.2,17.3,81,1.61,Unhealthy
2022-10-27,2022,10,Central,34.5,74.7,33.4,,21.8,71.4,0.2,Moderate
2022-10-28,2022,10,Central,40.4,72.2,33.9,29.8,13.1,78.9,2.73,Unhealthy (sensitive)
2022-10-29,2022,10,Central,51,,44.1,40.3,,87.2,1.27,Unhealthy (sensitive)
2022-10-30,2022,10,Central,,58.8,32.7,33.2,17.2,76.2,1.07,
2022-10-31,2022,10,Central,41.9,60.1,41.8,26.3,19,76.8,1.3,Unhealthy (sensitive)
2022-11-01,2022,11,Central,50.3,75.6,48.1,36.2,12.3,78.9,2.86,Unhealthy (sensitive)
2022-11-02,2022,11,Central,49.5,67.5,37.7,24.7,18.6,60.2,3.15,Unhealthy (sensitive)
2022-11-03,2022,11,Central,,108,54.7,,16.1,69.1,0.2,
2022-11-04,2022,11,Central,53.7,90.7,41.3,27.8,12.8,79.4,0.52,Unhealthy (sensitive)
2022-11-05,2022,11,Central,41.9,84.2,36.6,45,14.1,69.6,1.74,Unhealthy (sensitive)
2022-11-06,2022,11,Central,36.7,60,38.4,35.5,17,62.9,2.32,Unhealthy (sensitive)
2022-11-07,2022,11,Central,31.9,55.1,36.2,36.1,,80.5,0.99,Moderate
2022-11-08,2022,11,Central,,101.4,65.8,53.3,20.2,82.8,3.88,
2022-11-09,2022,11,Central,41,57.9,41.5,32.1,19.6,80.6,4.29,Unhealthy (sensitive)
2022-11-10,2022,11,Central,40.7,81.3,40.9,39.3,18.2,66,2.88,Unhealthy (sensitive)
2022-11-11,2022,11,Central,35,60.2,37.3,,14.4,62,3.34,Moderate
2022-11-12,2022,11,Central,,93.8,49.2,29.9,21.3,82.8,3.7,
2022-11-13,2022,11,Central,53.3,,55.1,54,17.5,76,1.52,Unhealthy (sensitive)
2022-11-14,2022,11,Central,47.1,75.1,50.2,35.3,14.9,74.1,3.24,Unhealthy (sensitive)
2022-11-15,2022,11,Central,46.8,72,,57.6,18.5,84,2.69,Unhealthy (sensitive)
2022-11-16,2022,11,Central,33.5,61,29.1,,17.9,94.1,2.58,Moderate
2022-11-17,2022,11,Central,41.2,53.7,42.2,49.9,16.8,70.5,2.93,Unhealthy (sensitive)
2022-11-18,2022,11,Central,32.3,48.7,35.1,,15.5,78.4,3.04,Moderate
2022-11-19,2022,11,Central,47.1,62.6,39.7,28.7,12.3,89.9,0.8,Unhealthy (sensitive)
2022-11-20,2022,11,Central,34,46.4,38.1,6,14.8,98.5,2.87,Moderate
2022-11-21,2022,11,Central,46.1,84,40.9,16.7,15.5,73.7,4.41,Unhealthy (sensitive)
2022-11-22,2022,11,Central,49.3,89.7,,45,18.2,55.3,1.64,Unhealthy (sensitive)
2022-11-23,2022,11,Central,43.1,83.7,37,,16.7,81.9,1.92,Unhealthy (sensitive)
2022-11-24,2022,11,Central,41.7,80.9,36,36.2,15.8,82.9,3.04,Unhealthy (sensitive)
2022-11-25,2022,11,Central,58.9,88,56.6,27.7,8.4,64.1,1.89,Unhealthy
2022-11-26,2022,11,Central,43.6,61.6,45.9,30.3,14.4,92,4.61,Unhealthy (sensitive)
2022-11-27,2022,11,Central,,65.5,40.7,52.7,12.8,86,3.22,
2022-11-28,2022,11,Central,44.8,68.4,34.7,25.9,15.6,86.4,5.54,Unhealthy (sensitive)
2022-11-29,2022,11,Central,38.2,,42.4,42.9,12.1,73.7,1.45,Unhealthy (sensitive)
2022-11-30,2022,11,Central,41,65.7,38,38.8,12.8,81.9,0.2,Unhealthy (sensitive)
2022-12-01,2022,12,Central,,106.2,50.3,32.9,6.3,57.5,3.6,
2022-12-02,2022,12,Central,39.2,58.1,39.7,46.6,21.7,68.1,2.65,Unhealthy (sensitive)
2022-12-03,2022,12,Central,29.7,43.3,28.4,48,19.9,87.1,0.4,Moderate
2022-12-04,2022,12,Central,51.1,85.6,43.6,6,19.9,81,1.64,Unhealthy (sensitive)
2022-12-05,2022,12,Central,52,,52.2,23.8,12.2,92.3,1.04,Unhealthy (sensitive)
2022-12-06,2022,12,Central,57.7,,57.2,55.4,17.8,60.8,3.89,Unhealthy
2022-12-07,2022,12,Central,38.4,46.4,,36.8,14.5,88.1,2.34,Unhealthy (sensitive)
2022-12-08,2022,12,Central,38.3,68.9,31,36.2,12.9,80,4.12,Unhealthy (sensitive)
2022-12-09,2022,12,Central,40.6,75.9,37.1,45.9,15.8,62.9,4.72,Unhealthy (sensitive)
2022-12-10,2022,12,Central,49.4,90.7,41.7,19.8,12.4,82.1,1.58,Unhealthy (sensitive)
2022-12-11,2022,12,Central,47.6,80.1,42.1,32.8,9.9,74.7,2.08,Unhealthy (sensitive)
2022-12-12,2022,12,Central,62.9,89,56.3,40.7,24.2,85.7,1.31,Unhealthy
2022-12-13,2022,12,Central,49.2,80.4,44.8,54.4,9,89.6,1.78,Unhealthy (sensitive)
2022-12-14,2022,12,Central,64.4,99.3,61.3,13.1,16.6,84.4,1.2,Unhealthy
2022-12-15,2022,12,Central,40,69.1,,12.1,17.5,73.7,2.18,Unhealthy (sensitive)
2022-12-16,2022,12,Central,,85.7,51.2,,12,97.5,2.24,
2022-12-17,2022,12,Central,43.7,63.3,39.2,,14.9,71.5,2.92,Unhealthy (sensitive)
2022-12-18,2022,12,Central,46,64,46.2,38,,71.2,0.34,Unhealthy (sensitive)
2022-12-19,2022,12,Central,34.7,59.7,28.9,42.5,7.8,73.4,1.28,Moderate
2022-12-20,2022,12,Central,46.4,67.8,45.2,45.2,16.8,95.8,0.88,Unhealthy (sensitive)
2022-12-21,2022,12,Central,,77.4,42,41.1,22,56,1.41,
2022-12-22,2022,12,Central,,90.3,51,12.9,15.8,77.4,0.85,
2022-12-23,2022,12,Central,51.9,92.7,,13.6,17,91.8,1.74,Unhealthy (sensitive)
2022-12-24,2022,12,Central,41.9,,,48.8,18.4,83.1,0.53,Unhealthy (sensitive)
2022-12-25,2022,12,Central,66.2,110.4,54.8,40.9,13.3,78.9,1.36,Unhealthy
2022-12-26,2022,12,Central,68.6,,50,11.5,12.2,82.2,0.2,Unhealthy
2022-12-27,2022,12,Central,56.6,97.8,42.5,58.7,15,78.3,2.95,Unhealthy
2022-12-28,2022,12,Central,52.5,77.4,48.1,26.3,12.1,85.1,1.66,Unhealthy (sensitive)
2022-12-29,2022,12,Central,41.1,53.2,44.2,25,12.2,87.8,3.35,Unhealthy (sensitive)
2022-12-30,2022,12,Central,50.2,85.7,46.6,33.7,15,86.1,2.11,Unhealthy (sensitive)
2022-12-31,2022,12,Central,64.6,94.9,53.4,50.4,14.8,67.8,1.94,Unhealthy
2023-01-01,2023,1,Central,36,54.8,35.5,,15.2,90.8,3.1,Unhealthy (sensitive)
2023-01-02,2023,1,Central,60.2,99.1,58.9,53.4,10.6,65.3,1.41,Unhealthy
2023-01-03,2023,1,Central,43.9,78.7,33.9,53.9,19.9,81.3,4.63,Unhealthy (sensitive)
2023-01-04,2023,1,Central,60.8,103.3,44.2,32.7,14.4,52.2,0.2,Unhealthy
2023-01-05,2023,1,Central,44.2,67.1,37,41.2,16.3,83.4,0.2,Unhealthy (sensitive)
2023-01-06,2023,1,Central,32.1,43.3,33.4,31.7,12.5,84.3,5.27,Moderate
2023-01-07,2023,1,Central,42.5,93.7,39,,14.6,56.4,4.04,Unhealthy (sensitive)
2023-01-08,2023,1,Central,,86.7,47.8,39.8,11.9,67.9,0.97,
2023-01-09,2023,1,Central,,59.3,44,,22.4,94.6,4.59,
2023-01-10,2023,1,Central,,114.2,51.2,31.1,11.1,88.9,5.17,
2023-01-11,2023,1,Central,54.5,69.2,42.2,63.6,14.2,73.3,2.15,Unhealthy (sensitive)
2023-01-12,2023,1,Central,66.9,128.3,66.3,18.5,20.9,69.2,2.37,Unhealthy
2023-01-13,2023,1,Central,,68.1,42.7,16.1,12.3,86.1,1.94,
2023-01-14,2023,1,Central,26.6,44.7,30.7,32.5,11.5,66.9,1.78,Moderate
2023-01-15,2023,1,Central,54.6,113.5,45,54.8,14.3,75.6,1.93,Unhealthy (sensitive)
2023-01-16,2023,1,Central,50.8,76.7,53.5,30.9,15.7,73.5,0.2,Unhealthy (sensitive)
2023-01-17,2023,1,Central,41.1,61.1,38,32.1,8.5,71.3,2.5,Unhealthy (sensitive)
2023-01-18,2023,1,Central,39.7,69.3,34.2,43.3,19.5,71.4,2,Unhealthy (sensitive)
2023-01-19,2023,1,Central,51,66.3,50,24.9,15.7,72.5,2.7,Unhealthy (sensitive)
2023-01-20,2023,1,Central,37.4,57.8,32.3,24.5,11.9,62.4,3.2,Unhealthy (sensitive)
2023-01-21,2023,1,Central,57.8,117.6,56.6,36.8,15.5,89.6,2.14,Unhealthy
2023-01-22,2023,1,Central,36.3,71.2,37.3,34.4,13,78.2,3.5,Unhealthy (sensitive)
2023-01-23,2023,1,Central,45.4,95.8,35.7,24.3,16.8,81.1,2.57,Unhealthy (sensitive)
2023-01-24,2023,1,Central,54.3,106.9,44.6,28.4,14.2,79.2,1.73,Unhealthy (sensitive)
2023-01-25,2023,1,Central,55,,48.8,14.9,18.9,52.8,1.89,Unhealthy (sensitive)
2023-01-26,2023,1,Central,52.4,100.2,47.3,36.7,13.6,78.8,1.86,Unhealthy (sensitive)
2023-01-27,2023,1,Central,26.5,48.5,30.8,29.8,13.3,71.3,3.32,Moderate
2023-01-28,2023,1,Central,53.1,,52.1,64.1,17.7,67,0.8,Unhealthy (sensitive)
2023-01-29,2023,1,Central,45.8,61.5,45.9,37.9,14.6,80.3,0.2,Unhealthy (sensitive)
2023-01-30,2023,1,Central,53.6,102,53.8,29.1,14.2,67.1,3.43,Unhealthy (sensitive)
2023-01-31,2023,1,Central,48.8,,50.2,39.9,15.7,99,1.86,Unhealthy (sensitive)
2023-02-01,2023,2,Central,52.9,85.7,48.6,40.8,15.2,69.8,4.19,Unhealthy (sensitive)
2023-02-02,2023,2,Central,47.3,89.3,48.6,29.7,13,76.2,0.2,Unhealthy (sensitive)
2023-02-03,2023,2,Central,,96.8,43.2,36.1,20.4,78.2,1.52,
2023-02-04,2023,2,Central,34.5,54.6,35.1,35,11.4,78.3,2.69,Moderate
2023-02-05,2023,2,Central,42.3,65.2,40.3,59,15.6,85.2,4.77,Unhealthy (sensitive)
2023-02-06,2023,2,Central,61.7,106.1,60.2,35.9,11.5,90.8,1.51,Unhealthy
2023-02-07,2023,2,Central,53.3,,50.8,,22.9,57.8,2.31,Unhealthy (sensitive)
2023-02-08,2023,2,Central,44.9,85.7,37.5,52,15,74.3,4.06,Unhealthy (sensitive)
2023-02-09,2023,2,Central,44.6,85.5,38.1,19.5,16.1,77.4,1.23,Unhealthy (sensitive)
2023-02-10,2023,2,Central,60,98.9,52.3,22.8,17.8,75.1,0.2,Unhealthy
2023-02-11,2023,2,Central,42.9,84.3,44.2,63.9,16.2,63.5,4.31,Unhealthy (sensitive)
2023-02-12,2023,2,Central,42.6,60.3,43,,11.8,75.9,0.82,Unhealthy (sensitive)
2023-02-13,2023,2,Central,,77.5,36.2,23.9,12.9,73.9,5.23,
2023-02-14,2023,2,Central,31.7,,33.6,32.5,13.4,70.5,3.84,Moderate
2023-02-15,2023,2,Central,43.8,79.3,45.3,40.5,14.1,80.4,0.82,Unhealthy (sensitive)
2023-02-16,2023,2,Central,41.6,57.5,41.7,,15.2,70.6,3.53,Unhealthy (sensitive)
2023-02-17,2023,2,Central,34.2,63.8,35.6,54.2,12.4,80.2,2.36,Moderate
2023-02-18,2023,2,Central,49.8,106.1,51.7,25.5,19.6,54.9,3.55,Unhealthy (sensitive)
2023-02-19,2023,2,Central,28.2,,24.8,45.3,7.9,77.1,0.88,Moderate
2023-02-20,2023,2,Central,45.4,71.7,42.8,38.5,13.8,71.7,4.29,Unhealthy (sensitive)
2023-02-21,2023,2,Central,61,128.1,56,33.9,14.8,84.3,2.45,Unhealthy
2023-02-22,2023,2,Central,31.8,57.3,37,,18.4,76.3,1.78,Moderate
2023-02-23,2023,2,Central,40.3,78.4,42.3,42.2,19.6,63.9,3,Unhealthy (sensitive)
2023-02-24,2023,2,Central,49.1,97,,47.9,22.4,90,1.3,Unhealthy (sensitive)
2023-02-25,2023,2,Central,212.1,272.1,36.2,56.3,19.4,76.8,4.92,Unhealthy
2023-02-26,2023,2,Central,52,77.1,53.3,40.7,16,78.9,1.49,Unhealthy (sensitive)
2023-02-27,2023,2,Central,,77.3,49.1,,19.5,79.8,1.62,
2023-02-28,2023,2,Central,,77.2,36.7,36.6,21.7,54.4,3.2,
2023-03-01,2023,3,Central,33.2,64.3,33.7,42,15.3,60.2,3.04,Moderate
2023-03-02,2023,3,Central,38,77.1,34.2,66.5,14.4,68.4,3.37,Unhealthy (sensitive)
2023-03-03,2023,3,Central,48,96,43.8,31.8,16.8,85.9,4.3,Unhealthy (sensitive)
2023-03-04,2023,3,Central,30.3,48.2,,34.3,16,57.1,3.11,Moderate
2023-03-05,2023,3,Central,39.2,79.8,36.9,16.1,15.4,57.3,0.2,Unhealthy (sensitive)
2023-03-06,2023,3,Central,46.8,83.8,45.9,34.7,18.4,71.1,2.85,Unhealthy (sensitive)
2023-03-07,2023,3,Central,27.1,36.6,28.3,51.2,19.7,58.2,1.4,Moderate
2023-03-08,2023,3,Central,34.8,47.8,32.7,52.7,17.4,68.7,1.33,Moderate
2023-03-09,2023,3,Central,31.2,65.2,26.5,43.4,18,53.6,3.61,Moderate
2023-03-10,2023,3,Central,29.9,40.8,25.6,78.8,20.4,79.3,2.61,Moderate
2023-03-11,2023,3,Central,44.1,85.1,34,35,13.4,73.9,1.5,Unhealthy (sensitive)
2023-03-12,2023,3,Central,53.6,113.7,41.5,37.8,19,71.9,2.22,Unhealthy (sensitive)
2023-03-13,2023,3,Central,58.2,113.1,52,34.4,15.7,79.4,3.08,Unhealthy
2023-03-14,2023,3,Central,43.8,86.5,36.1,55.5,22.1,61.4,4.2,Unhealthy (sensitive)
2023-03-15,2023,3,Central,,54.1,28.9,65.4,19,57.6,1.97,
2023-03-16,2023,3,Central,25,42.7,28,36.6,22.1,63.4,4.6,Moderate
2023-03-17,2023,3,Central,29,46.7,27.6,36.1,12.1,78.9,3.31,Moderate
2023-03-18,2023,3,Central,51.3,100.2,47.3,42.7,18.9,73.1,1.09,Unhealthy (sensitive)
2023-03-19,2023,3,Central,27.8,48.2,25.7,25.1,17.5,70.2,2.41,Moderate
2023-03-20,2023,3,Central,35.2,67.8,30,41.4,20.6,75.4,2.5,Unhealthy (sensitive)
2023-03-21,2023,3,Central,44.6,87.1,34.9,50.6,20.4,83.3,2.53,Unhealthy (sensitive)
2023-03-22,2023,3,Central,,52.8,31.6,42.9,22,88.3,2.44,
2023-03-23,2023,3,Central,24.7,34.1,29.9,44.9,22,74.9,5.02,Moderate
2023-03-24,2023,3,Central,35.6,58.7,,56.1,18.2,68.1,4.23,Unhealthy (sensitive)
2023-03-25,2023,3,Central,40.5,75.3,37,,17.4,77.9,1,Unhealthy (sensitive)
2023-03-26,2023,3,Central,38.8,82,43,29.8,20.6,73.7,4.9,Unhealthy (sensitive)
2023-03-27,2023,3,Central,47.3,78.2,44.5,36.8,17.5,68.5,0.59,Unhealthy (sensitive)
2023-03-28,2023,3,Central,,87.6,34.6,53.3,19.8,84.5,1.51,
2023-03-29,2023,3,Central,35.5,76.7,36.2,47.1,,70.7,3.5,Unhealthy (sensitive)
2023-03-30,2023,3,Central,45.2,70,35.6,37.1,24.5,72.7,3.19,Unhealthy (sensitive)
2023-03-31,2023,3,Central,21.7,,21.6,,20.9,69.5,3.79,Moderate
2023-04-01,2023,4,Central,36.1,76.2,40.7,,23.5,72,2.41,Unhealthy (sensitive)
2023-04-02,2023,4,Central,49.3,98.7,42.5,62.5,22.2,70.1,1.45,Unhealthy (sensitive)
2023-04-03,2023,4,Central,26.7,31.3,26.6,41.8,23.9,73.7,2.88,Moderate
2023-04-04,2023,4,Central,45.1,83.2,39.7,50,19.5,80.1,0.79,Unhealthy (sensitive)
2023-04-05,2023,4,Central,42.4,66.6,39,22.8,21.6,84.7,0.61,Unhealthy (sensitive)
2023-04-06,2023,4,Central,35.7,54.6,28.9,27,19.8,52.3,3.43,Unhealthy (sensitive)
2023-04-07,2023,4,Central,39.7,60.8,34,34.7,23.9,73.6,1.87,Unhealthy (sensitive)
2023-04-08,2023,4,Central,,52.4,30.5,42.3,19.9,71.4,4.15,
2023-04-09,2023,4,Central,31.4,69.8,26.3,55.5,28.1,51.3,3.96,Moderate
2023-04-10,2023,4,Central,33.6,52.7,27.8,56.4,17.4,76.9,2.25,Moderate
2023-04-11,2023,4,Central,32.9,62.5,28.6,45.4,15.5,76.9,3.08,Moderate
2023-04-12,2023,4,Central,26,45.5,25.4,37,28.5,85.1,2.28,Moderate
2023-04-13,2023,4,Central,20.4,22.9,26.9,42.1,16.8,61.4,4.19,Moderate
2023-04-14,2023,4,Central,,50.5,34,40.6,21.9,63.4,4.82,
2023-04-15,2023,4,Central,38.4,83.5,41.4,,14.1,89.5,2.49,Unhealthy (sensitive)
2023-04-16,2023,4,Central,43.7,,42.2,46.9,20.6,82.6,4.2,Unhealthy (sensitive)
2023-04-17,2023,4,Central,28.1,61.3,32.6,17.4,20.2,74.4,3.18,Moderate
2023-04-18,2023,4,Central,38.2,,34.8,58.8,18.6,74.6,3.18,Unhealthy (sensitive)
2023-04-19,2023,4,Central,40.6,78.6,41.4,,24.3,50,2.9,Unhealthy (sensitive)
2023-04-20,2023,4,Central,43.9,60,39.9,56.2,21.6,65.7,2.81,Unhealthy (sensitive)
2023-04-21,2023,4,Central,27.4,39.4,,42.6,19.3,64.5,2.5,Moderate
2023-04-22,2023,4,Central,35.7,69,40.4,46.1,16.6,65.2,3.86,Unhealthy (sensitive)
2023-04-23,2023,4,Central,31.4,69.5,34.1,45.5,22.4,77,3.24,Moderate
2023-04-24,2023,4,Central,29,56.3,30.1,35.3,25.4,60.4,5.11,Moderate
2023-04-25,2023,4,Central,16.6,26.3,23.1,,24.4,75.5,2.04,Moderate
2023-04-26,2023,4,Central,40.1,80.5,38.6,29.6,20.1,60.4,4.62,Unhealthy (sensitive)
2023-04-27,2023,4,Central,50.9,96.6,40.7,48.1,18.8,98.4,2.72,Unhealthy (sensitive)
2023-04-28,2023,4,Central,25.5,41.5,,42.5,22.4,50.4,2.01,Moderate
2023-04-29,2023,4,Central,37.6,74.7,30.2,41.4,24.1,69.6,2.12,Unhealthy (sensitive)
2023-04-30,2023,4,Central,,29.9,21.9,44,24.2,57,4.39,
2023-05-01,2023,5,Central,36.7,55,35.8,41.3,21.9,57.5,4.01,Unhealthy (sensitive)
2023-05-02,2023,5,Central,,61.2,29.8,,27.5,63.1,3.83,
2023-05-03,2023,5,Central,,280,42.4,63.7,26,67,2.47,
2023-05-04,2023,5,Central,,33.2,,25.2,26.6,49.9,2.79,
2023-05-05,2023,5,Central,,45.7,28.6,44.3,22.3,71.4,1.15,
2023-05-06,2023,5,Central,,56.1,25.7,41.4,23.7,75,1.75,
2023-05-07,2023,5,Central,,55,30.1,28.4,27.9,62.8,2.66,
2023-05-08,2023,5,Central,,44.6,21.2,43.4,26.4,85.9,0.76,
2023-05-09,2023,5,Central,,23.2,21.3,43.3,24.9,57.3,1.76,
2023-05-10,2023,5,Central,,90.1,44.7,32.5,24,46.4,2.66,
2023-05-11,2023,5,Central,,23.8,14.5,53.3,24.4,46.5,2.54,
2023-05-12,2023,5,Central,,47.2,,48.1,21.6,64,3.91,
2023-05-13,2023,5,Central,,206.3,35.2,52.1,28,42.5,1.34,
2023-05-14,2023,5,Central,,60.6,36.1,,27.4,46.5,2.88,
2023-05-15,2023,5,Central,29.5,,32.1,54.5,24.3,61.9,2.7,Moderate
2023-05-16,2023,5,Central,36.7,52.2,34.9,50.6,25,77.5,3.81,Unhealthy (sensitive)
2023-05-17,2023,5,Central,21.7,41.2,23,45.7,26.7,65.7,1.84,Moderate
2023-05-18,2023,5,Central,18.1,32.3,,63.9,28.9,61.1,4.98,Moderate
2023-05-19,2023,5,Central,36.7,72,39.9,51.6,23.4,68.9,2.7,Unhealthy (sensitive)
2023-05-20,2023,5,Central,25.9,34.7,26.7,55,,61.6,3.18,Moderate
2023-05-21,2023,5,Central,29.3,54.8,31,53.6,27.7,72.8,3.36,Moderate
2023-05-22,2023,5,Central,28.2,49,33.3,51.3,23.3,64,1.95,Moderate
2023-05-23,2023,5,Central,5.3,6,10.9,60,27.9,55.7,5.05,Good
2023-05-24,2023,5,Central,20.5,29.2,20.3,,22.2,72.7,1.79,Moderate
2023-05-25,2023,5,Central,33.9,55.6,28.7,38.3,21.5,72.9,1.59,Moderate
2023-05-26,2023,5,Central,32.7,46.6,27.7,,27.5,61.4,1.27,Moderate
2023-05-27,2023,5,Central,35.9,55.9,28.9,53.8,26.5,37.8,3.47,Unhealthy (sensitive)
2023-05-28,2023,5,Central,36.4,55.7,35.6,43,21.8,62.4,1.78,Unhealthy (sensitive)
2023-05-29,2023,5,Central,36.9,76.1,31.5,44.4,24.2,84.8,0.68,Unhealthy (sensitive)
2023-05-30,2023,5,Central,,41.5,26.8,50,19,61.9,4.13,
2023-05-31,2023,5,Central,20.3,34.9,22.1,54.3,30.9,81.4,2.98,Moderate
2023-06-01,2023,6,Central,20.2,,24.6,62.3,24.7,67.9,5.24,Moderate
2023-06-02,2023,6,Central,7.4,11.5,14.7,29.1,29.9,69.4,4.01,Good
2023-06-03,2023,6,Central,41.5,85.5,36,49.2,,79.5,2.39,Unhealthy (sensitive)
2023-06-04,2023,6,Central,19.7,23.4,25.9,43.7,27.6,71.3,5.34,Moderate
2023-06-05,2023,6,Central,27.2,41.1,30.9,43.9,27.1,60.2,3.25,Moderate
2023-06-06,2023,6,Central,,21.8,,,23.9,54.2,2.26,
2023-06-07,2023,6,Central,30.4,55.8,30.9,36.4,27.8,52,4.94,Moderate
2023-06-08,2023,6,Central,23,34.3,23.9,57.2,36.5,62.1,3.97,Moderate
2023-06-09,2023,6,Central,20.6,30.2,20.3,63.4,24.9,80.2,4.69,Moderate
2023-06-10,2023,6,Central,29.5,52,27.1,35.4,32.9,66.6,1.96,Moderate
2023-06-11,2023,6,Central,31.9,55.7,31,48.9,31.5,72.8,2.58,Moderate
2023-06-12,2023,6,Central,33.9,56.5,34.6,60,27.8,71.1,2.94,Moderate
2023-06-13,2023,6,Central,32.1,66.2,31.5,51.3,29,72.1,3.5,Moderate
2023-06-14,2023,6,Central,34,56.5,33.5,31.6,23.8,69.6,5.8,Moderate
2023-06-15,2023,6,Central,18.1,39.3,18,40.9,28,74.5,3.67,Moderate
2023-06-16,2023,6,Central,23.4,32.5,24.4,59.6,34.7,60.1,1.64,Moderate
2023-06-17,2023,6,Central,27.6,54.6,29.6,40.2,20.3,49.9,1.69,Moderate
2023-06-18,2023,6,Central,40.3,77.7,39.5,46,35.4,57.4,2,Unhealthy (sensitive)
2023-06-19,2023,6,Central,,21.4,22.4,56.2,26.9,90.2,4.59,
2023-06-20,2023,6,Central,32,,29.5,51.2,27.3,83.8,3.56,Moderate
2023-06-21,2023,6,Central,31.1,47.8,26.1,55.9,29,61.9,3.4,Moderate
2023-06-22,2023,6,Central,10.1,23.9,15.8,58.2,32.1,57.7,2.16,Good
2023-06-23,2023,6,Central,30.5,39.1,27.9,40.8,25.8,58.4,2.8,Moderate
2023-06-24,2023,6,Central,24.8,42.4,29.7,50.4,26.3,80.9,3.75,Moderate
2023-06-25,2023,6,Central,17.5,36.9,22.9,75.3,30.8,63,2.56,Moderate
2023-06-26,2023,6,Central,36.1,46.9,,40.2,28,53.1,4.7,Unhealthy (sensitive)
2023-06-27,2023,6,Central,19.6,42.3,22.8,39.6,30,74.9,3.59,Moderate
2023-06-28,2023,6,Central,35.6,49.1,36,35.2,25,64.6,2.12,Unhealthy (sensitive)
2023-06-29,2023,6,Central,28.7,52,,,31.5,69.9,4.3,Moderate
2023-06-30,2023,6,Central,32.9,60.6,29.3,49.8,22.2,79.2,1.96,Moderate
2023-07-01,2023,7,Central,32.9,,,51.9,28.2,77,4.56,Moderate
2023-07-02,2023,7,Central,37.7,61.5,31.4,44.3,27.9,80.9,4.01,Unhealthy (sensitive)
2023-07-03,2023,7,Central,29.1,46.3,32,42.7,30,57.3,3.88,Moderate
2023-07-04,2023,7,Central,12.7,20.9,15.6,45.6,30.7,64.9,3.36,Moderate
2023-07-05,2023,7,Central,33.9,34.1,29.3,70.3,29.5,88.6,4.47,Moderate
2023-07-06,2023,7,Central,21.4,29.9,23.8,43.8,30.1,58.9,6.18,Moderate
2023-07-07,2023,7,Central,14.3,27.7,15.7,47.7,22.2,81.5,3.73,Moderate
2023-07-08,2023,7,Central,42.9,82.7,33.1,44.2,25.4,49.3,3.18,Unhealthy (sensitive)
2023-07-09,2023,7,Central,20.8,23.7,21.6,65,29.1,84.2,3.17,Moderate
2023-07-10,2023,7,Central,24.1,57.2,30.4,79.2,25.7,71.3,3.65,Moderate
2023-07-11,2023,7,Central,,89.8,50,56.5,21,60.7,5.13,
2023-07-12,2023,7,Central,13.2,27.7,20,45.7,29.8,58.1,1.13,Moderate
2023-07-13,2023,7,Central,32.7,66.2,35.7,61.3,21.5,72.1,2.53,Moderate
2023-07-14,2023,7,Central,25.7,36.3,25.8,62.5,32.2,42,1.61,Moderate
2023-07-15,2023,7,Central,15.3,20.7,18.7,61.4,32.3,73.9,5.15,Moderate
2023-07-16,2023,7,Central,44.6,64.5,38.9,48.6,24.4,76.3,3.6,Unhealthy (sensitive)
2023-07-17,2023,7,Central,8.3,14.5,15.2,61.3,27.4,82.4,3.76,Good
2023-07-18,2023,7,Central,29.4,54.3,27.6,66.8,25.4,77.2,3.85,Moderate
2023-07-19,2023,7,Central,28.9,35.2,25.7,84.5,29.5,57,3.13,Moderate
2023-07-20,2023,7,Central,,61.1,31.1,50.7,27,48.5,4.82,
2023-07-21,2023,7,Central,16.1,36.5,17.1,50.1,,62.3,3.94,Moderate
2023-07-22,2023,7,Central,45.8,86,47.7,44.5,26.8,62.9,4.18,Unhealthy (sensitive)
2023-07-23,2023,7,Central,22.5,41.6,24,54.4,24.3,63.2,3.49,Moderate
2023-07-24,2023,7,Central,31.6,47.3,26.8,24.3,21.9,67.3,4.77,Moderate
2023-07-25,2023,7,Central,26,,,45.6,30.8,69.2,1.66,Moderate
2023-07-26,2023,7,Central,16.5,,18.9,45.3,25.7,68,4.1,Moderate
2023-07-27,2023,7,Central,36.4,52,39.4,46.5,28.6,76.4,1.65,Unhealthy (sensitive)
2023-07-28,2023,7,Central,39.5,80.1,36.6,44.3,23.9,64.6,4.89,Unhealthy (sensitive)
2023-07-29,2023,7,Central,14.8,26.2,16.1,54.7,26.8,74.1,2.62,Moderate
2023-07-30,2023,7,Central,27.6,46.1,33.3,67.9,30.7,77,1.29,Moderate
2023-07-31,2023,7,Central,28,48.5,24.6,36.2,23.5,49.9,3.4,Moderate
2023-08-01,2023,8,Central,43.6,85.8,43.1,,20.5,74.2,2.42,Unhealthy (sensitive)
2023-08-02,2023,8,Central,18.3,31.8,21.9,53.5,22.6,78.5,2.85,Moderate
2023-08-03,2023,8,Central,19.5,34.1,20.3,41,22.9,71.5,4.19,Moderate
2023-08-04,2023,8,Central,,43.9,25,,23.7,82.3,4.89,
2023-08-05,2023,8,Central,,44,22.8,54.4,21.3,73.2,2.12,
2023-08-06,2023,8,Central,,49,33.8,56.4,24.3,45.3,2.09,
2023-08-07,2023,8,Central,18.1,42.1,20.1,64.9,30,56.3,3.64,Moderate
2023-08-08,2023,8,Central,38.6,77.4,42.1,58.5,24.7,70.1,3.64,Unhealthy (sensitive)
2023-08-09,2023,8,Central,28.5,52.4,27,20.8,26.5,71.9,3.78,Moderate
2023-08-10,2023,8,Central,34.7,43.6,32.7,57.2,29,91.6,3.59,Moderate
2023-08-11,2023,8,Central,12.5,14.1,17.2,48.4,27.4,54.8,2.1,Moderate
2023-08-12,2023,8,Central,26.9,40.2,30.6,51.4,22.2,56.6,4.77,Moderate
2023-08-13,2023,8,Central,41.6,77.6,33.1,30.5,25.5,65.5,1.28,Unhealthy (sensitive)
2023-08-14,2023,8,Central,11.5,22.6,14.5,33.2,26.5,47.5,3.45,Good
2023-08-15,2023,8,Central,28,49.5,27.1,63.1,27.2,68.7,3.38,Moderate
2023-08-16,2023,8,Central,15.2,23.6,16.2,82.4,31.3,68,2.98,Moderate
2023-08-17,2023,8,Central,48,98.3,47.8,,22.5,69.7,1.68,Unhealthy (sensitive)
2023-08-18,2023,8,Central,33.3,,28,43.9,,77.4,2.86,Moderate
2023-08-19,2023,8,Central,20.1,33.8,23.1,56.8,20.3,48.9,4.8,Moderate
2023-08-20,2023,8,Central,,26.8,17.9,,23.5,73.1,3.65,
2023-08-21,2023,8,Central,156,83.8,27,32.2,32.7,81,0.91,Unhealthy
2023-08-22,2023,8,Central,30.3,61.6,33.7,,26.9,68.9,2.47,Moderate
2023-08-23,2023,8,Central,21.5,34.2,20.7,63.5,16.4,49,3.49,Moderate
2023-08-24,2023,8,Central,41.6,78.1,35,49.6,19.6,66.3,2.5,Unhealthy (sensitive)
2023-08-25,2023,8,Central,,,34.2,45.9,24.2,64.3,1.22,
2023-08-26,2023,8,Central,17.4,37.7,21.9,38.7,24.7,60.2,4.16,Moderate
2023-08-27,2023,8,Central,23.5,29.1,,37.7,22,64.9,2.1,Moderate
2023-08-28,2023,8,Central,17,25.9,23.4,64.1,19.9,71.1,2.83,Moderate
2023-08-29,2023,8,Central,21.5,32.2,26.3,48.8,24.3,64.2,5.15,Moderate
2023-08-30,2023,8,Central,32.5,58,31.2,49.8,26.7,71.9,3.05,Moderate
2023-08-31,2023,8,Central,26.1,55.4,29.9,28.4,20.7,62.5,3.18,Moderate
2023-09-01,2023,9,Central,23.6,44.9,29.6,68,26.5,69.2,2.76,Moderate
2023-09-02,2023,9,Central,29.1,,25.8,48,26.5,70.5,1.93,Moderate
2023-09-03,2023,9,Central,51.1,83,46.2,69,24.7,73.1,3.79,Unhealthy (sensitive)
2023-09-04,2023,9,Central,34,69.1,34.1,60.1,27.3,71.7,3.97,Moderate
2023-09-05,2023,9,Central,33.8,66.7,38.4,73,27.4,87,4.19,Moderate
2023-09-06,2023,9,Central,19.8,41.1,23.3,,26.1,83.8,2.81,Moderate
2023-09-07,2023,9,Central,50,86.9,39.3,57.2,20.1,54.9,4.55,Unhealthy (sensitive)
2023-09-08,2023,9,Central,8.2,6,12.3,48.9,21,57.1,4.18,Good
2023-09-09,2023,9,Central,20.6,37.9,20.4,27.2,21.2,74.5,6.12,Moderate
2023-09-10,2023,9,Central,23.6,34.1,24,,27.1,62.3,2.12,Moderate
2023-09-11,2023,9,Central,34.5,56.9,33.8,44.1,17.6,57.6,4.35,Moderate
2023-09-12,2023,9,Central,,35.7,32.3,,19.2,86.7,1.93,
2023-09-13,2023,9,Central,37.1,55.2,40.6,,26.3,84.3,2.19,Unhealthy (sensitive)
2023-09-14,2023,9,Central,48.7,92.9,40.9,56.4,20.7,70.1,0.56,Unhealthy (sensitive)
2023-09-15,2023,9,Central,12.5,23,18.6,,28.3,88,2.56,Moderate
2023-09-16,2023,9,Central,42.9,75.4,36,53,17.1,64.6,1.83,Unhealthy (sensitive)
2023-09-17,2023,9,Central,49.3,95.2,50.8,65.9,13.5,60.5,3.61,Unhealthy (sensitive)
2023-09-18,2023,9,Central,36.3,,33.5,50.4,24.7,63.2,1.82,Unhealthy (sensitive)
2023-09-19,2023,9,Central,40.5,69.6,35.1,,22.4,67.4,2.27,Unhealthy (sensitive)
2023-09-20,2023,9,Central,47.3,72.3,39.7,62.8,20.8,66.2,0.78,Unhealthy (sensitive)
2023-09-21,2023,9,Central,34.7,60.6,33.5,65.8,16.3,85.1,1.05,Moderate
2023-09-22,2023,9,Central,25.3,33.1,29.4,,20.1,72.9,2.82,Moderate
2023-09-23,2023,9,Central,23,38.1,24.5,36.4,21.2,75.4,3.53,Moderate
2023-09-24,2023,9,Central,94.9,69.5,23.7,41,23.6,74,1.86,Unhealthy
2023-09-25,2023,9,Central,24,39.7,28.9,36.4,22,56.7,1.31,Moderate
2023-09-26,2023,9,Central,49,86.4,50.6,34.7,23.6,45.9,2.49,Unhealthy (sensitive)
2023-09-27,2023,9,Central,34.1,64.9,35.7,11.8,24.6,77.2,3.12,Moderate
2023-09-28,2023,9,Central,36,,,25.1,26.1,73.1,1.02,Unhealthy (sensitive)
2023-09-29,2023,9,Central,27.8,59.3,24.2,36.5,21,76.3,4.89,Moderate
2023-09-30,2023,9,Central,,34,25.2,32.7,22.7,63.9,1.6,
2023-10-01,2023,10,Central,37.5,67,34.4,,19.9,71.8,2.62,Unhealthy (sensitive)
2023-10-02,2023,10,Central,27.9,49.7,26.6,46.8,18.1,77.9,1.34,Moderate
2023-10-03,2023,10,Central,35.1,,31.9,40.7,23.2,83.8,3.72,Unhealthy (sensitive)
2023-10-04,2023,10,Central,28.7,43.8,31.3,40.3,23.3,75.1,4.27,Moderate
2023-10-05,2023,10,Central,33.1,58.9,30.7,40.2,18.6,63.2,1.52,Moderate
2023-10-06,2023,10,Central,45,69.5,44.9,62.7,17.2,65.5,3.09,Unhealthy (sensitive)
2023-10-07,2023,10,Central,18.9,27.9,25.6,60.5,21.2,77.1,2.25,Moderate
2023-10-08,2023,10,Central,28.6,56.9,27.7,41.3,18,70.4,5.21,Moderate
2023-10-09,2023,10,Central,15.3,20.7,20.5,48.4,14.9,63.5,2.27,Moderate
2023-10-10,2023,10,Central,37.3,76.8,40.5,60.6,22.8,80.1,3.99,Unhealthy (sensitive)
2023-10-11,2023,10,Central,,68.9,37.5,42.5,24.4,52,4.46,
2023-10-12,2023,10,Central,20.7,27.1,21.5,24.5,17.1,82.9,4.14,Moderate
2023-10-13,2023,10,Central,51.1,104.8,51.2,40.3,15.1,65.4,0.91,Unhealthy (sensitive)
2023-10-14,2023,10,Central,,137.1,31.8,44.8,20.2,70.9,2.91,
2023-10-15,2023,10,Central,76.8,104.2,56.2,54,26.2,71.5,0.46,Unhealthy
2023-10-16,2023,10,Central,46.3,77.9,46.3,44.4,20,75.2,2.91,Unhealthy (sensitive)
2023-10-17,2023,10,Central,36.4,66.7,32.8,36.1,19.1,67.3,2.69,Unhealthy (sensitive)
2023-10-18,2023,10,Central,30.3,68.5,30.4,34.9,24.6,52.2,1.7,Moderate
2023-10-19,2023,10,Central,36.6,53.6,33.2,25.4,26.9,67.1,3.92,Unhealthy (sensitive)
2023-10-20,2023,10,Central,43.6,94.4,45,46.7,18.1,59.9,2.33,Unhealthy (sensitive)
2023-10-21,2023,10,Central,56.6,101.5,58.5,43.3,18.7,67.1,5.07,Unhealthy
2023-10-22,2023,10,Central,39.5,72.7,35.5,25.3,19.1,83.1,1.88,Unhealthy (sensitive)
2023-10-23,2023,10,Central,38.4,63.3,37.9,44.9,12.9,64.8,4.7,Unhealthy (sensitive)
2023-10-24,2023,10,Central,52.6,81.5,48.6,61.4,20,87,0.2,Unhealthy (sensitive)
2023-10-25,2023,10,Central,43.1,84.7,37,38.7,17.8,77.8,3.79,Unhealthy (sensitive)
2023-10-26,2023,10,Central,46.4,87.9,39.2,39.2,13.9,68.6,3.02,Unhealthy (sensitive)
2023-10-27,2023,10,Central,33,75.7,30.8,39.2,22.4,81.3,1.74,Moderate
2023-10-28,2023,10,Central,40.7,,37.5,,21.7,73.5,4.28,Unhealthy (sensitive)
2023-10-29,2023,10,Central,31.5,53.7,33.4,24.7,17.6,64.9,4.92,Moderate
2023-10-30,2023,10,Central,36.6,71.6,37.5,39.6,20.9,64.6,2.26,Unhealthy (sensitive)
2023-10-31,2023,10,Central,40,68.4,37.3,29.1,16.8,64.8,2.99,Unhealthy (sensitive)
2023-11-01,2023,11,Central,58,94.2,54.9,29.8,14.4,72.9,5.12,Unhealthy
2023-11-02,2023,11,Central,48,77.7,41.3,32.9,16.1,73.8,3.05,Unhealthy (sensitive)
2023-11-03,2023,11,Central,41.1,68.1,44.8,64,22.2,94,1.59,Unhealthy (sensitive)
2023-11-04,2023,11,Central,47.7,68,42.1,48.5,12.6,67.2,3.56,Unhealthy (sensitive)
2023-11-05,2023,11,Central,52,78.3,52.9,37.5,17.7,67.3,4.97,Unhealthy (sensitive)
2023-11-06,2023,11,Central,,82.4,47.1,66.8,17.9,85.9,4.14,
2023-11-07,2023,11,Central,52.2,,43.1,36.5,19.6,64.9,2.58,Unhealthy (sensitive)
2023-11-08,2023,11,Central,42.3,,42.7,30.4,18.2,51.1,1.5,Unhealthy (sensitive)
2023-11-09,2023,11,Central,37.5,58.7,34.5,43.4,17,93,0.94,Unhealthy (sensitive)
2023-11-10,2023,11,Central,,92.7,44.3,32.5,14.7,94.6,2.66,
2023-11-11,2023,11,Central,40,80.3,40.5,37.4,7.7,79.7,1.96,Unhealthy (sensitive)
2023-11-12,2023,11,Central,45.3,64,38.5,26.4,9.7,54.5,0.2,Unhealthy (sensitive)
2023-11-13,2023,11,Central,37.6,65,38.5,13.5,13.1,83.7,4.24,Unhealthy (sensitive)
2023-11-14,2023,11,Central,37.8,75.4,39.5,30.7,18.6,94.9,3.89,Unhealthy (sensitive)
2023-11-15,2023,11,Central,57.7,114.9,45.6,48.4,17.2,99,3.75,Unhealthy
2023-11-16,2023,11,Central,50.7,91.1,48.6,37.6,15.4,75,2.3,Unhealthy (sensitive)
2023-11-17,2023,11,Central,37.8,56.1,36.5,,20.2,78.1,3.58,Unhealthy (sensitive)
2023-11-18,2023,11,Central,32.1,67,35.2,39.1,18.6,94.9,2.65,Moderate
2023-11-19,2023,11,Central,65.8,103.3,52.1,,14.9,71.5,2.15,Unhealthy
2023-11-20,2023,11,Central,47.2,89.2,48.1,48.1,15.6,78.3,2.26,Unhealthy (sensitive)
2023-11-21,2023,11,Central,61.2,131.9,50.2,20.7,14.2,81,1.71,Unhealthy
2023-11-22,2023,11,Central,57.3,110.5,47.9,32.9,13.8,73.1,0.24,Unhealthy
2023-11-23,2023,11,Central,48.5,,46.7,,20.6,83.5,0.2,Unhealthy (sensitive)
2023-11-24,2023,11,Central,36.6,66.6,33.6,50.3,14.6,64.1,1.39,Unhealthy (sensitive)
2023-11-25,2023,11,Central,48.6,79.1,51.4,36.3,11.2,89.8,2.55,Unhealthy (sensitive)
2023-11-26,2023,11,Central,51.9,90.6,52.4,23.1,15.6,92.1,3.27,Unhealthy (sensitive)
2023-11-27,2023,11,Central,19.9,30.7,20.5,53.7,19.1,77.1,0.84,Moderate
2023-11-28,2023,11,Central,39.3,55.9,36.7,7,12.3,77.3,1.45,Unhealthy (sensitive)
2023-11-29,2023,11,Central,45.3,67.6,35.1,28.6,,74.6,1.96,Unhealthy (sensitive)
2023-11-30,2023,11,Central,46,78.5,41.7,42.4,15.3,72.1,0.69,Unhealthy (sensitive)
2023-12-01,2023,12,Central,53.7,88,52.4,32.9,14.1,83.9,0.2,Unhealthy (sensitive)
2023-12-02,2023,12,Central,37,,38.1,41.9,11.7,73.2,1.17,Unhealthy (sensitive)
2023-12-03,2023,12,Central,34.7,60.4,29.7,58.3,15.4,82.8,2.33,Moderate
2023-12-04,2023,12,Central,,61.9,40.9,42.1,19.3,66.4,1.65,
2023-12-05,2023,12,Central,,77.4,39.5,25.3,16.1,75.5,4.14,
2023-12-06,2023,12,Central,40.1,71.1,32.7,58.5,20.3,48.9,2.91,Unhealthy (sensitive)
2023-12-07,2023,12,Central,40.1,64.1,32.9,,15.7,76.4,3.93,Unhealthy (sensitive)
2023-12-08,2023,12,Central,32.4,55,37.3,45.7,13.5,69,4.01,Moderate
2023-12-09,2023,12,Central,42.5,71.7,44,55.6,15.7,71.9,0.2,Unhealthy (sensitive)
2023-12-10,2023,12,Central,42.3,72.7,46.1,23.4,17.8,76.5,2.54,Unhealthy (sensitive)
2023-12-11,2023,12,Central,68,107.6,64.1,47.3,9.2,92,0.2,Unhealthy
2023-12-12,2023,12,Central,54.2,94.2,49.7,49.6,19.1,61,2.87,Unhealthy (sensitive)
2023-12-13,2023,12,Central,36.4,54.7,35.7,20.2,16.5,90.4,1.41,Unhealthy (sensitive)
2023-12-14,2023,12,Central,54.7,89.2,52.3,,12.5,87.1,2.98,Unhealthy (sensitive)
2023-12-15,2023,12,Central,49.7,96.2,42.6,27.4,10.2,59.8,1.98,Unhealthy (sensitive)
2023-12-16,2023,12,Central,46.5,81.8,,42,16.4,56.2,1.24,Unhealthy (sensitive)
2023-12-17,2023,12,Central,33.8,51.3,38.7,45.4,9.4,85.8,3.52,Moderate
2023-12-18,2023,12,Central,41.6,,43.3,35,12.4,69.4,4.72,Unhealthy (sensitive)
2023-12-19,2023,12,Central,41.3,63.2,34.9,46,12,74.2,6.14,Unhealthy (sensitive)
2023-12-20,2023,12,Central,46.2,89,38,49.9,16.7,72.9,2.57,Unhealthy (sensitive)
2023-12-21,2023,12,Central,32,59.7,35.9,,17.1,59.4,2.29,Moderate
2023-12-22,2023,12,Central,54,,52.1,51.5,8.8,58.5,1.06,Unhealthy (sensitive)
2023-12-23,2023,12,Central,37.7,72.3,33.8,49.6,13,85.3,0.79,Unhealthy (sensitive)
2023-12-24,2023,12,Central,45.8,76.6,36,43.5,16.5,66,1.91,Unhealthy (sensitive)
2023-12-25,2023,12,Central,40.8,90.3,37.7,35.2,12.2,90.5,0.2,Unhealthy (sensitive)
2023-12-26,2023,12,Central,42.7,53.2,33.4,33.2,15.2,77,1.06,Unhealthy (sensitive)
2023-12-27,2023,12,Central,47.3,60.6,48.6,51.7,15.3,78.2,2.25,Unhealthy (sensitive)
2023-12-28,2023,12,Central,42.9,79.8,40.7,60.6,15.4,97.8,0.2,Unhealthy (sensitive)
2023-12-29,2023,12,Central,35.8,62.1,35.5,19.8,14.8,77.4,0.23,Unhealthy (sensitive)
2023-12-30,2023,12,Central,39.1,89.5,,42,11.8,85.3,2.45,Unhealthy (sensitive)
2023-12-31,2023,12,Central,,96,,36.3,11.3,77.6,3.45,
2022-01-01,2022,1,Riverside,46.8,91.4,35.7,39.5,15.7,93.1,1.73,Unhealthy (sensitive)
2022-01-02,2022,1,Riverside,,62.9,39.4,9.7,15.9,86.1,1.71,
2022-01-03,2022,1,Riverside,37,72.1,40.6,15.7,13.6,92.6,0.41,Unhealthy (sensitive)
2022-01-04,2022,1,Riverside,,72.1,,,11.4,74.4,0.2,
2022-01-05,2022,1,Riverside,34.1,56.7,,30.5,11.3,77.4,1.52,Moderate
2022-01-06,2022,1,Riverside,39.4,69.8,39.2,16.2,6.3,99,3.87,Unhealthy (sensitive)
2022-01-07,2022,1,Riverside,42.3,69.4,35.8,6,17.9,66.1,1.94,Unhealthy (sensitive)
2022-01-08,2022,1,Riverside,,79.3,38.3,38.6,20,78.4,1.76,
2022-01-09,2022,1,Riverside,59.3,97,,21.9,17.9,73.8,3.7,Unhealthy
2022-01-10,2022,1,Riverside,42.8,80,44.1,37.8,12.8,68.8,2.73,Unhealthy (sensitive)
2022-01-11,2022,1,Riverside,49,71.2,,57,16,81.6,3.78,Unhealthy (sensitive)
2022-01-12,2022,1,Riverside,45,62.6,48.1,28.3,10.4,85.8,2.32,Unhealthy (sensitive)
2022-01-13,2022,1,Riverside,53.4,108,52.8,45.8,20.1,83.1,1.71,Unhealthy (sensitive)
2022-01-14,2022,1,Riverside,33.9,58,35.4,35.9,12.4,70.4,2.33,Moderate
2022-01-15,2022,1,Riverside,43.8,66.4,36.2,17.6,19.9,65.8,2.53,Unhealthy (sensitive)
2022-01-16,2022,1,Riverside,,98.3,57.7,37.5,8.3,96.5,0.2,
2022-01-17,2022,1,Riverside,30.9,59.4,30,64,,96.9,4.19,Moderate
2022-01-18,2022,1,Riverside,33.2,54.8,34.5,12.1,9,57.1,4.31,Moderate
2022-01-19,2022,1,Riverside,29.8,57.1,30.9,35.5,12.8,64.8,1.3,Moderate
2022-01-20,2022,1,Riverside,,71.4,38.7,36,8.3,67.2,3.74,
2022-01-21,2022,1,Riverside,40.7,85.4,36,41.5,9.7,80.2,2.38,Unhealthy (sensitive)
2022-01-22,2022,1,Riverside,37.4,49.9,31.8,44.9,13.3,76.4,1.87,Unhealthy (sensitive)
2022-01-23,2022,1,Riverside,,55.2,36.5,27.1,18.5,83.5,0.42,
2022-01-24,2022,1,Riverside,43.6,80.5,35.6,41.9,9.1,77,1.93,Unhealthy (sensitive)
2022-01-25,2022,1,Riverside,,51.5,37.5,24.2,14.3,89.7,3.36,
2022-01-26,2022,1,Riverside,42.8,60.9,,46.2,9.7,88.8,3.82,Unhealthy (sensitive)
2022-01-27,2022,1,Riverside,56.1,105.5,48.7,41.1,16.8,80.4,3.88,Unhealthy
2022-01-28,2022,1,Riverside,40.5,65.9,41.5,40.6,16.9,69.6,3.77,Unhealthy (sensitive)
2022-01-29,2022,1,Riverside,,83.7,35.9,49.4,15.7,76,0.2,
2022-01-30,2022,1,Riverside,37.5,73.4,,16.2,13.3,66.8,2.16,Unhealthy (sensitive)
2022-01-31,2022,1,Riverside,,68.6,35.7,28.4,20.6,80.7,2.05,
2022-02-01,2022,2,Riverside,30.9,40.8,28.2,57.4,7.3,80.5,2.4,Moderate
2022-02-02,2022,2,Riverside,47.4,71.9,37.6,49.2,10.7,60,3.37,Unhealthy (sensitive)
2022-02-03,2022,2,Riverside,20.1,40.6,22.9,32.5,16.1,83.5,2.89,Moderate
2022-02-04,2022,2,Riverside,48.7,86.7,42.5,21.2,23.1,67.8,1.58,Unhealthy (sensitive)
2022-02-05,2022,2,Riverside,24.3,,26.1,,13.8,70.7,2.8,Moderate
2022-02-06,2022,2,Riverside,,42.9,38.4,50.3,12.9,81.7,2.68,
2022-02-07,2022,2,Riverside,27.1,41,27.9,30.2,15.8,82,3.79,Moderate
2022-02-08,2022,2,Riverside,46.4,63.6,45,,10.5,96.6,3.52,Unhealthy (sensitive)
2022-02-09,2022,2,Riverside,42.9,76,40.8,42.3,18.8,75.4,1.92,Unhealthy (sensitive)
2022-02-10,2022,2,Riverside,41,57.4,39.1,,15.2,61.2,1.78,Unhealthy (sensitive)
2022-02-11,2022,2,Riverside,22.9,44.9,26.5,41.4,17.1,89.9,1.27,Moderate
2022-02-12,2022,2,Riverside,37.5,71.4,41.6,32.1,14.1,75.1,0.2,Unhealthy (sensitive)
2022-02-13,2022,2,Riverside,31.9,54.3,28.7,29.9,20.3,76.4,3.09,Moderate
2022-02-14,2022,2,Riverside,,31.6,30,45.2,,70.4,3.32,
2022-02-15,2022,2,Riverside,27.4,,28.4,53.9,17.4,71.3,3.99,Moderate
2022-02-16,2022,2,Riverside,,63.4,34.8,31.8,14.2,73.4,0.77,
2022-02-17,2022,2,Riverside,41.9,70.1,35.9,28.6,13.9,72.3,4.83,Unhealthy (sensitive)
2022-02-18,2022,2,Riverside,37.8,83.1,39.1,39.7,15.5,82.8,4.18,Unhealthy (sensitive)
2022-02-19,2022,2,Riverside,34.2,68.2,35.2,25.9,8.9,87.4,1.84,Moderate
2022-02-20,2022,2,Riverside,55,99.4,49.7,40.7,16.6,81.4,2.47,Unhealthy (sensitive)
2022-02-21,2022,2,Riverside,31.3,49.3,28.7,39.3,18.9,80.4,3.27,Moderate
2022-02-22,2022,2,Riverside,44.4,74.7,34.1,55.4,16.2,75.6,0.2,Unhealthy (sensitive)
2022-02-23,2022,2,Riverside,36,65.9,39.4,31.5,14.6,66.7,3.73,Unhealthy (sensitive)
2022-02-24,2022,2,Riverside,32.9,66.7,29.5,30.8,14,65.5,5.3,Moderate
2022-02-25,2022,2,Riverside,30.4,54.6,32.7,58,19,74.1,1.29,Moderate
2022-02-26,2022,2,Riverside,41.5,62.2,39.5,44.2,7.1,66.4,4.28,Unhealthy (sensitive)
2022-02-27,2022,2,Riverside,36.6,71.5,39,40.2,17,67.7,5.46,Unhealthy (sensitive)
2022-02-28,2022,2,Riverside,31,55.9,27.4,37.8,17.8,63.3,1.63,Moderate
2022-03-01,2022,3,Riverside,22.7,32.3,,31.9,19.4,64.3,5.42,Moderate
2022-03-02,2022,3,Riverside,40,,37.5,,13.7,82.9,0.2,Unhealthy (sensitive)
2022-03-03,2022,3,Riverside,36.8,77.9,30.9,33.3,18.8,77,2.88,Unhealthy (sensitive)
2022-03-04,2022,3,Riverside,34.7,53.7,37.7,19.8,19.6,83.7,0.75,Moderate
2022-03-05,2022,3,Riverside,40.4,45.2,38.3,30.1,15.7,73,3.41,Unhealthy (sensitive)
2022-03-06,2022,3,Riverside,44.5,49.7,40.4,43.7,11.6,83,0.2,Unhealthy (sensitive)
2022-03-07,2022,3,Riverside,34.6,69.2,29.3,56.9,10.2,87,2.28,Moderate
2022-03-08,2022,3,Riverside,31.1,43.7,35.2,55.3,12.9,86.3,0.32,Moderate
2022-03-09,2022,3,Riverside,43.9,54,46.6,19.3,16,58.6,2.79,Unhealthy (sensitive)
2022-03-10,2022,3,Riverside,34.9,68.1,31.9,50.3,17.6,72.5,4.96,Moderate
2022-03-11,2022,3,Riverside,34.4,69.7,36.1,40,24.3,85.3,3.11,Moderate
2022-03-12,2022,3,Riverside,31.7,55.2,28.1,62,19.5,67.2,1.85,Moderate
2022-03-13,2022,3,Riverside,26.2,40,22.9,64.5,20.7,90.5,4.04,Moderate
2022-03-14,2022,3,Riverside,37.3,40.1,33.1,62.5,24.5,60.9,3.22,Unhealthy (sensitive)
2022-03-15,2022,3,Riverside,35.7,57,37.2,55,22.4,63,0.88,Unhealthy (sensitive)
2022-03-16,2022,3,Riverside,37.2,74.3,37.8,26.8,15.5,87,3.52,Unhealthy (sensitive)
2022-03-17,2022,3,Riverside,31.2,45.2,29.6,45.8,21.5,74.4,2.91,Moderate
2022-03-18,2022,3,Riverside,41.1,80,41.3,33.6,18,89.3,2.7,Unhealthy (sensitive)
2022-03-19,2022,3,Riverside,33,64.8,37.9,51.6,19.7,76.5,3.97,Moderate
2022-03-20,2022,3,Riverside,30,37,25.4,48.3,,82.8,1.6,Moderate
2022-03-21,2022,3,Riverside,37.8,62.5,40.1,55.9,19.3,85.8,5.72,Unhealthy (sensitive)
2022-03-22,2022,3,Riverside,35.7,74.4,34.6,35.4,13.8,64.8,3.02,Unhealthy (sensitive)
2022-03-23,2022,3,Riverside,35.3,59.2,31.5,41.8,18,72,3.56,Unhealthy (sensitive)
2022-03-24,2022,3,Riverside,31.3,52.7,28.2,38.5,21.6,60.9,6.29,Moderate
2022-03-25,2022,3,Riverside,29.5,44.1,26.1,43.2,18.6,70.3,1.98,Moderate
2022-03-26,2022,3,Riverside,38.8,64.9,,32,12.1,75.4,1.9,Unhealthy (sensitive)
2022-03-27,2022,3,Riverside,15.1,22.4,18.3,56.5,21.7,77.5,4.43,Moderate
2022-03-28,2022,3,Riverside,36.3,57.2,40.6,55.5,18.9,58.9,2.47,Unhealthy (sensitive)
2022-03-29,2022,3,Riverside,26.4,,24.7,44.7,13.9,61.9,0.24,Moderate
2022-03-30,2022,3,Riverside,38.8,71.1,42.6,51.6,25.8,69,2.35,Unhealthy (sensitive)
2022-03-31,2022,3,Riverside,35.2,54,33.9,47,20.5,66.2,1.18,Unhealthy (sensitive)
2022-04-01,2022,4,Riverside,26.6,48.5,,30.9,21.5,63.5,1.87,Moderate
2022-04-02,2022,4,Riverside,38.1,65.8,31.1,23.5,19.6,81.5,2.01,Unhealthy (sensitive)
2022-04-03,2022,4,Riverside,167.1,165,38.4,32.1,21.4,69.7,4.41,Unhealthy
2022-04-04,2022,4,Riverside,38.5,73.5,39.9,,19.6,59.9,0.2,Unhealthy (sensitive)
2022-04-05,2022,4,Riverside,11.6,20.8,18.9,38.5,18.6,72.2,1.69,Good
2022-04-06,2022,4,Riverside,38.4,59.3,39.2,58.3,23.7,72.2,2.36,Unhealthy (sensitive)
2022-04-07,2022,4,Riverside,29.9,59.9,35,44.9,17.9,74.8,1.04,Moderate
2022-04-08,2022,4,Riverside,,31.4,19.2,66.5,20.5,57.2,2.38,
2022-04-09,2022,4,Riverside,26,46.8,27.8,24.5,21.8,74.7,4.16,Moderate
2022-04-10,2022,4,Riverside,24,41.5,28.8,29.4,21,62,3.86,Moderate
2022-04-11,2022,4,Riverside,23.5,31.1,26.9,54,16.8,64.8,4.95,Moderate
2022-04-12,2022,4,Riverside,24.3,41.1,30.3,55.7,14.7,72.9,4.17,Moderate
2022-04-13,2022,4,Riverside,22.3,28.7,21.5,39.9,13.4,58.2,2.43,Moderate
2022-04-14,2022,4,Riverside,,54.6,30.5,34.6,26.3,73.6,5.25,
2022-04-15,2022,4,Riverside,25.6,50.3,25.4,,16.8,66.6,0.55,Moderate
2022-04-16,2022,4,Riverside,23.2,38,24,,23.6,81.2,4.56,Moderate
2022-04-17,2022,4,Riverside,37.1,57,39.7,41.2,23.7,80.5,1.32,Unhealthy (sensitive)
2022-04-18,2022,4,Riverside,22.2,35.7,25.9,52.4,25.2,75.9,3.11,Moderate
2022-04-19,2022,4,Riverside,28.7,50.4,28.4,36.4,25.1,54.3,1.61,Moderate
2022-04-20,2022,4,Riverside,42.3,58.2,39.8,,23.3,75.3,2.56,Unhealthy (sensitive)
2022-04-21,2022,4,Riverside,35,65.8,37.2,50.6,17.9,82.4,3.3,Moderate
2022-04-22,2022,4,Riverside,34,64.4,34.3,,23.6,75.7,3.8,Moderate
2022-04-23,2022,4,Riverside,24.5,34.1,21.9,30.6,14.5,83.1,2.93,Moderate
2022-04-24,2022,4,Riverside,35,59.3,31.1,30.4,20.5,62.1,2.27,Moderate
2022-04-25,2022,4,Riverside,22.2,34.4,24.5,,,64.1,0.92,Moderate
2022-04-26,2022,4,Riverside,25.9,32.6,25.6,48.6,20.1,70.9,2.49,Moderate
2022-04-27,2022,4,Riverside,31.1,43,33.8,,20.2,67,2.34,Moderate
2022-04-28,2022,4,Riverside,20.6,37.4,24.3,30.8,24.4,82.4,3.82,Moderate
2022-04-29,2022,4,Riverside,30.6,,,58.3,16.4,75.6,1.95,Moderate
2022-04-30,2022,4,Riverside,,60.1,28.1,29.4,32.4,63.6,1.9,
2022-05-01,2022,5,Riverside,20.1,33.4,19.6,37.7,25.7,66.5,3.85,Moderate
2022-05-02,2022,5,Riverside,,34.7,26.3,50,26.2,77.2,2.8,
2022-05-03,2022,5,Riverside,,56.2,32.2,41.9,22.7,71.2,1.59,
2022-05-04,2022,5,Riverside,,22.8,22.9,59.8,27,63,7,
2022-05-05,2022,5,Riverside,,40.2,29,58.4,22,71.5,2.91,
2022-05-06,2022,5,Riverside,,56.6,30.4,49.5,24.2,54.9,0.2,
2022-05-07,2022,5,Riverside,,,28.7,35.1,23.2,57.5,3.45,
2022-05-08,2022,5,Riverside,,43.8,26.8,28.4,22.7,84,3.48,
2022-05-09,2022,5,Riverside,,35.3,27.6,22,23.4,58.6,3.52,
2022-05-10,2022,5,Riverside,,30.4,25.6,57.6,28.4,69.8,4.08,
2022-05-11,2022,5,Riverside,,46,,37.2,21.3,43.5,2.36,
2022-05-12,2022,5,Riverside,,76,33.9,,22.1,50.7,2.38,
2022-05-13,2022,5,Riverside,20.7,20.8,21.9,30.2,21.6,75.9,4.22,Moderate
2022-05-14,2022,5,Riverside,33,,28.4,43.5,23.6,59.7,5.26,Moderate
2022-05-15,2022,5,Riverside,,49.7,29,53.7,28.3,71.7,3.99,
2022-05-16,2022,5,Riverside,32.3,49.6,34,28.3,25.8,66.5,4.88,Moderate
2022-05-17,2022,5,Riverside,22.6,31.3,21.9,,24.5,64,3.37,Moderate
2022-05-18,2022,5,Riverside,12,24.3,19.6,35.7,26.6,60.8,3.28,Good
2022-05-19,2022,5,Riverside,24.2,,22.6,70.5,27.3,63,1.75,Moderate
2022-05-20,2022,5,Riverside,25.7,47.2,31,17,28.4,54.1,2.49,Moderate
2022-05-21,2022,5,Riverside,,48,30.6,33.5,27,73.2,3.97,
2022-05-22,2022,5,Riverside,24.2,,25.5,46.8,23.1,67.9,4.51,Moderate
2022-05-23,2022,5,Riverside,35.2,64.8,31,30.7,24.4,61,3.81,Unhealthy (sensitive)
2022-05-24,2022,5,Riverside,20.8,,24.5,46.5,,99,1.94,Moderate
2022-05-25,2022,5,Riverside,30.5,54,31.3,53.6,28.8,61.5,2.41,Moderate
2022-05-26,2022,5,Riverside,22.3,44.7,24.4,51.8,31.7,48.2,0.2,Moderate
2022-05-27,2022,5,Riverside,11.9,13.9,19.8,51.3,,64.2,3.23,Good
2022-05-28,2022,5,Riverside,27.1,56.6,32.4,52.2,29.2,62.4,3.2,Moderate
2022-05-29,2022,5,Riverside,21,35.8,27.7,44.5,23.9,83.9,4.5,Moderate
2022-05-30,2022,5,Riverside,22.3,28.7,24.9,,24.9,70.9,4.33,Moderate
2022-05-31,2022,5,Riverside,15.5,21.6,16.4,,23.3,52.9,4.17,Moderate
2022-06-01,2022,6,Riverside,26,36.1,29.9,18.1,22.8,49.2,4.29,Moderate
2022-06-02,2022,6,Riverside,16.6,29,,77.9,31,69.1,3.73,Moderate
2022-06-03,2022,6,Riverside,26.9,39.4,,55.3,30.3,66.2,4.01,Moderate
2022-06-04,2022,6,Riverside,22.9,47.6,22.8,46.9,21.5,61.4,2.87,Moderate
2022-06-05,2022,6,Riverside,14.6,27.9,15.9,57.7,29,68.6,2.71,Moderate
2022-06-06,2022,6,Riverside,16.3,28.9,21.5,,23.9,83.7,2.66,Moderate
2022-06-07,2022,6,Riverside,26.9,57.2,23.7,57.5,20.5,63.3,2.15,Moderate
2022-06-08,2022,6,Riverside,12.4,25.3,16.4,68.3,27.2,73.5,5.69,Moderate
2022-06-09,2022,6,Riverside,30.5,52.6,28.3,75.3,24.1,66.9,4.43,Moderate
2022-06-10,2022,6,Riverside,20.5,41.2,19.9,22.2,23.7,73.8,5.25,Moderate
2022-06-11,2022,6,Riverside,16.3,30.4,22.2,62.6,26.3,68.6,2.45,Moderate
2022-06-12,2022,6,Riverside,24.1,39.1,24.6,44.9,26.1,61.4,2.12,Moderate
2022-06-13,2022,6,Riverside,27.5,56.9,29.2,45.6,31.1,73,6.57,Moderate
2022-06-14,2022,6,Riverside,25,33.2,,33.3,28.8,81.3,2.78,Moderate
2022-06-15,2022,6,Riverside,35.6,74.1,,59.6,30.7,85.3,3.31,Unhealthy (sensitive)
2022-06-16,2022,6,Riverside,16.1,32.9,16.7,,29.2,52.2,6.07,Moderate
2022-06-17,2022,6,Riverside,16.6,13.7,19.7,58.3,28.9,67.2,2.08,Moderate
2022-06-18,2022,6,Riverside,35.2,67.5,39.7,37.8,29.3,80,1.79,Unhealthy (sensitive)
2022-06-19,2022,6,Riverside,16.8,36.8,23.5,60.6,28.5,67.2,2.27,Moderate
2022-06-20,2022,6,Riverside,18,33.8,18.5,25.2,28.1,77.2,1.06,Moderate
2022-06-21,2022,6,Riverside,27.6,39.5,27.8,36,24.7,60.3,3.32,Moderate
2022-06-22,2022,6,Riverside,,52.4,33.4,34.7,27.9,61.7,4.86,
2022-06-23,2022,6,Riverside,24.4,38.8,21.9,53.8,28.9,76.5,4.13,Moderate
2022-06-24,2022,6,Riverside,33.7,58.6,28.4,52.6,28.2,76.6,4.49,Moderate
2022-06-25,2022,6,Riverside,20.2,45.1,,57.8,26.5,70.2,5.37,Moderate
2022-06-26,2022,6,Riverside,20.1,26.5,22.6,47.7,26,62.9,4.36,Moderate
2022-06-27,2022,6,Riverside,14.3,23.8,16.2,60.2,30.9,78,4.87,Moderate
2022-06-28,2022,6,Riverside,33.2,62.5,29.6,33.9,21.4,67.5,1.67,Moderate
2022-06-29,2022,6,Riverside,,47.2,29.7,,24.2,63,3.68,
2022-06-30,2022,6,Riverside,27.6,45.4,27.1,65.4,31.7,66.3,2.53,Moderate
2022-07-01,2022,7,Riverside,35.2,62.3,39.6,48.7,27.6,56.6,4.23,Unhealthy (sensitive)
2022-07-02,2022,7,Riverside,26.7,64.1,26.6,58,28.7,72.8,2.73,Moderate
2022-07-03,2022,7,Riverside,33.8,57,32.8,48.9,23.5,86.2,2.61,Moderate
2022-07-04,2022,7,Riverside,,32.5,23.6,38.3,25.3,69.8,3.74,
2022-07-05,2022,7,Riverside,24.7,49.9,30.7,43.2,27.4,53.6,2.98,Moderate
2022-07-06,2022,7,Riverside,34.9,56.2,29.4,47.2,30.3,58.8,2.54,Moderate
2022-07-07,2022,7,Riverside,22.5,39.3,27.3,65.1,25.5,66.1,2.01,Moderate
2022-07-08,2022,7,Riverside,19.2,47.9,19.2,54.7,28.7,79.1,1.86,Moderate
2022-07-09,2022,7,Riverside,28.5,55.5,29.6,50.3,26.2,84.3,1.84,Moderate
2022-07-10,2022,7,Riverside,28.1,41,24.4,37.6,26,75.9,2.34,Moderate
2022-07-11,2022,7,Riverside,15.5,39.5,22.5,39.6,26.2,72.1,0.5,Moderate
2022-07-12,2022,7,Riverside,32.3,40.8,36.1,52.5,,70.2,4.91,Moderate
2022-07-13,2022,7,Riverside,18.2,30.6,25.3,42.2,26.9,76.8,2.88,Moderate
2022-07-14,2022,7,Riverside,22.3,46.6,23.1,59.7,28.8,62.6,3.87,Moderate
2022-07-15,2022,7,Riverside,9.9,19.7,17.5,51.1,,64.8,1.45,Good
2022-07-16,2022,7,Riverside,11.9,11.6,15.7,57.5,29.9,64.3,4.69,Good
2022-07-17,2022,7,Riverside,18.6,41.4,25,59,32.4,49.3,3.01,Moderate
2022-07-18,2022,7,Riverside,15.7,26.1,19.4,,23.3,68,2.53,Moderate
2022-07-19,2022,7,Riverside,29.6,60.2,31.5,69.5,28.6,56.9,3.1,Moderate
2022-07-20,2022,7,Riverside,35.2,66.1,30.8,64.1,25.5,62.9,5.22,Unhealthy (sensitive)
2022-07-21,2022,7,Riverside,29.4,58.7,27.3,37,23,84.2,1.32,Moderate
2022-07-22,2022,7,Riverside,20.7,32.8,21.6,49.8,25.3,58.6,3.01,Moderate
2022-07-23,2022,7,Riverside,17.4,32.3,21.7,67.6,24.7,65,4.29,Moderate
2022-07-24,2022,7,Riverside,23.7,51.4,,52.6,30.3,62.1,4.33,Moderate
2022-07-25,2022,7,Riverside,7.9,11.4,13.6,49.2,29.7,52.7,0.99,Good
2022-07-26,2022,7,Riverside,24.7,44.9,29.5,63.6,22.5,75.6,4.14,Moderate
2022-07-27,2022,7,Riverside,10.8,25.2,15.1,62.6,23,78.6,3.51,Good
2022-07-28,2022,7,Riverside,20.8,35.4,24.2,41.6,23.1,76.1,3.96,Moderate
2022-07-29,2022,7,Riverside,16.8,33.3,22.5,51.9,27.2,71.9,3.59,Moderate
2022-07-30,2022,7,Riverside,20.5,32.2,,37.2,29.9,73.8,2.87,Moderate
2022-07-31,2022,7,Riverside,14.4,32.4,20.6,,26.1,52.8,1.81,Moderate
2022-08-01,2022,8,Riverside,30.3,54.7,32.9,,29,78.9,4.3,Moderate
2022-08-02,2022,8,Riverside,23.4,50.9,28.6,39.7,24.7,70.1,3.18,Moderate
2022-08-03,2022,8,Riverside,11.5,16.9,15.7,63.2,29.9,63.4,0.88,Good
2022-08-04,2022,8,Riverside,28.2,38.1,30.6,80.1,25.2,85.6,2.31,Moderate
2022-08-05,2022,8,Riverside,24.3,41.1,23.2,36.8,32.5,69.3,1.77,Moderate
2022-08-06,2022,8,Riverside,19.7,33.8,20.3,69.6,28.3,62.8,0.2,Moderate
2022-08-07,2022,8,Riverside,13.8,,18.8,67.1,26.8,60.2,4.13,Moderate
2022-08-08,2022,8,Riverside,19.9,24.3,21,50.3,25.6,63,3.48,Moderate
2022-08-09,2022,8,Riverside,27.3,56.4,30.3,71.1,29.8,73.5,3.74,Moderate
2022-08-10,2022,8,Riverside,14.2,20.5,16.2,45.6,29.3,73,4.09,Moderate
2022-08-11,2022,8,Riverside,27.7,43.1,28.7,37.7,38.2,74.2,3.25,Moderate
2022-08-12,2022,8,Riverside,29.6,42,31.8,,24.3,71.2,6.45,Moderate
2022-08-13,2022,8,Riverside,27.7,52.1,33.3,45.7,28.5,76.9,3.13,Moderate
2022-08-14,2022,8,Riverside,27.7,56.3,29.8,49.9,26.9,77.2,2.43,Moderate
2022-08-15,2022,8,Riverside,17.5,27.7,20.5,29.1,24.1,67.5,4.18,Moderate
2022-08-16,2022,8,Riverside,19.1,35.5,22.9,62.7,20.3,60.8,3.06,Moderate
2022-08-17,2022,8,Riverside,20.5,32.2,25.1,41.5,18.4,68.1,3.74,Moderate
2022-08-18,2022,8,Riverside,27.6,55.7,31.9,,25.4,50.9,2.02,Moderate
2022-08-19,2022,8,Riverside,19.1,26.1,21.8,58.5,22.9,56.6,0.77,Moderate
2022-08-20,2022,8,Riverside,30.5,36.3,28.7,48.7,,65.3,4.53,Moderate
2022-08-21,2022,8,Riverside,18.7,29.5,,56.3,24,96.3,5.45,Moderate
2022-08-22,2022,8,Riverside,7.5,12.2,13.2,62.4,21,86.2,2.63,Good
2022-08-23,2022,8,Riverside,32.1,44.7,29.5,70.6,23.6,67.4,3.9,Moderate
2022-08-24,2022,8,Riverside,21.2,33.6,21.7,48.2,26.3,71.7,3.81,Moderate
2022-08-25,2022,8,Riverside,17.3,29.8,18.9,45.3,22.2,65.5,1.69,Moderate
2022-08-26,2022,8,Riverside,20.1,33.6,21,43.7,28.7,58.3,1.7,Moderate
2022-08-27,2022,8,Riverside,24.7,49.2,,,23.3,72.8,1.63,Moderate
2022-08-28,2022,8,Riverside,27.6,38,28.6,31.6,26.2,80.2,2.95,Moderate
2022-08-29,2022,8,Riverside,,45.8,26.7,39,29.2,66.8,3.05,
2022-08-30,2022,8,Riverside,23.5,40.1,24,42.1,24.3,57.9,2.72,Moderate
2022-08-31,2022,8,Riverside,22.3,25.7,21.8,,27.4,84,4.69,Moderate
2022-09-01,2022,9,Riverside,,35,29.2,33.1,24.6,53.5,0.86,
2022-09-02,2022,9,Riverside,21.9,37.2,27.9,31.9,16,76.6,4.15,Moderate
2022-09-03,2022,9,Riverside,28.7,,28.4,40,22.1,65.1,1.29,Moderate
2022-09-04,2022,9,Riverside,26.6,52.2,25.6,53.6,23.6,60.6,1.86,Moderate
2022-09-05,2022,9,Riverside,26.8,41.9,31.4,54.5,25.1,51.8,1.12,Moderate
2022-09-06,2022,9,Riverside,26.3,35.8,29,50.1,24.7,44.3,2.36,Moderate
2022-09-07,2022,9,Riverside,32.5,56,26.8,39.5,25,49,3.7,Moderate
2022-09-08,2022,9,Riverside,24.5,46.9,26.5,48,24.3,63.7,2.98,Moderate
2022-09-09,2022,9,Riverside,21.3,35,26,30.6,24,73.7,4.67,Moderate
2022-09-10,2022,9,Riverside,25.7,43.3,23.4,40.6,17.6,76.9,4.02,Moderate
2022-09-11,2022,9,Riverside,22.7,43.5,26.9,36.4,21.2,61.5,4.22,Moderate
2022-09-12,2022,9,Riverside,32.5,62.8,31.6,46.2,21.1,53.8,3.71,Moderate
2022-09-13,2022,9,Riverside,28.5,55.8,27.9,29.5,26.3,62.2,2.38,Moderate
2022-09-14,2022,9,Riverside,30.9,59.4,31.3,33.2,13.9,50.8,2.67,Moderate
2022-09-15,2022,9,Riverside,33.8,43.8,,48.9,21.2,57.9,3.7,Moderate
2022-09-16,2022,9,Riverside,35.8,57.9,37.7,23.7,20.1,72.2,4.46,Unhealthy (sensitive)
2022-09-17,2022,9,Riverside,24.7,37.7,26.8,61.3,24.9,79.1,1.24,Moderate
2022-09-18,2022,9,Riverside,21,42.1,20.9,41.5,25,74.9,1.84,Moderate
2022-09-19,2022,9,Riverside,35.4,48.9,,57.1,21.6,69.7,6.63,Unhealthy (sensitive)
2022-09-20,2022,9,Riverside,25.7,,24,43,23.2,63.9,3.31,Moderate
2022-09-21,2022,9,Riverside,30.6,41.6,31.6,59.3,19.5,93.1,5.69,Moderate
2022-09-22,2022,9,Riverside,22.8,42.2,26.1,,24.8,70.2,4.99,Moderate
2022-09-23,2022,9,Riverside,23.3,37.2,29.3,21,25.2,59,2.32,Moderate
2022-09-24,2022,9,Riverside,24,43.1,25,39.8,21.1,59.7,0.67,Moderate
2022-09-25,2022,9,Riverside,30.9,49.6,32.1,9.6,23.5,56.1,2.81,Moderate
2022-09-26,2022,9,Riverside,35.2,43.9,35.5,53.7,,70.9,2.64,Unhealthy (sensitive)
2022-09-27,2022,9,Riverside,,46.3,29.6,43.7,29.5,70.1,2.45,
2022-09-28,2022,9,Riverside,23.7,44.3,,28.1,21.9,68.8,2.47,Moderate
2022-09-29,2022,9,Riverside,35.7,49.5,30.2,43.4,25.1,66.3,2.6,Unhealthy (sensitive)
2022-09-30,2022,9,Riverside,23.5,58.8,26.6,,21.7,69,3.76,Moderate
2022-10-01,2022,10,Riverside,36.1,77.6,31.9,39.6,15.9,83.6,2.12,Unhealthy (sensitive)
2022-10-02,2022,10,Riverside,28.9,56.8,31.2,41.4,18.5,75.5,1.1,Moderate
2022-10-03,2022,10,Riverside,36.1,45.9,36,53.9,20.9,83.8,1.91,Unhealthy (sensitive)
2022-10-04,2022,10,Riverside,23,,28.9,49.8,23.4,92.7,2.79,Moderate
2022-10-05,2022,10,Riverside,33.5,56.9,29.5,40.3,17.4,62.4,2.51,Moderate
2022-10-06,2022,10,Riverside,28,46.2,29.3,53.4,17.7,75.4,3.12,Moderate
2022-10-07,2022,10,Riverside,37.6,79.7,36.3,29.5,22.7,82.2,2.3,Unhealthy (sensitive)
2022-10-08,2022,10,Riverside,17.7,25.3,20.6,27.4,22.8,78.4,3.43,Moderate
2022-10-09,2022,10,Riverside,26,41.7,23,42.7,19.1,83,3.66,Moderate
2022-10-10,2022,10,Riverside,24.5,57.8,29.5,,15.5,68,1.53,Moderate
2022-10-11,2022,10,Riverside,33,55.6,35.9,45.1,23.5,69.8,2.83,Moderate
2022-10-12,2022,10,Riverside,34.7,58.1,32.4,39.7,21,67,0.2,Moderate
2022-10-13,2022,10,Riverside,31.1,62.2,34.5,46.5,20.2,79.9,5.47,Moderate
2022-10-14,2022,10,Riverside,26.8,43.8,32,38.2,19.8,84,3.63,Moderate
2022-10-15,2022,10,Riverside,36.1,65.5,39.5,28.9,23.4,99,4.78,Unhealthy (sensitive)
2022-10-16,2022,10,Riverside,,72.2,35.1,54.1,20.6,65.7,0.2,
2022-10-17,2022,10,Riverside,49.2,104,46.8,47.4,15.8,74.7,4.29,Unhealthy (sensitive)
2022-10-18,2022,10,Riverside,41.1,72.1,39,19.5,22.1,51.3,1.78,Unhealthy (sensitive)
2022-10-19,2022,10,Riverside,34,64.3,38,42.1,18.7,67.5,4.09,Moderate
2022-10-20,2022,10,Riverside,38.5,73.8,40.2,32.6,17.3,78.7,1.88,Unhealthy (sensitive)
2022-10-21,2022,10,Riverside,32.8,63.7,37.5,49.4,17.8,81.7,3.65,Moderate
2022-10-22,2022,10,Riverside,26.7,45.5,30.1,16.2,24.5,68.9,3.12,Moderate
2022-10-23,2022,10,Riverside,,40.1,28.1,69.5,18.5,68.1,2.85,
2022-10-24,2022,10,Riverside,39.8,70,37.9,51.5,20.6,81.7,5.38,Unhealthy (sensitive)
2022-10-25,2022,10,Riverside,31.7,45.8,30,28.3,16,75.6,2.08,Moderate
2022-10-26,2022,10,Riverside,25.6,38.7,30.7,61.7,13.9,68.5,4.21,Moderate
2022-10-27,2022,10,Riverside,33.7,67.9,30.7,17.7,16.2,79.4,0.2,Moderate
2022-10-28,2022,10,Riverside,,,31.6,,14.5,72.6,1.01,
2022-10-29,2022,10,Riverside,42.7,68.3,44.6,38.4,14.7,62.3,5.11,Unhealthy (sensitive)
2022-10-30,2022,10,Riverside,28.6,45.5,25,55.1,17.3,64.2,7.72,Moderate
2022-10-31,2022,10,Riverside,147.3,216.2,33.6,39.6,14.2,79.8,3.18,Unhealthy
2022-11-01,2022,11,Riverside,54.2,105.9,45.2,51.2,22.4,80,1.64,Unhealthy (sensitive)
2022-11-02,2022,11,Riverside,51.7,93.6,39.8,49.2,21,68.8,1.18,Unhealthy (sensitive)
2022-11-03,2022,11,Riverside,31.8,53,27,51.7,12.8,64.2,0.2,Moderate
2022-11-04,2022,11,Riverside,44.3,101.1,,34.2,19.6,54,2.83,Unhealthy (sensitive)
2022-11-05,2022,11,Riverside,30.3,59.6,25.8,33.2,19.4,97.4,1.82,Moderate
2022-11-06,2022,11,Riverside,,,29.6,56.4,16.4,57,2.11,
2022-11-07,2022,11,Riverside,32.4,47.1,29.5,57.2,12.8,61.1,4.27,Moderate
2022-11-08,2022,11,Riverside,35.3,45.3,33.4,46.2,21.8,88.3,0.91,Unhealthy (sensitive)
2022-11-09,2022,11,Riverside,39.8,66.4,31.6,42.5,11.6,78.4,4.4,Unhealthy (sensitive)
2022-11-10,2022,11,Riverside,48.7,70.7,43.3,49.5,13.2,63.9,1.31,Unhealthy (sensitive)
2022-11-11,2022,11,Riverside,,61.6,36.7,56.5,17.2,72.9,1.35,
2022-11-12,2022,11,Riverside,48.7,103.3,47.2,38.1,16.5,76.2,4.41,Unhealthy (sensitive)
2022-11-13,2022,11,Riverside,41.6,74.6,40.5,67.3,13.9,76.6,2.92,Unhealthy (sensitive)
2022-11-14,2022,11,Riverside,37.2,62.5,32.4,25.1,11.7,64.5,2.06,Unhealthy (sensitive)
2022-11-15,2022,11,Riverside,44.7,72.8,44.2,19,15.9,87.3,3.82,Unhealthy (sensitive)
2022-11-16,2022,11,Riverside,,,33.5,47.1,15.2,77.2,0.2,
2022-11-17,2022,11,Riverside,38.1,64.1,41.8,28.6,14.2,64.3,2.59,Unhealthy (sensitive)
2022-11-18,2022,11,Riverside,46.6,72.5,43.7,39,18.5,59.5,2.73,Unhealthy (sensitive)
2022-11-19,2022,11,Riverside,37.5,55.3,40.7,53.9,15.7,78.2,4.2,Unhealthy (sensitive)
2022-11-20,2022,11,Riverside,35.7,67.9,,31.8,17.1,76.7,3.22,Unhealthy (sensitive)
2022-11-21,2022,11,Riverside,37.7,62.4,30.2,6,20.5,63.7,3.14,Unhealthy (sensitive)
2022-11-22,2022,11,Riverside,41.7,86.1,38.3,,12.2,77.3,3.51,Unhealthy (sensitive)
2022-11-23,2022,11,Riverside,36.4,61,32.3,20.4,14.6,78.5,2.28,Unhealthy (sensitive)
2022-11-24,2022,11,Riverside,40.4,62.5,42.7,37.4,11.2,66.5,3.74,Unhealthy (sensitive)
2022-11-25,2022,11,Riverside,29.6,66.4,28.4,47.2,15.2,71.5,1.01,Moderate
2022-11-26,2022,11,Riverside,52.9,,40.5,37.4,8.1,76.5,1.46,Unhealthy (sensitive)
2022-11-27,2022,11,Riverside,31.7,56.8,30.4,27.4,12.3,82.2,1.57,Moderate
2022-11-28,2022,11,Riverside,33.7,61.3,36.2,29.9,13.1,69.6,0.45,Moderate
2022-11-29,2022,11,Riverside,43.2,76.1,45,63.4,17,74.5,2.17,Unhealthy (sensitive)
2022-11-30,2022,11,Riverside,49.9,93,43.9,43.1,15.1,74.9,4.21,Unhealthy (sensitive)
2022-12-01,2022,12,Riverside,40.2,85.4,40.8,22.4,14.7,69.5,2.15,Unhealthy (sensitive)
2022-12-02,2022,12,Riverside,33.3,56.2,29.1,49.2,14.3,74.9,1.14,Moderate
2022-12-03,2022,12,Riverside,31.3,38.3,28.9,27.3,12.5,88.1,1.12,Moderate
2022-12-04,2022,12,Riverside,43.9,75.2,34.6,24,12.1,80.2,3.29,Unhealthy (sensitive)
2022-12-05,2022,12,Riverside,32.6,61.9,,37.2,14.3,97.2,0.2,Moderate
2022-12-06,2022,12,Riverside,43.2,66.6,45.5,47.8,9.2,68.8,2.42,Unhealthy (sensitive)
2022-12-07,2022,12,Riverside,52.8,83.4,45.3,40.1,13.6,75.1,3.46,Unhealthy (sensitive)
2022-12-08,2022,12,Riverside,42.9,70.2,43.1,62.2,12.4,66.6,3.78,Unhealthy (sensitive)
2022-12-09,2022,12,Riverside,,59.4,31.6,31.2,11.5,83,0.2,
2022-12-10,2022,12,Riverside,19.8,,21.7,40.7,10.9,82.7,3.73,Moderate
2022-12-11,2022,12,Riverside,34.7,57.7,34.6,44.5,10.7,74.1,2.95,Moderate
2022-12-12,2022,12,Riverside,40.6,75.8,36.5,25.5,,91.8,2.76,Unhealthy (sensitive)
2022-12-13,2022,12,Riverside,40.4,56.5,40.6,28.4,15.1,73.2,1.26,Unhealthy (sensitive)
2022-12-14,2022,12,Riverside,,71.7,37.3,46.9,12.7,67.8,0.46,
2022-12-15,2022,12,Riverside,36.1,72.8,30.1,47,13.8,80.6,3.6,Unhealthy (sensitive)
2022-12-16,2022,12,Riverside,38.7,63.3,40.1,32.9,13.4,67.4,1.83,Unhealthy (sensitive)
2022-12-17,2022,12,Riverside,40.4,,43.2,,17.3,65.1,2.37,Unhealthy (sensitive)
2022-12-18,2022,12,Riverside,33.1,70.6,33.6,40.8,10.4,79.1,2.79,Moderate
2022-12-19,2022,12,Riverside,37.8,,31.6,15.7,19.8,67.9,3.47,Unhealthy (sensitive)
2022-12-20,2022,12,Riverside,37.3,77.9,33.4,14.6,16.8,76,5.88,Unhealthy (sensitive)
2022-12-21,2022,12,Riverside,41.9,75.2,41.1,17,9.9,99,1.26,Unhealthy (sensitive)
2022-12-22,2022,12,Riverside,37.8,,41.7,30,16,82.6,3.42,Unhealthy (sensitive)
2022-12-23,2022,12,Riverside,,77.5,34,41.1,14.1,84.2,3.33,
2022-12-24,2022,12,Riverside,38.3,59.9,38.2,28.3,11.2,90.9,1.46,Unhealthy (sensitive)
2022-12-25,2022,12,Riverside,,70.6,35.8,39.5,13.1,61.3,4.5,
2022-12-26,2022,12,Riverside,35.6,45.1,30.4,35.5,11.7,72.7,3.05,Unhealthy (sensitive)
2022-12-27,2022,12,Riverside,,69.3,29.2,25,16.3,80.2,0.9,
2022-12-28,2022,12,Riverside,37.4,72.7,30.3,42.2,16.2,78.9,0.2,Unhealthy (sensitive)
2022-12-29,2022,12,Riverside,41.7,79,34.3,31.7,19.2,56.7,2.74,Unhealthy (sensitive)
2022-12-30,2022,12,Riverside,49.9,84.7,37.5,21.5,11.2,57.4,2.22,Unhealthy (sensitive)
2022-12-31,2022,12,Riverside,43.7,101.2,45.9,,10.8,79.4,4.19,Unhealthy (sensitive)
2023-01-01,2023,1,Riverside,42.6,81.9,38.3,43.1,17,69.4,2.65,Unhealthy (sensitive)
2023-01-02,2023,1,Riverside,63.5,123.6,45.9,24.4,15.2,77.7,0.79,Unhealthy
2023-01-03,2023,1,Riverside,44.5,64.3,37.8,17.3,12.2,70.4,0.9,Unhealthy (sensitive)
2023-01-04,2023,1,Riverside,45.2,80.3,42.3,7.3,13.9,72.6,1.92,Unhealthy (sensitive)
2023-01-05,2023,1,Riverside,42.2,88.7,41.2,31.4,11.1,71.8,0.2,Unhealthy (sensitive)
2023-01-06,2023,1,Riverside,34.3,69.4,35.5,,15.8,85.6,1.04,Moderate
2023-01-07,2023,1,Riverside,34.3,74,30.3,,16.4,73,0.78,Moderate
2023-01-08,2023,1,Riverside,37.7,,,,14.9,83,3.61,Unhealthy (sensitive)
2023-01-09,2023,1,Riverside,,92.9,50.3,32.7,14.1,66.3,1.88,
2023-01-10,2023,1,Riverside,29.3,35.6,31.8,25.5,16.7,92.7,1.02,Moderate
2023-01-11,2023,1,Riverside,32.7,52.8,37.8,27.7,11.3,88.9,2.09,Moderate
2023-01-12,2023,1,Riverside,34.7,66.5,,28.4,14.5,65.2,1.59,Moderate
2023-01-13,2023,1,Riverside,31.6,53.3,,66.5,11.8,82.6,2.65,Moderate
2023-01-14,2023,1,Riverside,35.3,57.1,37.5,54,15.5,83,1.99,Unhealthy (sensitive)
2023-01-15,2023,1,Riverside,37.8,83,32.6,27.8,13.8,85.6,0.77,Unhealthy (sensitive)
2023-01-16,2023,1,Riverside,,85.1,45.6,11.8,19,77,2.78,
2023-01-17,2023,1,Riverside,35.6,66.7,35.2,43.4,11.5,63.7,3.14,Unhealthy (sensitive)
2023-01-18,2023,1,Riverside,39.7,78.6,32,33.6,7.4,61.9,2.46,Unhealthy (sensitive)
2023-01-19,2023,1,Riverside,41.9,68.7,37.6,,12.3,95.3,0.96,Unhealthy (sensitive)
2023-01-20,2023,1,Riverside,36.7,53.3,38,35.5,16,62.7,4.62,Unhealthy (sensitive)
2023-01-21,2023,1,Riverside,35,,28.4,27.1,13.8,59.6,4.01,Moderate
2023-01-22,2023,1,Riverside,40.4,63.3,38.9,37.4,10.6,56.4,3.11,Unhealthy (sensitive)
2023-01-23,2023,1,Riverside,42.8,75.6,44.8,39.9,14.6,81.5,2.04,Unhealthy (sensitive)
2023-01-24,2023,1,Riverside,50.3,63.9,51.3,,10.3,79.5,2.68,Unhealthy (sensitive)
2023-01-25,2023,1,Riverside,34.3,,,,23.9,94.1,3.98,Moderate
2023-01-26,2023,1,Riverside,43.2,67.9,45.1,27,12.7,65.9,2.79,Unhealthy (sensitive)
2023-01-27,2023,1,Riverside,57.4,78,47.3,14.3,17.7,88.9,2.25,Unhealthy
2023-01-28,2023,1,Riverside,40.7,80.1,44.7,36,15.4,98.2,4.52,Unhealthy (sensitive)
2023-01-29,2023,1,Riverside,45.2,80.2,,33.3,15,88.7,2.27,Unhealthy (sensitive)
2023-01-30,2023,1,Riverside,,50.9,29.6,43.7,8.1,87.5,3.57,
2023-01-31,2023,1,Riverside,28.3,40.9,24.1,21.3,13.9,88,1.33,Moderate
2023-02-01,2023,2,Riverside,44.1,60.2,46.9,31.3,20.9,83.6,4.34,Unhealthy (sensitive)
2023-02-02,2023,2,Riverside,36.9,58.7,34.1,46.8,15.9,86.9,1.75,Unhealthy (sensitive)
2023-02-03,2023,2,Riverside,36.4,53,36.8,41.1,16.4,97.2,0.2,Unhealthy (sensitive)
2023-02-04,2023,2,Riverside,31.5,47,33.8,29.5,15.8,79.5,1.46,Moderate
2023-02-05,2023,2,Riverside,42.1,66.8,43.6,,15.2,73,1.35,Unhealthy (sensitive)
2023-02-06,2023,2,Riverside,46.4,70.1,48.5,21,13.9,81,1.31,Unhealthy (sensitive)
2023-02-07,2023,2,Riverside,33.4,70.3,36.5,11.9,11.6,87.2,1.57,Moderate
2023-02-08,2023,2,Riverside,27.4,50.5,30,33.3,11.5,70.1,3.54,Moderate
2023-02-09,2023,2,Riverside,44.1,83,34.3,13.5,15.2,67.7,1.95,Unhealthy (sensitive)
2023-02-10,2023,2,Riverside,41.6,77.6,36.6,42.1,,90.2,0.2,Unhealthy (sensitive)
2023-02-11,2023,2,Riverside,41.7,74.4,38,,11.7,76.6,5.15,Unhealthy (sensitive)
2023-02-12,2023,2,Riverside,39.9,54.2,40.3,35.9,17.3,70.3,1.38,Unhealthy (sensitive)
2023-02-13,2023,2,Riverside,34.7,57,38.2,30.6,19,43.6,2.39,Moderate
2023-02-14,2023,2,Riverside,36.2,76.9,30,30.9,22,70.6,0.2,Unhealthy (sensitive)
2023-02-15,2023,2,Riverside,42.6,,36.8,28.5,23.1,81.4,2.9,Unhealthy (sensitive)
2023-02-16,2023,2,Riverside,331.3,378.9,42.8,31.1,13,74.5,0.81,Unhealthy
2023-02-17,2023,2,Riverside,42.3,88.3,44,,17.7,74.4,2.65,Unhealthy (sensitive)
2023-02-18,2023,2,Riverside,,59,34.1,50.4,8.6,76.7,3.57,
2023-02-19,2023,2,Riverside,,81,39.6,33.9,13.9,91.8,1.86,
2023-02-20,2023,2,Riverside,,59,29.7,60.6,13.8,72.6,1.46,
2023-02-21,2023,2,Riverside,27.1,44.7,26.8,,15.2,76.5,3.47,Moderate
2023-02-22,2023,2,Riverside,41,57.1,35.5,35.7,,90,0.81,Unhealthy (sensitive)
2023-02-23,2023,2,Riverside,48.1,63.7,48.8,30.4,15.8,65.1,1.28,Unhealthy (sensitive)
2023-02-24,2023,2,Riverside,34.7,57.2,37.5,,19.7,57.1,1.29,Moderate
2023-02-25,2023,2,Riverside,39.2,59.3,34.2,63,16,82.8,0.47,Unhealthy (sensitive)
2023-02-26,2023,2,Riverside,49.7,94.6,52,39.2,12.9,84.8,2.52,Unhealthy (sensitive)
2023-02-27,2023,2,Riverside,41.1,72.1,36.9,46.1,15.7,73.6,4.58,Unhealthy (sensitive)
2023-02-28,2023,2,Riverside,33.3,55,36.8,27.8,10.9,89.4,0.2,Moderate
2023-03-01,2023,3,Riverside,30.4,51.1,27.4,40.5,16.9,64.7,7.57,Moderate
2023-03-02,2023,3,Riverside,34.1,68.3,30.3,25.5,16.9,71.6,4.19,Moderate
2023-03-03,2023,3,Riverside,44.5,75.3,41.5,47.1,12.2,94.3,1.59,Unhealthy (sensitive)
2023-03-04,2023,3,Riverside,34.5,,28.6,41.6,17.1,65,1.75,Moderate
2023-03-05,2023,3,Riverside,34.6,69.6,35.5,,14.4,52.6,3.59,Moderate
2023-03-06,2023,3,Riverside,,42.9,,69.8,15.9,60.5,2.74,
2023-03-07,2023,3,Riverside,,56.9,35.9,,17,71.5,1.64,
2023-03-08,2023,3,Riverside,,68.3,38.6,29,22.9,80.3,2.32,
2023-03-09,2023,3,Riverside,35.2,53.8,29.9,25.1,11.4,76.1,2.27,Unhealthy (sensitive)
2023-03-10,2023,3,Riverside,24.1,28.6,26.6,41.8,15.7,86.4,2.48,Moderate
2023-03-11,2023,3,Riverside,34,48.1,31.8,39.2,14.7,82,2.13,Moderate
2023-03-12,2023,3,Riverside,31,59.2,33,,22,88.3,2.47,Moderate
2023-03-13,2023,3,Riverside,,32.4,21.4,57.3,18.1,74.3,4.03,
2023-03-14,2023,3,Riverside,39.6,,33.7,25.2,16.5,71.5,1.79,Unhealthy (sensitive)
2023-03-15,2023,3,Riverside,18.4,29.6,22,33.1,23.2,76.9,2.76,Moderate
2023-03-16,2023,3,Riverside,24.5,43.2,29.9,32.3,16.8,47.5,1.34,Moderate
2023-03-17,2023,3,Riverside,32.5,39.6,27.9,54.9,17.7,75.1,2.3,Moderate
2023-03-18,2023,3,Riverside,26,44.4,30.9,35.6,16.3,73.2,3.69,Moderate
2023-03-19,2023,3,Riverside,38,50.8,42.4,47.8,14.4,60.9,0.76,Unhealthy (sensitive)
2023-03-20,2023,3,Riverside,27,41.1,30.9,,23.7,80.6,4.13,Moderate
2023-03-21,2023,3,Riverside,,75.6,40.5,65,13.9,71.1,1.81,
2023-03-22,2023,3,Riverside,38.8,68.9,33.9,29.6,20.4,60.5,2.4,Unhealthy (sensitive)
2023-03-23,2023,3,Riverside,42.8,70.9,38.4,48,26.6,67.2,2.12,Unhealthy (sensitive)
2023-03-24,2023,3,Riverside,30.3,,34.6,,19.1,76,1.86,Moderate
2023-03-25,2023,3,Riverside,25,,25.4,30.7,11.9,99,2.29,Moderate
2023-03-26,2023,3,Riverside,38.1,59.7,34.7,29.5,18.3,58.2,4.19,Unhealthy (sensitive)
2023-03-27,2023,3,Riverside,24.2,46.7,24.3,75.6,19.1,59.3,1.5,Moderate
2023-03-28,2023,3,Riverside,47.5,94.3,48.1,38.5,15.9,58,4.5,Unhealthy (sensitive)
2023-03-29,2023,3,Riverside,21.3,41.3,,35,17.8,73.4,3.36,Moderate
2023-03-30,2023,3,Riverside,32,52.3,33.4,33.4,21.8,81.7,1,Moderate
2023-03-31,2023,3,Riverside,27.3,46.9,25.5,45.5,17.4,81.3,3.84,Moderate
2023-04-01,2023,4,Riverside,31.4,46.3,,42.4,23.9,99,2.7,Moderate
2023-04-02,2023,4,Riverside,23.4,37.6,,63.5,19.5,73.7,6.23,Moderate
2023-04-03,2023,4,Riverside,40.5,58.1,40,35.6,23.6,76.5,2.28,Unhealthy (sensitive)
2023-04-04,2023,4,Riverside,31.5,48.5,36.1,44.1,15,77.4,4.1,Moderate
2023-04-05,2023,4,Riverside,33.1,46.8,36.4,63.6,23.8,64.9,4.19,Moderate
2023-04-06,2023,4,Riverside,28.3,40.7,24.3,46.7,17.3,70.6,3.51,Moderate
2023-04-07,2023,4,Riverside,26.4,40.7,23.9,38.3,23.1,55.1,0.27,Moderate
2023-04-08,2023,4,Riverside,31.5,54.4,35.5,29.2,26,76.9,3.51,Moderate
2023-04-09,2023,4,Riverside,,35.9,20.5,28.2,17.9,61.8,2.85,
2023-04-10,2023,4,Riverside,21.5,41.8,20.7,49.4,22.4,52.6,2.46,Moderate
2023-04-11,2023,4,Riverside,42.4,76,37.1,,21.7,76.3,0.2,Unhealthy (sensitive)
2023-04-12,2023,4,Riverside,30.7,50.5,25.7,57.3,16.6,70.1,1.34,Moderate
2023-04-13,2023,4,Riverside,19.5,39.8,25,33.5,18.5,67.8,1.94,Moderate
2023-04-14,2023,4,Riverside,28.5,37.5,24.7,32.4,,77.4,0.2,Moderate
2023-04-15,2023,4,Riverside,,59.5,28.6,47.8,21.7,71.5,3.21,
2023-04-16,2023,4,Riverside,28.5,46.6,32.9,55.1,23.5,82.9,1.94,Moderate
2023-04-17,2023,4,Riverside,38.8,80.6,40.5,30.4,16.9,56.1,2.72,Unhealthy (sensitive)
2023-04-18,2023,4,Riverside,27.5,30.6,28,41.6,22.6,66,2.44,Moderate
2023-04-19,2023,4,Riverside,25,38.3,25.5,,26.1,69.9,2.27,Moderate
2023-04-20,2023,4,Riverside,31.2,48.6,28.5,54.1,18.9,61.4,3.24,Moderate
2023-04-21,2023,4,Riverside,19.3,35.7,22.2,,15.7,88.1,2.16,Moderate
2023-04-22,2023,4,Riverside,30.2,57.2,29,43,26,70.9,3.02,Moderate
2023-04-23,2023,4,Riverside,29.8,61.4,26.3,47,26.7,57.9,1.69,Moderate
2023-04-24,2023,4,Riverside,27.2,58.8,30.2,28.5,25.9,66.7,5.13,Moderate
2023-04-25,2023,4,Riverside,,38.5,32.3,42.7,27.2,76.5,4.11,
2023-04-26,2023,4,Riverside,33.7,54.4,28.7,38.6,20.5,58.6,2.77,Moderate
2023-04-27,2023,4,Riverside,20.6,30.2,25.5,42.8,20.5,72.7,2.66,Moderate
2023-04-28,2023,4,Riverside,44.4,64.9,,43.9,26.5,71.9,2.58,Unhealthy (sensitive)
2023-04-29,2023,4,Riverside,37.2,,35.7,33.2,,55.5,2.21,Unhealthy (sensitive)
2023-04-30,2023,4,Riverside,13.4,25.4,17.5,37,20.4,82.8,5.7,Moderate
2023-05-01,2023,5,Riverside,24.7,,30.8,,20.1,72,3.76,Moderate
2023-05-02,2023,5,Riverside,,37.8,27.6,49.9,27.3,78.3,3.23,
2023-05-03,2023,5,Riverside,,66.6,27.5,62.8,21.7,57.5,2.53,
2023-05-04,2023,5,Riverside,,36,28.1,,19.2,73.1,3.8,
2023-05-05,2023,5,Riverside,,20,19,54.3,16.1,74.4,2.33,
2023-05-06,2023,5,Riverside,,48.7,33.9,52.5,28.5,70.6,3.98,
2023-05-07,2023,5,Riverside,,37.6,27.6,53.8,29.9,86,2.23,
2023-05-08,2023,5,Riverside,,37.8,21.8,42.9,23.8,80.2,0.2,
2023-05-09,2023,5,Riverside,,50.4,22,68.3,21,56.2,0.9,
2023-05-10,2023,5,Riverside,,37.8,,60,26.7,75.6,2.39,
2023-05-11,2023,5,Riverside,,44.3,21.6,31.9,23.7,47.7,2.36,
2023-05-12,2023,5,Riverside,,55.8,28.6,53.7,27.3,58.1,4.58,
2023-05-13,2023,5,Riverside,,58.2,38.4,44.3,25.2,56.7,2.64,
2023-05-14,2023,5,Riverside,21.3,37.3,25.5,61.3,19.7,80.8,3.02,Moderate
2023-05-15,2023,5,Riverside,29.4,69.1,26.4,38.5,26.7,99,1.96,Moderate
2023-05-16,2023,5,Riverside,23.3,44.5,25.7,48.5,18.7,68.3,3.07,Moderate
2023-05-17,2023,5,Riverside,38.8,72.2,33.3,43.6,23.6,81.4,3.85,Unhealthy (sensitive)
2023-05-18,2023,5,Riverside,17.7,34.2,22.2,33.5,22.9,65.6,5.44,Moderate
2023-05-19,2023,5,Riverside,42.9,83.5,35.3,53.2,30.1,89.2,5.34,Unhealthy (sensitive)
2023-05-20,2023,5,Riverside,23.9,,29,39.4,30,70.1,0.2,Moderate
2023-05-21,2023,5,Riverside,22.5,40.9,22.5,44.3,28.5,54.7,5.09,Moderate
2023-05-22,2023,5,Riverside,27,48,24.9,36.9,18.3,75,5.36,Moderate
2023-05-23,2023,5,Riverside,21.1,32,22.3,24.7,20,57.2,2.6,Moderate
2023-05-24,2023,5,Riverside,15.1,31.7,21.8,42.8,21.4,69.5,1.21,Moderate
2023-05-25,2023,5,Riverside,34.9,56.9,,,24.7,77.3,1.62,Moderate
2023-05-26,2023,5,Riverside,,,25.1,,22.7,65.8,2.55,
2023-05-27,2023,5,Riverside,23,47.1,24.8,54.9,29.8,60.4,3.53,Moderate
2023-05-28,2023,5,Riverside,36.9,55.9,,,30.2,84.6,1.7,Unhealthy (sensitive)
2023-05-29,2023,5,Riverside,18.1,38,23.2,54.4,29.6,62.6,2.6,Moderate
2023-05-30,2023,5,Riverside,27.6,39.1,24.6,52.7,29.5,52.4,2.02,Moderate
2023-05-31,2023,5,Riverside,21.9,59.1,25.4,60.7,24.6,70.6,1.8,Moderate
2023-06-01,2023,6,Riverside,23.4,46.6,25.8,43.4,27.8,62.5,4.14,Moderate
2023-06-02,2023,6,Riverside,19.8,33,24,44,27,42.7,2.85,Moderate
2023-06-03,2023,6,Riverside,39.3,76.4,38.7,50,23.3,78.6,1.04,Unhealthy (sensitive)
2023-06-04,2023,6,Riverside,16.4,19.3,20.5,,25.4,54.1,4,Moderate
2023-06-05,2023,6,Riverside,10.6,16.6,17.3,41.1,29.8,74.8,3.31,Good
2023-06-06,2023,6,Riverside,19.8,34.4,19.2,31.1,31.7,57.3,3.54,Moderate
2023-06-07,2023,6,Riverside,,177.5,34.3,52.8,23.4,77,3.19,
2023-06-08,2023,6,Riverside,26.7,,27.5,25.9,26.9,65.4,3.85,Moderate
2023-06-09,2023,6,Riverside,33.2,60.2,27.1,30.3,28.2,82.5,1.25,Moderate
2023-06-10,2023,6,Riverside,21.7,32.8,25.6,52.9,24.6,82,5.02,Moderate
2023-06-11,2023,6,Riverside,18.2,48.2,21.7,44.1,24.1,67.2,3.41,Moderate
2023-06-12,2023,6,Riverside,41.6,63.8,45.2,60.5,21.2,60.8,1.92,Unhealthy (sensitive)
2023-06-13,2023,6,Riverside,5.9,,11.6,,26.2,61,3.05,Good
2023-06-14,2023,6,Riverside,34.7,45.4,31.8,40.5,30.8,79.8,3.58,Moderate
2023-06-15,2023,6,Riverside,30.5,53.2,30.3,34.7,23.7,54.9,3.2,Moderate
2023-06-16,2023,6,Riverside,3,11,,57.3,28.2,71.1,2.92,Good
2023-06-17,2023,6,Riverside,24.4,40.8,23.5,30.2,29,59,3.46,Moderate
2023-06-18,2023,6,Riverside,24.9,51.7,30.8,57.4,29,75.1,0.75,Moderate
2023-06-19,2023,6,Riverside,168,83.3,23.6,66.3,31.3,59.4,3.02,Unhealthy
2023-06-20,2023,6,Riverside,26.7,48.1,25.8,22.1,29.7,81.7,1.95,Moderate
2023-06-21,2023,6,Riverside,16,37.6,19.7,62.9,27.7,68.5,4.97,Moderate
2023-06-22,2023,6,Riverside,12.2,20.4,16.4,56.6,23.3,73.8,4.18,Moderate
2023-06-23,2023,6,Riverside,34.2,62.7,27.8,49.1,26.5,74,2.54,Moderate
2023-06-24,2023,6,Riverside,9.7,20.6,17.7,44.5,27,99,2.13,Good
2023-06-25,2023,6,Riverside,16.3,21.8,,47.1,20.6,68.6,5.96,Moderate
2023-06-26,2023,6,Riverside,10,20.6,17.4,44.5,27.4,68.5,1.03,Good
2023-06-27,2023,6,Riverside,16.3,27.6,18.5,50.9,27.7,55,3.93,Moderate
2023-06-28,2023,6,Riverside,32.9,39.7,30.8,45.8,27,74.1,5.32,Moderate
2023-06-29,2023,6,Riverside,17.5,,24,,27.2,86.2,0.59,Moderate
2023-06-30,2023,6,Riverside,19.4,39.9,21,51.9,32.4,50,5.57,Moderate
2023-07-01,2023,7,Riverside,12.8,28,16.5,49.6,28.3,64.2,2.33,Moderate
2023-07-02,2023,7,Riverside,11.5,20.4,18.5,41.5,24.5,81,4.64,Good
2023-07-03,2023,7,Riverside,28.3,47.4,28.7,66,28.7,53.1,4.26,Moderate
2023-07-04,2023,7,Riverside,19.9,,,61.7,24.7,79.2,2.47,Moderate
2023-07-05,2023,7,Riverside,38.7,,42.9,45.9,17.4,61.9,3.39,Unhealthy (sensitive)
2023-07-06,2023,7,Riverside,15,17,16.5,,28.6,84.7,2.88,Moderate
2023-07-07,2023,7,Riverside,,16.2,19.9,46.5,28.4,66.1,5.28,
2023-07-08,2023,7,Riverside,21.9,,25.4,51.4,29.3,61.3,1.62,Moderate
2023-07-09,2023,7,Riverside,8.9,14.4,12.5,46,23.4,77.8,1.12,Good
2023-07-10,2023,7,Riverside,29.9,52.8,30.6,58.6,31.7,54.4,3.3,Moderate
2023-07-11,2023,7,Riverside,20.5,37.9,20.2,,24.2,77,3.98,Moderate
2023-07-12,2023,7,Riverside,25.2,53.8,26.9,,28.3,71.2,3.92,Moderate
2023-07-13,2023,7,Riverside,14.1,20.7,15.7,71.3,31.3,51.2,3.45,Moderate
2023-07-14,2023,7,Riverside,24.9,47.7,30,,33.3,67.4,2.04,Moderate
2023-07-15,2023,7,Riverside,17.5,24.7,22.4,56.9,26.6,69.8,5.5,Moderate
2023-07-16,2023,7,Riverside,7.3,16.6,14.7,51,29.9,60,4.52,Good
2023-07-17,2023,7,Riverside,12,20.5,15.2,,23.4,66.4,1.29,Good
2023-07-18,2023,7,Riverside,16.1,27.7,20,32.2,25.8,67.9,4.79,Moderate
2023-07-19,2023,7,Riverside,14.7,19.6,19.4,53.6,30.5,64.1,4.51,Moderate
2023-07-20,2023,7,Riverside,22.2,37.2,24.7,39.5,31.7,66.8,2.68,Moderate
2023-07-21,2023,7,Riverside,7.1,14.8,14.4,35.7,36.4,67.1,6.08,Good
2023-07-22,2023,7,Riverside,,,21.3,,25,79.9,4.65,
2023-07-23,2023,7,Riverside,16.7,35.7,22.9,50.7,21.9,74.8,2.56,Moderate
2023-07-24,2023,7,Riverside,,22.3,16.4,47.5,35.1,53.2,4.88,
2023-07-25,2023,7,Riverside,28.6,50.9,31.8,65.2,23.4,53.4,4.82,Moderate
2023-07-26,2023,7,Riverside,39.3,61.9,34.5,74.6,,85.4,4.5,Unhealthy (sensitive)
2023-07-27,2023,7,Riverside,10,28,14.9,,26.8,58.1,2.87,Good
2023-07-28,2023,7,Riverside,27.9,55.1,28.7,49.8,27.4,67.5,0.2,Moderate
2023-07-29,2023,7,Riverside,,36.2,21.1,57,22.9,68.6,3.27,
2023-07-30,2023,7,Riverside,20.2,46.3,25.1,76.6,,73.2,1.87,Moderate
2023-07-31,2023,7,Riverside,,59,35,40.5,28,61.9,4.86,
2023-08-01,2023,8,Riverside,25.4,39.6,23,78.5,27.5,44.9,3.93,Moderate
2023-08-02,2023,8,Riverside,19.8,22.9,22.5,47.2,28.9,59.9,3.21,Moderate
2023-08-03,2023,8,Riverside,17.6,39.5,22.5,57.7,16.9,65.3,2.11,Moderate
2023-08-04,2023,8,Riverside,14.3,23.1,20.5,51.6,22.9,61.2,2.53,Moderate
2023-08-05,2023,8,Riverside,18.2,33.7,24.4,34.9,25.4,49.1,2.97,Moderate
2023-08-06,2023,8,Riverside,22.3,36.2,20.7,52.2,16.1,55.9,3.08,Moderate
2023-08-07,2023,8,Riverside,9.4,7.9,14.3,42.3,33.2,75.2,2.63,Good
2023-08-08,2023,8,Riverside,,31.5,18.3,36.7,21.9,69.5,3.35,
2023-08-09,2023,8,Riverside,18.7,20.3,18.7,19.6,24.9,74.3,0.2,Moderate
2023-08-10,2023,8,Riverside,26.8,51.6,28.1,54.1,25.4,72.6,4.48,Moderate
2023-08-11,2023,8,Riverside,29.3,,25.5,,26.6,48.5,0.72,Moderate
2023-08-12,2023,8,Riverside,30.2,53.6,25.4,56.7,22.8,73.8,2.67,Moderate
2023-08-13,2023,8,Riverside,29.5,59.6,27.2,50.9,31.3,74.2,6.16,Moderate
2023-08-14,2023,8,Riverside,24.6,42.3,26.5,68,22.2,67.9,5.47,Moderate
2023-08-15,2023,8,Riverside,26.1,34.9,29.5,70.8,27.6,66.6,4.96,Moderate
2023-08-16,2023,8,Riverside,28.5,44.4,24.4,53.2,28,60.9,3.29,Moderate
2023-08-17,2023,8,Riverside,20.3,39.6,19.3,32.9,28.3,65.8,4.3,Moderate
2023-08-18,2023,8,Riverside,26.6,41.1,24.2,53.3,28,58.5,2.79,Moderate
2023-08-19,2023,8,Riverside,29.1,52.3,32,70.7,21.5,73.4,3.85,Moderate
2023-08-20,2023,8,Riverside,,50.4,29.8,65.9,23.6,60.1,0.53,
2023-08-21,2023,8,Riverside,3,6,8.8,75.1,21.2,49.8,2.83,Good
2023-08-22,2023,8,Riverside,19.7,30.8,20.3,51.8,21.9,71.3,3.28,Moderate
2023-08-23,2023,8,Riverside,32,61.3,34.9,66.1,21.9,74.8,0.2,Moderate
2023-08-24,2023,8,Riverside,32.3,60.8,32.9,62.1,23.4,77.3,5.4,Moderate
2023-08-25,2023,8,Riverside,21.6,38.7,27.9,64.8,27.4,58.6,2.89,Moderate
2023-08-26,2023,8,Riverside,30.1,,,49.2,23.1,62.4,0.69,Moderate
2023-08-27,2023,8,Riverside,25.1,40.4,23.7,78.2,25.5,79.8,2.91,Moderate
2023-08-28,2023,8,Riverside,25.8,37,25.2,53.6,22.7,73.8,4.85,Moderate
2023-08-29,2023,8,Riverside,25,28.7,23.8,32.8,23.3,70.8,4.02,Moderate
2023-08-30,2023,8,Riverside,26.1,38.8,,37.6,23.9,75.9,1.44,Moderate
2023-08-31,2023,8,Riverside,13.2,27.2,15.5,35.9,19.5,78.4,5.88,Moderate
2023-09-01,2023,9,Riverside,38.2,62.6,34.1,67,20.8,62.3,2.19,Unhealthy (sensitive)
2023-09-02,2023,9,Riverside,29.8,57.9,31.3,54,27.4,64.6,5.19,Moderate
2023-09-03,2023,9,Riverside,12.3,16.1,18.1,46.7,27.9,82,4.64,Moderate
2023-09-04,2023,9,Riverside,38,67.7,,51.8,,55,2.83,Unhealthy (sensitive)
2023-09-05,2023,9,Riverside,,58,38.8,43.3,23.7,57.3,3.61,
2023-09-06,2023,9,Riverside,29.7,38.4,25.9,54.3,22.7,58.7,5.33,Moderate
2023-09-07,2023,9,Riverside,25.3,50.8,22.6,66.1,26.8,70.9,2.57,Moderate
2023-09-08,2023,9,Riverside,35.6,,30.4,40.3,21.9,83.3,1.09,Unhealthy (sensitive)
2023-09-09,2023,9,Riverside,35.7,66.9,36.7,29.4,24.9,82.4,3.26,Unhealthy (sensitive)
2023-09-10,2023,9,Riverside,19.6,39.2,22.4,,26,84.9,5.73,Moderate
2023-09-11,2023,9,Riverside,30.4,64.4,27.9,57.4,23.4,70.3,2.18,Moderate
2023-09-12,2023,9,Riverside,29.5,55.3,33.5,28.8,23.5,59.6,2.61,Moderate
2023-09-13,2023,9,Riverside,27,67.2,26.3,38.6,23.5,77.2,2.3,Moderate
2023-09-14,2023,9,Riverside,,28.8,27.8,39.3,25.2,84.8,2.57,
2023-09-15,2023,9,Riverside,27.2,39.9,30.6,28.4,24.7,60.5,1.87,Moderate
2023-09-16,2023,9,Riverside,39.3,77.6,34,,32.5,71.6,4.53,Unhealthy (sensitive)
2023-09-17,2023,9,Riverside,34.7,52.6,29.2,58.9,25.2,69.5,1.77,Moderate
2023-09-18,2023,9,Riverside,36.1,68.5,29.3,,26.6,61.7,1.6,Unhealthy (sensitive)
2023-09-19,2023,9,Riverside,16.4,,21.9,,20.6,67.8,4.06,Moderate
2023-09-20,2023,9,Riverside,15.6,23.9,21.9,59.4,24.6,71,0.2,Moderate
2023-09-21,2023,9,Riverside,29.4,52.9,30.7,26.9,32.5,88,4.92,Moderate
2023-09-22,2023,9,Riverside,27.2,41.7,25.8,21.7,24,66,1.42,Moderate
2023-09-23,2023,9,Riverside,39.1,63.2,36.3,50.6,27.4,57.5,0.87,Unhealthy (sensitive)
2023-09-24,2023,9,Riverside,25.6,,27.7,33.5,19.5,48.8,3.38,Moderate
2023-09-25,2023,9,Riverside,27.8,39.5,29.7,56.6,21.4,81.9,2.82,Moderate
2023-09-26,2023,9,Riverside,33.3,61.3,36,71.1,18.7,86.3,1.08,Moderate
2023-09-27,2023,9,Riverside,24.4,37,30.1,40.9,19.1,83,4.79,Moderate
2023-09-28,2023,9,Riverside,27.1,55.1,29.6,56.5,28.5,81.8,3.65,Moderate
2023-09-29,2023,9,Riverside,32.3,48.6,33.6,48.3,23.3,72.6,2.34,Moderate
2023-09-30,2023,9,Riverside,36.6,57.4,40.4,22.4,20.8,99,1.53,Unhealthy (sensitive)
2023-10-01,2023,10,Riverside,28.7,55.6,26.7,41.9,19.2,78.9,3.24,Moderate
2023-10-02,2023,10,Riverside,37,69.7,31.6,36.2,18.6,79.7,3.29,Unhealthy (sensitive)
2023-10-03,2023,10,Riverside,32.8,74.2,32.6,54,16.6,85.6,2.08,Moderate
2023-10-04,2023,10,Riverside,18.7,23.8,18.9,31.3,18.1,86.4,0.33,Moderate
2023-10-05,2023,10,Riverside,31.8,55.8,29.9,41.5,22,78.8,2.58,Moderate
2023-10-06,2023,10,Riverside,21.2,48.6,25.2,56.1,25.4,95.2,1.36,Moderate
2023-10-07,2023,10,Riverside,25.5,43.2,25.6,24.5,16,75.5,2.64,Moderate
2023-10-08,2023,10,Riverside,,75.9,35,,,76.6,4.12,
2023-10-09,2023,10,Riverside,36.4,57.7,38.3,33.9,18.6,66.4,3.16,Unhealthy (sensitive)
2023-10-10,2023,10,Riverside,25,47,27.1,57.9,15.6,74.8,3.53,Moderate
2023-10-11,2023,10,Riverside,41.9,64.6,39.3,35.3,18.1,79.8,2.83,Unhealthy (sensitive)
2023-10-12,2023,10,Riverside,27.2,,29.1,51.6,17.6,52.4,4.54,Moderate
2023-10-13,2023,10,Riverside,28.9,41.8,32,,17.5,73.2,2.18,Moderate
2023-10-14,2023,10,Riverside,42.2,,33.6,25.5,17.9,78.8,5.64,Unhealthy (sensitive)
2023-10-15,2023,10,Riverside,,,29.1,53.3,25.6,79.3,1.66,
2023-10-16,2023,10,Riverside,26.7,56.8,23.8,37.4,17.6,70.7,3.69,Moderate
2023-10-17,2023,10,Riverside,,64.9,43.3,47.2,20.9,80.3,0.73,
2023-10-18,2023,10,Riverside,34.8,,35.6,37.4,21.7,76.4,2.02,Moderate
2023-10-19,2023,10,Riverside,29.8,37.7,29,19.1,18.1,72.9,1.39,Moderate
2023-10-20,2023,10,Riverside,,54.6,37.8,,18.9,76.2,0.38,
2023-10-21,2023,10,Riverside,32,37,30.7,40.8,18.4,76.2,4.22,Moderate
2023-10-22,2023,10,Riverside,35.3,58.8,38,16.6,24.2,70.8,0.96,Unhealthy (sensitive)
2023-10-23,2023,10,Riverside,39.5,81.7,,44.2,15.3,76.4,4.29,Unhealthy (sensitive)
2023-10-24,2023,10,Riverside,37.9,68.1,33.2,38.2,23.3,54.6,2.02,Unhealthy (sensitive)
2023-10-25,2023,10,Riverside,44.9,73.2,34.7,53.9,18.7,67.9,4.05,Unhealthy (sensitive)
2023-10-26,2023,10,Riverside,42.4,66.7,39,60.1,14,72.6,5.43,Unhealthy (sensitive)
2023-10-27,2023,10,Riverside,38.3,54.9,,,16.2,80.6,3.74,Unhealthy (sensitive)
2023-10-28,2023,10,Riverside,41.9,69.2,35.2,33.8,24.2,65.1,1.68,Unhealthy (sensitive)
2023-10-29,2023,10,Riverside,,74.8,36.7,34,17.2,66.2,3.77,
2023-10-30,2023,10,Riverside,51.9,,40.9,52.5,12.9,61.3,2.13,Unhealthy (sensitive)
2023-10-31,2023,10,Riverside,45.3,64.7,39.4,61.3,16.6,71.7,0.2,Unhealthy (sensitive)
2023-11-01,2023,11,Riverside,29.7,,29,38.4,18.3,82.6,3.55,Moderate
2023-11-02,2023,11,Riverside,26.3,30.8,30.9,27.2,20,77.6,2.34,Moderate
2023-11-03,2023,11,Riverside,34.4,56.3,36.4,49.1,24.7,70,2.65,Moderate
2023-11-04,2023,11,Riverside,31.6,,,47.7,21.6,67.8,3.34,Moderate
2023-11-05,2023,11,Riverside,42.3,,33,,19.6,84.9,1,Unhealthy (sensitive)
2023-11-06,2023,11,Riverside,37.4,69.6,31.6,38,14.4,75.3,1.99,Unhealthy (sensitive)
2023-11-07,2023,11,Riverside,,88.8,39.3,42.3,15.1,71.4,2.82,
2023-11-08,2023,11,Riverside,47.8,98.2,39.7,50.4,12.6,60.6,3.64,Unhealthy (sensitive)
2023-11-09,2023,11,Riverside,38.9,70.1,38.2,56.5,18.2,70,0.2,Unhealthy (sensitive)
2023-11-10,2023,11,Riverside,38.8,76,33.1,36.9,15.3,93.8,6.26,Unhealthy (sensitive)
2023-11-11,2023,11,Riverside,30,41.3,27.2,37.1,18,72.7,5.65,Moderate
2023-11-12,2023,11,Riverside,37.2,72.6,38,,8.4,78.4,1.3,Unhealthy (sensitive)
2023-11-13,2023,11,Riverside,29.7,48.1,33.5,,,74,0.2,Moderate
2023-11-14,2023,11,Riverside,33.2,52.2,35.1,39.6,14.7,57.5,2.42,Moderate
2023-11-15,2023,11,Riverside,,69.8,35.7,28.5,12.7,75.3,0.2,
2023-11-16,2023,11,Riverside,44.1,71.1,37.4,48.4,15.7,64.3,1.93,Unhealthy (sensitive)
2023-11-17,2023,11,Riverside,35.9,67.8,28.8,34.8,13.8,66.4,0.72,Unhealthy (sensitive)
2023-11-18,2023,11,Riverside,40.7,61.1,40.2,34,13.8,91.1,3.74,Unhealthy (sensitive)
2023-11-19,2023,11,Riverside,39.5,63.4,32.7,35.2,16.1,84.6,2.67,Unhealthy (sensitive)
2023-11-20,2023,11,Riverside,39.5,74.8,41.8,56,16,66.6,3.73,Unhealthy (sensitive)
2023-11-21,2023,11,Riverside,34.8,58.1,37.6,25.6,15.7,73.2,1.35,Moderate
2023-11-22,2023,11,Riverside,19.5,27.3,21.6,40.2,15.3,90.6,2.21,Moderate
2023-11-23,2023,11,Riverside,28.9,44.7,27.2,30.6,15.1,94.3,1.73,Moderate
2023-11-24,2023,11,Riverside,31.1,48.2,27.8,39.4,13.8,84,3.12,Moderate
2023-11-25,2023,11,Riverside,24.7,34.4,29.4,38,16.3,78,6.76,Moderate
2023-11-26,2023,11,Riverside,28.5,49.8,32.1,30.1,18.9,70.6,2.41,Moderate
2023-11-27,2023,11,Riverside,23.3,32.2,26.8,29.3,17.5,74.9,0.98,Moderate
2023-11-28,2023,11,Riverside,44.2,68.2,38.1,37.1,17.2,64.2,2.49,Unhealthy (sensitive)
2023-11-29,2023,11,Riverside,36.4,60.7,36.1,64.6,24.3,77.4,2.17,Unhealthy (sensitive)
2023-11-30,2023,11,Riverside,36.7,69,37.1,36.5,10.6,91.4,2.48,Unhealthy (sensitive)
2023-12-01,2023,12,Riverside,24,33.3,24.5,39.4,14.3,71.3,2.07,Moderate
2023-12-02,2023,12,Riverside,39.1,72.7,41.4,32.8,18.8,55.8,1.15,Unhealthy (sensitive)
2023-12-03,2023,12,Riverside,25.8,50.7,30.6,23.7,12.8,86.7,3.94,Moderate
2023-12-04,2023,12,Riverside,37.1,58.9,32.4,37.5,17.7,92.7,3.48,Unhealthy (sensitive)
2023-12-05,2023,12,Riverside,28.3,61.5,24.7,37.8,11.2,91.4,0.2,Moderate
2023-12-06,2023,12,Riverside,31.3,42.6,,,10.2,81.9,2.68,Moderate
2023-12-07,2023,12,Riverside,41.6,,41.7,43.9,11.2,73.2,3.16,Unhealthy (sensitive)
2023-12-08,2023,12,Riverside,38.1,62.5,41.3,29.8,15.6,82.9,2.26,Unhealthy (sensitive)
2023-12-09,2023,12,Riverside,43.2,91.6,46.3,39.6,15.9,78.9,1.75,Unhealthy (sensitive)
2023-12-10,2023,12,Riverside,51.4,106.1,42.1,30,21.8,76.5,1.95,Unhealthy (sensitive)
2023-12-11,2023,12,Riverside,,83.2,37.2,59.3,12.6,65.4,1.68,
2023-12-12,2023,12,Riverside,42.9,65.5,42.3,31.7,15.7,83.3,3.82,Unhealthy (sensitive)
2023-12-13,2023,12,Riverside,48.3,105.7,46,,8.4,83.1,5.14,Unhealthy (sensitive)
2023-12-14,2023,12,Riverside,31.8,48.6,27.7,35.9,11.9,85.9,1.41,Moderate
2023-12-15,2023,12,Riverside,38.4,78.8,30.4,34.3,13.9,66.6,1.64,Unhealthy (sensitive)
2023-12-16,2023,12,Riverside,46.5,66.7,41.6,35.6,15.3,53.5,2.88,Unhealthy (sensitive)
2023-12-17,2023,12,Riverside,44.2,84,38.9,22.1,11.8,84.5,2.43,Unhealthy (sensitive)
2023-12-18,2023,12,Riverside,48.7,87.7,41.2,35.8,13.3,94.3,2.39,Unhealthy (sensitive)
2023-12-19,2023,12,Riverside,40.8,76.5,42.9,49.9,17.1,80.1,3.06,Unhealthy (sensitive)
2023-12-20,2023,12,Riverside,40.5,70.8,39.1,24.9,13.5,90.6,2.88,Unhealthy (sensitive)
2023-12-21,2023,12,Riverside,44.7,91.8,,58.3,11.8,91.4,2.76,Unhealthy (sensitive)
2023-12-22,2023,12,Riverside,32.7,53.2,29,42.7,9.3,76.3,2.17,Moderate
2023-12-23,2023,12,Riverside,,79.7,40.4,16.9,13.2,87,2.2,
2023-12-24,2023,12,Riverside,44.9,78.9,34.3,35.2,10.7,91.8,4.25,Unhealthy (sensitive)
2023-12-25,2023,12,Riverside,45.4,75.6,35.3,12.5,19.6,78.4,2.16,Unhealthy (sensitive)
2023-12-26,2023,12,Riverside,37.9,55.5,39.5,33.6,16.3,80.5,2.21,Unhealthy (sensitive)
2023-12-27,2023,12,Riverside,36.3,65.6,39.3,,6.8,78.2,0.84,Unhealthy (sensitive)
2023-12-28,2023,12,Riverside,31.6,57.6,31,29.5,10.2,84.4,0.44,Moderate
2023-12-29,2023,12,Riverside,41.7,90.4,40.7,23,,84.2,0.2,Unhealthy (sensitive)
2023-12-30,2023,12,Riverside,51.3,,41.6,43,13.8,76.4,0.34,Unhealthy (sensitive)
2023-12-31,2023,12,Riverside,33.7,55,37.7,45.8,14.3,58.1,2.59,Moderate
2022-01-01,2022,1,Harbour,,149.1,80.6,33.4,20.9,73.3,2.38,
2022-01-02,2022,1,Harbour,,,28.5,25,22.5,87.1,0.83,
2022-01-03,2022,1,Harbour,54.1,82.5,50.4,21.7,13.8,65.7,4.48,Unhealthy (sensitive)
2022-01-04,2022,1,Harbour,29.3,59.4,25,41.4,10.6,87.2,3.34,Moderate
2022-01-05,2022,1,Harbour,67.3,105.5,55.9,24.2,12.6,90.9,2.24,Unhealthy
2022-01-06,2022,1,Harbour,44.5,90.4,41.1,32.8,11,85.7,3.22,Unhealthy (sensitive)
2022-01-07,2022,1,Harbour,45.1,73.3,34.8,36.8,14.3,66.1,0.23,Unhealthy (sensitive)
2022-01-08,2022,1,Harbour,88.9,167.5,63.1,13.6,9.3,70.5,0.43,Unhealthy
2022-01-09,2022,1,Harbour,77.8,153.5,62.6,6,13.6,90.5,4.62,Unhealthy
2022-01-10,2022,1,Harbour,74.7,156.7,68,16.8,14.6,78.5,2.75,Unhealthy
2022-01-11,2022,1,Harbour,56.3,80.4,44.7,34.1,15.8,71.4,1.95,Unhealthy
2022-01-12,2022,1,Harbour,40.5,82.8,34.8,22,18.6,84.1,3.15,Unhealthy (sensitive)
2022-01-13,2022,1,Harbour,56.5,91,53.9,27.8,14.6,76.5,1.72,Unhealthy
2022-01-14,2022,1,Harbour,68.3,90.6,56,39.3,13.7,81,1.69,Unhealthy
2022-01-15,2022,1,Harbour,38.8,61,33.5,25,13.3,67.7,5.18,Unhealthy (sensitive)
2022-01-16,2022,1,Harbour,44.4,68.9,45.4,43.4,9.1,83.7,2.22,Unhealthy (sensitive)
2022-01-17,2022,1,Harbour,35.9,68.1,40.2,46.8,14.3,76.6,1.38,Unhealthy (sensitive)
2022-01-18,2022,1,Harbour,56.4,85.5,57.6,8.8,11,79.6,0.2,Unhealthy
2022-01-19,2022,1,Harbour,59.6,111.5,55.7,39.4,10.3,76.3,2.12,Unhealthy
2022-01-20,2022,1,Harbour,58.5,84,45.6,60.1,20.6,76.3,2.06,Unhealthy
2022-01-21,2022,1,Harbour,53.9,93.5,51.5,48.6,4.6,76.1,2.1,Unhealthy (sensitive)
2022-01-22,2022,1,Harbour,76.7,,68.3,26.2,10.2,80.9,0.89,Unhealthy
2022-01-23,2022,1,Harbour,65.8,,49.4,35.3,10.1,78.7,3.04,Unhealthy
2022-01-24,2022,1,Harbour,80.6,148.2,76.6,11.3,22.2,70.5,2.15,Unhealthy
2022-01-25,2022,1,Harbour,79.5,167.5,74,,12.8,75.4,1.11,Unhealthy
2022-01-26,2022,1,Harbour,68.6,109.5,51.9,41.1,15.1,76.1,2.55,Unhealthy
2022-01-27,2022,1,Harbour,65.8,136.2,60.7,21.8,12.9,86.3,2.7,Unhealthy
2022-01-28,2022,1,Harbour,44.2,82.9,40,37.2,16.1,62.8,0.2,Unhealthy (sensitive)
2022-01-29,2022,1,Harbour,51.6,97.8,46.9,19.4,11.2,99,4.08,Unhealthy (sensitive)
2022-01-30,2022,1,Harbour,45.7,80.4,43.3,36.1,16.4,72.1,0.93,Unhealthy (sensitive)
2022-01-31,2022,1,Harbour,64.1,110.9,59.8,33.4,13.1,73.7,0.85,Unhealthy
2022-02-01,2022,2,Harbour,61.4,123.9,61.1,38.1,15.6,92.1,1.91,Unhealthy
2022-02-02,2022,2,Harbour,,67,42.4,,9.8,85.3,3.96,
2022-02-03,2022,2,Harbour,,78,43.7,51.5,19.9,76.7,2.33,
2022-02-04,2022,2,Harbour,,92.7,58.7,20.1,18.1,62.4,1.69,
2022-02-05,2022,2,Harbour,53.1,103,54.2,66,10.3,70.8,2.32,Unhealthy (sensitive)
2022-02-06,2022,2,Harbour,,85.9,38.8,40.5,12.6,85.5,0.41,
2022-02-07,2022,2,Harbour,72.8,115.5,53.1,,13.6,64.6,2.85,Unhealthy
2022-02-08,2022,2,Harbour,55.4,88.7,46,24.6,17.6,73,1.13,Unhealthy
2022-02-09,2022,2,Harbour,39.4,75.4,36.3,38.7,14.3,76.6,2,Unhealthy (sensitive)
2022-02-10,2022,2,Harbour,48.5,80.7,38.8,37.1,15.6,54,2.59,Unhealthy (sensitive)
2022-02-11,2022,2,Harbour,51.5,91.7,52.9,40.8,16.3,59.1,2.61,Unhealthy (sensitive)
2022-02-12,2022,2,Harbour,,130.9,49.9,26,10.8,86.2,3.99,
2022-02-13,2022,2,Harbour,47.7,95.5,44.3,29.7,19,75.1,2.47,Unhealthy (sensitive)
2022-02-14,2022,2,Harbour,66.3,120.4,54.7,42.8,16.5,64.4,5.15,Unhealthy
2022-02-15,2022,2,Harbour,35.3,44.6,34.3,29.4,20.7,75.4,0.2,Unhealthy (sensitive)
2022-02-16,2022,2,Harbour,51.5,104.5,44,53.1,12.8,81.2,2.17,Unhealthy (sensitive)
2022-02-17,2022,2,Harbour,55.8,95.2,47.9,47,20.3,73,2.65,Unhealthy
2022-02-18,2022,2,Harbour,66.6,126.2,62.3,51,18.3,75.4,1.16,Unhealthy
2022-02-19,2022,2,Harbour,51,95.2,49.5,20.7,12.8,73.2,3.16,Unhealthy (sensitive)
2022-02-20,2022,2,Harbour,58.4,113.7,,35.6,18.4,71.3,2.21,Unhealthy
2022-02-21,2022,2,Harbour,58,93.5,56.8,33.4,14.9,70.6,5.09,Unhealthy
2022-02-22,2022,2,Harbour,45.5,95.6,,35.2,15.4,71.3,4.53,Unhealthy (sensitive)
2022-02-23,2022,2,Harbour,,114.4,43.2,43.8,15.4,71.9,1.05,
2022-02-24,2022,2,Harbour,52.6,88,44.4,64.7,19.1,98.2,2.38,Unhealthy (sensitive)
2022-02-25,2022,2,Harbour,61.1,108.2,61.1,40.3,16.2,82.9,3.2,Unhealthy
2022-02-26,2022,2,Harbour,43.4,71.1,39.5,37,13.8,62.3,3.26,Unhealthy (sensitive)
2022-02-27,2022,2,Harbour,56,74.8,53.7,30.1,19.8,95.7,6.68,Unhealthy
2022-02-28,2022,2,Harbour,53.4,,44.1,27.6,15.8,75,1.31,Unhealthy (sensitive)
2022-03-01,2022,3,Harbour,,129.5,59.5,42,19.3,63.3,1.68,
2022-03-02,2022,3,Harbour,62,114.4,61.3,51.4,15.7,59.9,3.03,Unhealthy
2022-03-03,2022,3,Harbour,,86.7,43.4,18.6,19.1,67.3,2.92,
2022-03-04,2022,3,Harbour,48.2,69.8,46.5,41.8,16.5,60.9,2.24,Unhealthy (sensitive)
2022-03-05,2022,3,Harbour,53,65.9,40.3,36.9,16.3,67.5,4.4,Unhealthy (sensitive)
2022-03-06,2022,3,Harbour,,114.1,52.3,30.9,18.9,62.9,2.39,
2022-03-07,2022,3,Harbour,,90.9,52.2,41.3,17,83.7,4.12,
2022-03-08,2022,3,Harbour,38.5,58.9,,26.8,17.6,68.4,1.29,Unhealthy (sensitive)
2022-03-09,2022,3,Harbour,46.6,62.1,43.5,45.5,21.5,75.5,2.11,Unhealthy (sensitive)
2022-03-10,2022,3,Harbour,48.8,74.3,38.6,22.4,16.6,71.8,2.38,Unhealthy (sensitive)
2022-03-11,2022,3,Harbour,53.1,103,51.3,32.6,21.9,82,1.61,Unhealthy (sensitive)
2022-03-12,2022,3,Harbour,61.7,99.7,55.4,43.7,21.2,74.5,2.5,Unhealthy
2022-03-13,2022,3,Harbour,47.9,81.8,42.7,52.4,16.8,52.2,0.2,Unhealthy (sensitive)
2022-03-14,2022,3,Harbour,52.9,66.7,51.3,46.6,14.9,86.8,5.77,Unhealthy (sensitive)
2022-03-15,2022,3,Harbour,69,147.6,57.4,35.4,17.2,76.8,0.24,Unhealthy
2022-03-16,2022,3,Harbour,54.2,93,40,23.7,20.1,72.7,1.55,Unhealthy (sensitive)
2022-03-17,2022,3,Harbour,50.3,114.9,47.2,23.6,19.3,90.6,2.27,Unhealthy (sensitive)
2022-03-18,2022,3,Harbour,66.7,,64,33.8,15,59,3.65,Unhealthy
2022-03-19,2022,3,Harbour,54.9,91.9,41.8,54.2,15.6,63.9,3.45,Unhealthy (sensitive)
2022-03-20,2022,3,Harbour,,89.4,38.6,66.7,16.1,94.4,4.68,
2022-03-21,2022,3,Harbour,40.2,73.4,42.8,38.8,21.8,57,3.5,Unhealthy (sensitive)
2022-03-22,2022,3,Harbour,57.7,81.3,46.9,35.7,21.6,66.6,3.54,Unhealthy
2022-03-23,2022,3,Harbour,47,75.9,39.2,43.9,16.3,77.5,2.86,Unhealthy (sensitive)
2022-03-24,2022,3,Harbour,,86.7,58.5,18,18.9,85.9,5.17,
2022-03-25,2022,3,Harbour,47.2,82.6,44.1,40.4,22.7,82.7,6,Unhealthy (sensitive)
2022-03-26,2022,3,Harbour,38.8,58.6,,,21.8,72.1,3.24,Unhealthy (sensitive)
2022-03-27,2022,3,Harbour,35.6,67.4,28.9,50.1,18.2,81.5,0.5,Unhealthy (sensitive)
2022-03-28,2022,3,Harbour,52.8,83.4,50,31.4,27.3,58.5,3.66,Unhealthy (sensitive)
2022-03-29,2022,3,Harbour,34.8,47.4,31.1,45.4,21.2,64.8,4.61,Moderate
2022-03-30,2022,3,Harbour,55.4,95.7,51.7,53.6,22.2,70.6,0.67,Unhealthy
2022-03-31,2022,3,Harbour,,50.6,32.7,19.2,21.6,60.3,2.54,
2022-04-01,2022,4,Harbour,67.7,130.2,67.2,40.1,19.6,57.2,3.52,Unhealthy
2022-04-02,2022,4,Harbour,43.1,73.1,34.6,36.2,17.1,66.1,4.14,Unhealthy (sensitive)
2022-04-03,2022,4,Harbour,54.6,81,48.3,46.8,20.1,77.2,2.82,Unhealthy (sensitive)
2022-04-04,2022,4,Harbour,41.8,91.3,33.4,37.6,22.1,49.8,2.55,Unhealthy (sensitive)
2022-04-05,2022,4,Harbour,24,49.8,28.7,17.3,24.3,64.4,0.71,Moderate
2022-04-06,2022,4,Harbour,41.7,85.5,33.5,22.8,25.8,77.5,0.2,Unhealthy (sensitive)
2022-04-07,2022,4,Harbour,40.7,58.1,33.5,49.4,23.6,78.5,3.91,Unhealthy (sensitive)
2022-04-08,2022,4,Harbour,,38.2,30.8,47.5,21.1,70.5,2.49,
2022-04-09,2022,4,Harbour,29.9,63.2,30.1,,25.1,55.9,2.24,Moderate
2022-04-10,2022,4,Harbour,62,92.7,63,34.7,17.6,84.1,2.7,Unhealthy
2022-04-11,2022,4,Harbour,45.4,73.6,34.8,,19.2,59.5,1.67,Unhealthy (sensitive)
2022-04-12,2022,4,Harbour,39.2,63.6,39,40.6,21.5,71.2,5.45,Unhealthy (sensitive)
2022-04-13,2022,4,Harbour,57.5,87,54.5,,18.1,70.4,3.83,Unhealthy
2022-04-14,2022,4,Harbour,38.4,75.5,36.5,32.9,24.9,71.1,4.87,Unhealthy (sensitive)
2022-04-15,2022,4,Harbour,56.3,87.3,56.2,40.7,25,76.8,4.02,Unhealthy
2022-04-16,2022,4,Harbour,54.8,88.7,51.9,37.7,,80,3.09,Unhealthy (sensitive)
2022-04-17,2022,4,Harbour,35.9,61.4,35.3,,18.3,80.5,4.67,Unhealthy (sensitive)
2022-04-18,2022,4,Harbour,49.8,74.3,50,40.4,23.2,54.2,1.76,Unhealthy (sensitive)
2022-04-19,2022,4,Harbour,34,48.1,,44.8,26.6,84.1,0.53,Moderate
2022-04-20,2022,4,Harbour,46.7,93.3,43.6,52.6,24.3,56.9,5.03,Unhealthy (sensitive)
2022-04-21,2022,4,Harbour,39.6,,34.4,37,,58.4,2.33,Unhealthy (sensitive)
2022-04-22,2022,4,Harbour,56.8,91.2,52.3,34.6,19,78.9,2.81,Unhealthy
2022-04-23,2022,4,Harbour,51.2,107.7,49.1,56.6,24.5,76,2.54,Unhealthy (sensitive)
2022-04-24,2022,4,Harbour,36.5,78.1,30.3,57.4,21.8,59.4,2.28,Unhealthy (sensitive)
2022-04-25,2022,4,Harbour,38.9,,39,44.6,22.6,52.1,2.86,Unhealthy (sensitive)
2022-04-26,2022,4,Harbour,219.5,279.3,40,,18.6,70.1,2.82,Unhealthy
2022-04-27,2022,4,Harbour,46.9,97.7,39.4,57.5,32.2,83.7,3.09,Unhealthy (sensitive)
2022-04-28,2022,4,Harbour,40.1,50.9,43.9,29.1,18.2,72.3,3.4,Unhealthy (sensitive)
2022-04-29,2022,4,Harbour,52.8,70.4,,,19.6,77.9,2.76,Unhealthy (sensitive)
2022-04-30,2022,4,Harbour,47.4,48.2,45.2,46,22.8,67.4,2.84,Unhealthy (sensitive)
2022-05-01,2022,5,Harbour,49.9,73,51.5,59.3,17.6,77.1,3.09,Unhealthy (sensitive)
2022-05-02,2022,5,Harbour,,77.9,37.4,43.3,21.9,69.4,1.61,
2022-05-03,2022,5,Harbour,,49,33,39.9,25,73.7,3.13,
2022-05-04,2022,5,Harbour,,54.8,31.8,52.6,19.5,55.7,3.31,
2022-05-05,2022,5,Harbour,,49.1,28.8,,18.2,76.5,1.76,
2022-05-06,2022,5,Harbour,,65.4,31,63.5,26.3,86.3,5.09,
2022-05-07,2022,5,Harbour,,75.3,35.9,72.3,29.9,76.2,3.29,
2022-05-08,2022,5,Harbour,,97.5,,20,22.6,86.8,3.17,
2022-05-09,2022,5,Harbour,,,38.3,58.5,21.1,51,3.81,
2022-05-10,2022,5,Harbour,,108,50.8,57.1,23,51.9,3.83,
2022-05-11,2022,5,Harbour,,71.5,,56.5,26.7,82.3,3.87,
2022-05-12,2022,5,Harbour,,58.3,31.9,51.7,20.1,48,3.79,
2022-05-13,2022,5,Harbour,14.6,20.9,18.7,65.2,29.8,72.9,2.81,Moderate
2022-05-14,2022,5,Harbour,35.5,64.4,31.6,53.5,26.5,65.7,3.47,Unhealthy (sensitive)
2022-05-15,2022,5,Harbour,34.1,54,29.4,53.3,25.1,61.7,3.54,Moderate
2022-05-16,2022,5,Harbour,29.7,62.9,26.1,39.2,23.8,73.2,2.56,Moderate
2022-05-17,2022,5,Harbour,47.5,98.9,47,,23.8,49,1.1,Unhealthy (sensitive)
2022-05-18,2022,5,Harbour,53.3,79.6,44.8,47.2,19.7,80.7,5.09,Unhealthy (sensitive)
2022-05-19,2022,5,Harbour,38.2,,,59,17.4,57.1,2.65,Unhealthy (sensitive)
2022-05-20,2022,5,Harbour,44.6,,,38.1,,79.1,2.77,Unhealthy (sensitive)
2022-05-21,2022,5,Harbour,47.4,,37.1,48.2,25,74.8,5.71,Unhealthy (sensitive)
2022-05-22,2022,5,Harbour,4.9,8,13.8,81.4,25.6,69.5,1.86,Good
2022-05-23,2022,5,Harbour,26.6,46.9,,34.2,27.9,85.1,1.59,Moderate
2022-05-24,2022,5,Harbour,20,35.4,20.2,43.5,26.8,54.5,4.59,Moderate
2022-05-25,2022,5,Harbour,33.9,49.3,28.7,,28.4,55.8,1.92,Moderate
2022-05-26,2022,5,Harbour,54.5,89.5,44.2,51.4,32.7,68.7,1.77,Unhealthy (sensitive)
2022-05-27,2022,5,Harbour,50.2,95.2,43.9,39.7,27,69,1.16,Unhealthy (sensitive)
2022-05-28,2022,5,Harbour,,35.3,27,42.6,30.9,75.4,4.08,
2022-05-29,2022,5,Harbour,31,44.6,31.5,45.4,30.4,74.6,3.8,Moderate
2022-05-30,2022,5,Harbour,26.6,33.7,27.1,34.2,30.2,66.3,2.72,Moderate
2022-05-31,2022,5,Harbour,26.1,51.9,26.6,51.2,31.4,62,3.3,Moderate
2022-06-01,2022,6,Harbour,45.4,61.1,36.9,26.6,25,79.3,3.32,Unhealthy (sensitive)
2022-06-02,2022,6,Harbour,31.2,37,30.6,46,28.5,75.3,2.14,Moderate
2022-06-03,2022,6,Harbour,43.5,88.8,41.2,42.7,25.5,76,5.75,Unhealthy (sensitive)
2022-06-04,2022,6,Harbour,50,110.4,,36.2,30.7,72,4.24,Unhealthy (sensitive)
2022-06-05,2022,6,Harbour,33.9,54.6,28.6,57.4,28.7,84.8,1.74,Moderate
2022-06-06,2022,6,Harbour,,54.6,38.2,56.9,31.7,70.6,2.27,
2022-06-07,2022,6,Harbour,57.3,80.3,51.1,40.6,30.3,73.6,5.51,Unhealthy
2022-06-08,2022,6,Harbour,35.7,65.9,30.2,71.7,24.2,64.4,1.05,Unhealthy (sensitive)
2022-06-09,2022,6,Harbour,26.9,41.7,30.5,38,26.9,69.9,2.51,Moderate
2022-06-10,2022,6,Harbour,41.5,87.1,37.8,57.7,31.5,58.5,2.37,Unhealthy (sensitive)
2022-06-11,2022,6,Harbour,38.3,46.9,38.3,48.7,22.2,62.5,1.01,Unhealthy (sensitive)
2022-06-12,2022,6,Harbour,53.4,97.4,51.4,60.4,26.2,78.1,2.22,Unhealthy (sensitive)
2022-06-13,2022,6,Harbour,326,217.8,45.3,49.2,32.8,72.1,3.29,Unhealthy
2022-06-14,2022,6,Harbour,35.3,53.7,39.8,52.9,25.8,65.1,0.2,Unhealthy (sensitive)
2022-06-15,2022,6,Harbour,30.3,45.6,33.2,39.7,24.9,68.6,3.43,Moderate
2022-06-16,2022,6,Harbour,31.9,52,30.3,41.9,30.2,72.7,3.3,Moderate
2022-06-17,2022,6,Harbour,25.1,39.1,28.2,,27.1,64.4,1.3,Moderate
2022-06-18,2022,6,Harbour,36.9,72.2,33.2,53.1,21.7,46.9,6.94,Unhealthy (sensitive)
2022-06-19,2022,6,Harbour,19.2,29.5,20.2,54,25.3,66.1,3.23,Moderate
2022-06-20,2022,6,Harbour,26.5,41.9,26,35.7,,78.7,3.67,Moderate
2022-06-21,2022,6,Harbour,28.2,43.7,30.4,,29.2,90.5,4.48,Moderate
2022-06-22,2022,6,Harbour,31.7,59.8,32.6,60,26.4,81,3.7,Moderate
2022-06-23,2022,6,Harbour,44.7,86.2,37.3,48.9,34.1,71.3,2.23,Unhealthy (sensitive)
2022-06-24,2022,6,Harbour,40.9,,37.3,,39.4,72.1,2.86,Unhealthy (sensitive)
2022-06-25,2022,6,Harbour,,23.5,28,,32.4,61.9,1.72,
2022-06-26,2022,6,Harbour,,60.7,27,39.8,30.5,58.4,1.79,
2022-06-27,2022,6,Harbour,40.5,75.5,40.4,61.7,,64.9,4.06,Unhealthy (sensitive)
2022-06-28,2022,6,Harbour,,,47.9,72.3,29.6,63.4,4.35,
2022-06-29,2022,6,Harbour,19.1,40.1,26,50,26.5,67.8,1.85,Moderate
2022-06-30,2022,6,Harbour,27.1,49.3,29.5,51.5,28.2,39.9,2.74,Moderate
2022-07-01,2022,7,Harbour,5,6,13.6,38.9,28.9,80.9,1.27,Good
2022-07-02,2022,7,Harbour,14.6,,19.3,93.5,27.6,62.7,1.94,Moderate
2022-07-03,2022,7,Harbour,25.8,46.2,23.3,57.6,22,66.3,1.16,Moderate
2022-07-04,2022,7,Harbour,40.9,60.6,35,63.5,28,68.7,2.43,Unhealthy (sensitive)
2022-07-05,2022,7,Harbour,20.3,46.7,24.8,48.5,23.5,72.4,3.55,Moderate
2022-07-06,2022,7,Harbour,46.4,,42.4,59.9,28.9,72.7,5.05,Unhealthy (sensitive)
2022-07-07,2022,7,Harbour,15.7,25.4,19.8,86.1,28.4,43.5,4.02,Moderate
2022-07-08,2022,7,Harbour,21.8,44.1,22,66.6,24.2,65.9,2.54,Moderate
2022-07-09,2022,7,Harbour,22.9,35.2,25.6,75.6,27.1,69,2.94,Moderate
2022-07-10,2022,7,Harbour,40.6,63.2,42.7,41,30.2,78.8,3.8,Unhealthy (sensitive)
2022-07-11,2022,7,Harbour,30.2,50.3,25.3,55.4,26.5,68.7,2.89,Moderate
2022-07-12,2022,7,Harbour,38.1,57.3,30.8,73.3,23.8,81.8,4.49,Unhealthy (sensitive)
2022-07-13,2022,7,Harbour,37.9,77.1,,52.8,25.5,77.6,4.87,Unhealthy (sensitive)
2022-07-14,2022,7,Harbour,58.5,116.3,56.1,59.7,25.6,65.3,3.95,Unhealthy
2022-07-15,2022,7,Harbour,30.4,49.4,28.3,,27,63.5,2.82,Moderate
2022-07-16,2022,7,Harbour,28.2,48.5,27.7,64.7,23.6,69.5,0.99,Moderate
2022-07-17,2022,7,Harbour,46.5,76.7,45.7,35,26.3,54.1,3.43,Unhealthy (sensitive)
2022-07-18,2022,7,Harbour,34.7,62.1,34.8,60.4,,66.7,1.13,Moderate
2022-07-19,2022,7,Harbour,48.3,84.1,47.2,74.1,19.3,47.3,1.44,Unhealthy (sensitive)
2022-07-20,2022,7,Harbour,35.1,,31.6,56.4,29.1,63.5,5.31,Unhealthy (sensitive)
2022-07-21,2022,7,Harbour,38.9,55.8,39.5,75.3,29.7,74.1,1.69,Unhealthy (sensitive)
2022-07-22,2022,7,Harbour,42,87.9,43.5,49.1,31.1,65.3,3.02,Unhealthy (sensitive)
2022-07-23,2022,7,Harbour,37.6,65.2,39.4,76.3,23.7,55.9,2.9,Unhealthy (sensitive)
2022-07-24,2022,7,Harbour,37.7,61.5,32.8,47.6,26,63.5,4.19,Unhealthy (sensitive)
2022-07-25,2022,7,Harbour,50.4,92.7,40,58.1,24.4,85.6,1.73,Unhealthy (sensitive)
2022-07-26,2022,7,Harbour,55.6,90.9,49,32.5,23.7,82.1,3.56,Unhealthy
2022-07-27,2022,7,Harbour,45.1,78.5,39.9,60.7,25,64.5,3.91,Unhealthy (sensitive)
2022-07-28,2022,7,Harbour,43.2,78.8,37.3,38.1,26.4,52.1,4.94,Unhealthy (sensitive)
2022-07-29,2022,7,Harbour,40.5,76.9,39.6,48.7,23.1,57.6,1.65,Unhealthy (sensitive)
2022-07-30,2022,7,Harbour,23.2,,26.9,42.8,27.5,72.2,3.41,Moderate
2022-07-31,2022,7,Harbour,20.5,30.7,24.6,52.9,20.2,53.9,2.82,Moderate
2022-08-01,2022,8,Harbour,44,73.9,,,22.6,40.6,2.75,Unhealthy (sensitive)
2022-08-02,2022,8,Harbour,39.8,70.8,43.7,61.1,27.7,68.3,2.61,Unhealthy (sensitive)
2022-08-03,2022,8,Harbour,44.3,93.6,43.8,51.8,21.1,72.8,0.62,Unhealthy (sensitive)
2022-08-04,2022,8,Harbour,,62.4,33.4,55.4,29.7,65.6,2.48,
2022-08-05,2022,8,Harbour,31.9,57.3,26.6,48,26.6,69.8,4.19,Moderate
2022-08-06,2022,8,Harbour,14.1,22.4,20.2,51.4,29.8,71.6,2.31,Moderate
2022-08-07,2022,8,Harbour,33.8,73.9,38.3,53.6,23.4,61.5,2.06,Moderate
2022-08-08,2022,8,Harbour,,60,35.3,70.7,29.6,70.8,4.49,
2022-08-09,2022,8,Harbour,49.8,86.5,37.9,36.6,28.9,51.8,3.68,Unhealthy (sensitive)
2022-08-10,2022,8,Harbour,16.3,25.2,21.1,51.5,25.3,61.7,3.8,Moderate
2022-08-11,2022,8,Harbour,43.6,80.7,39.9,62.7,21.1,43.2,0.2,Unhealthy (sensitive)
2022-08-12,2022,8,Harbour,41,,39.9,50.7,32.1,53.6,5.9,Unhealthy (sensitive)
2022-08-13,2022,8,Harbour,33.4,54.5,28,54.5,23.3,58.4,1.27,Moderate
2022-08-14,2022,8,Harbour,58.9,,45.7,42.9,22.3,55.9,3.81,Unhealthy
2022-08-15,2022,8,Harbour,44.6,96.1,34.2,49.6,22.8,76.5,3.22,Unhealthy (sensitive)
2022-08-16,2022,8,Harbour,38.3,66.4,30.6,64,33.6,65.7,1.57,Unhealthy (sensitive)
2022-08-17,2022,8,Harbour,36.1,49.7,37.5,47.5,31.8,79.6,3.85,Unhealthy (sensitive)
2022-08-18,2022,8,Harbour,55.2,88,45.8,47.3,22.7,82.4,4.2,Unhealthy
2022-08-19,2022,8,Harbour,,46.1,21.4,74.4,23.4,64,3.18,
2022-08-20,2022,8,Harbour,,49.1,27.9,47.5,16.7,80,2.38,
2022-08-21,2022,8,Harbour,44.3,63,47.1,43,22.6,87.8,2.88,Unhealthy (sensitive)
2022-08-22,2022,8,Harbour,51.4,111.2,43,19.4,30.5,79.7,3.16,Unhealthy (sensitive)
2022-08-23,2022,8,Harbour,45.6,89,37.6,68.3,24,57.5,2.36,Unhealthy (sensitive)
2022-08-24,2022,8,Harbour,27.3,32.6,25.9,36.8,31.5,64.2,0.2,Moderate
2022-08-25,2022,8,Harbour,51.8,90.7,51.7,63.4,27,56.7,4.05,Unhealthy (sensitive)
2022-08-26,2022,8,Harbour,25.4,43.8,23,,21.8,81,2.72,Moderate
2022-08-27,2022,8,Harbour,59.7,88.6,56.7,58.2,30.3,59.5,3.64,Unhealthy
2022-08-28,2022,8,Harbour,43,72.4,42.7,54.1,23.4,80.8,5.61,Unhealthy (sensitive)
2022-08-29,2022,8,Harbour,29.6,49.6,26,53.6,25.3,56.3,5.01,Moderate
2022-08-30,2022,8,Harbour,44.6,78.3,40.9,47.2,22.9,38.7,3.32,Unhealthy (sensitive)
2022-08-31,2022,8,Harbour,141,163,23.4,26.3,19.5,77.5,4.61,Unhealthy
2022-09-01,2022,9,Harbour,40.4,85,41.8,14.3,22.4,80.8,3.11,Unhealthy (sensitive)
2022-09-02,2022,9,Harbour,19.7,40.6,22,54.4,23.5,61.5,2.37,Moderate
2022-09-03,2022,9,Harbour,44.7,87,39.1,57.7,20.8,75.5,5.22,Unhealthy (sensitive)
2022-09-04,2022,9,Harbour,15.6,24.4,20,,23.7,85.3,4.66,Moderate
2022-09-05,2022,9,Harbour,33.8,64.8,33.2,,26.2,77.6,3.05,Moderate
2022-09-06,2022,9,Harbour,13.9,16.1,19.9,43.8,15.8,73.6,4.73,Moderate
2022-09-07,2022,9,Harbour,35.5,48.4,30.9,57.9,26.6,65.7,0.92,Unhealthy (sensitive)
2022-09-08,2022,9,Harbour,27.3,41.6,27,73.5,25.2,60.9,3.84,Moderate
2022-09-09,2022,9,Harbour,49.4,105.8,50.2,52.9,26.2,67.7,1.91,Unhealthy (sensitive)
2022-09-10,2022,9,Harbour,35.3,44.2,39,39.7,19,71.2,0.36,Unhealthy (sensitive)
2022-09-11,2022,9,Harbour,56.1,95.6,48.8,64.3,21.2,68.1,4.8,Unhealthy
2022-09-12,2022,9,Harbour,57.8,,50.8,44,25.2,85.3,3.06,Unhealthy
2022-09-13,2022,9,Harbour,29,53.9,29.5,69.5,23.2,79.8,2.79,Moderate
2022-09-14,2022,9,Harbour,35.9,46.9,31.9,72.4,21.1,62.7,0.2,Unhealthy (sensitive)
2022-09-15,2022,9,Harbour,41.5,59.8,37,62.7,25.7,97.8,6.53,Unhealthy (sensitive)
2022-09-16,2022,9,Harbour,49.5,72.1,40.2,33.4,21.8,71,2.91,Unhealthy (sensitive)
2022-09-17,2022,9,Harbour,32,53.1,33.8,42.4,17.4,73.2,1.68,Moderate
2022-09-18,2022,9,Harbour,58,87,48.4,52.7,23.5,77.1,1.74,Unhealthy
2022-09-19,2022,9,Harbour,48.9,96,45.6,68.1,25.9,77.5,0.58,Unhealthy (sensitive)
2022-09-20,2022,9,Harbour,,110.9,50,54.1,22.5,68.8,0.47,
2022-09-21,2022,9,Harbour,20,45.1,21.9,57.6,23.4,50.8,2.1,Moderate
2022-09-22,2022,9,Harbour,64.6,121.3,57.7,41.3,20.5,81.6,2.91,Unhealthy
2022-09-23,2022,9,Harbour,27.1,46.6,29.9,35.2,21.3,67.3,2.28,Moderate
2022-09-24,2022,9,Harbour,33.3,58.4,32.9,58.3,19.5,76.4,3.19,Moderate
2022-09-25,2022,9,Harbour,33.2,63.4,32.6,39.8,16.6,70.4,3.7,Moderate
2022-09-26,2022,9,Harbour,,81.2,42.6,66.3,17.7,79.6,1.7,
2022-09-27,2022,9,Harbour,43.4,59.4,41.6,,23.5,77.3,4.73,Unhealthy (sensitive)
2022-09-28,2022,9,Harbour,35.4,43.6,32.9,51.5,23.3,84.5,3.93,Unhealthy (sensitive)
2022-09-29,2022,9,Harbour,17.5,27.5,23.3,51.9,14.9,71.2,3.26,Moderate
2022-09-30,2022,9,Harbour,174.1,294,40.6,52.6,22.5,38.2,1.12,Unhealthy
2022-10-01,2022,10,Harbour,50.3,96.8,52.6,,,58.9,2.69,Unhealthy (sensitive)
2022-10-02,2022,10,Harbour,,66.8,41.8,52,13,70.4,4.95,
2022-10-03,2022,10,Harbour,60.1,122.7,50.1,64.2,18.9,56.7,4.79,Unhealthy
2022-10-04,2022,10,Harbour,43.4,74.1,43.2,40.8,21.3,84.5,0.2,Unhealthy (sensitive)
2022-10-05,2022,10,Harbour,45.7,91.8,,65.2,18.8,60.9,2.51,Unhealthy (sensitive)
2022-10-06,2022,10,Harbour,34.4,80.9,32.7,32.3,19.9,88.2,4.62,Moderate
2022-10-07,2022,10,Harbour,46.6,73.3,45,,16.3,78.3,4.6,Unhealthy (sensitive)
2022-10-08,2022,10,Harbour,64.7,110.8,55.5,40.5,21.5,49.7,3.53,Unhealthy
2022-10-09,2022,10,Harbour,47.6,,,44.7,20.6,94.9,3.51,Unhealthy (sensitive)
2022-10-10,2022,10,Harbour,51.7,59.9,53.2,40.3,19.3,66.8,1.83,Unhealthy (sensitive)
2022-10-11,2022,10,Harbour,45,54.9,40,57.3,24,99,1.38,Unhealthy (sensitive)
2022-10-12,2022,10,Harbour,352.4,170.2,,34.4,11.4,86.6,2,Unhealthy
2022-10-13,2022,10,Harbour,65.1,127,58.7,48.1,16.2,79.8,3.61,Unhealthy
2022-10-14,2022,10,Harbour,46.2,72,47.3,62.4,19.6,68.6,2.09,Unhealthy (sensitive)
2022-10-15,2022,10,Harbour,65.6,102.3,49,45.4,22.6,86.8,1.87,Unhealthy
2022-10-16,2022,10,Harbour,26.9,52.4,,,20.9,87.4,4.38,Moderate
2022-10-17,2022,10,Harbour,50.9,89.5,52.1,37,14.8,65.6,1.81,Unhealthy (sensitive)
2022-10-18,2022,10,Harbour,58.3,120.8,44.7,36,24.3,98,0.47,Unhealthy
2022-10-19,2022,10,Harbour,53.5,96.4,,35.9,17.7,78.3,4.18,Unhealthy (sensitive)
2022-10-20,2022,10,Harbour,45.1,71.6,42.9,,17.1,64.3,0.2,Unhealthy (sensitive)
2022-10-21,2022,10,Harbour,57.9,101.4,44.4,65.1,19.5,70,3.43,Unhealthy
2022-10-22,2022,10,Harbour,42.8,50.7,42.3,68,13.9,61.1,2.22,Unhealthy (sensitive)
2022-10-23,2022,10,Harbour,56.4,,,58.1,15.4,67.7,4.93,Unhealthy
2022-10-24,2022,10,Harbour,48.4,88.5,37.6,39.7,19.4,68.8,3.47,Unhealthy (sensitive)
2022-10-25,2022,10,Harbour,75.4,107,56,41.2,15.8,88.6,2.54,Unhealthy
2022-10-26,2022,10,Harbour,58.1,116.4,44.5,33.2,15.6,56.9,1.46,Unhealthy
2022-10-27,2022,10,Harbour,66.2,,61.5,43.9,16.6,76.8,3.7,Unhealthy
2022-10-28,2022,10,Harbour,,104.8,47.9,58.9,19.2,87.9,4.4,
2022-10-29,2022,10,Harbour,53.9,105.4,,50.8,15.9,76.5,2.01,Unhealthy (sensitive)
2022-10-30,2022,10,Harbour,35.6,57,37.7,35.5,16.3,73.6,2.43,Unhealthy (sensitive)
2022-10-31,2022,10,Harbour,52.1,97.8,51.6,41.6,16.9,65.7,0.23,Unhealthy (sensitive)
2022-11-01,2022,11,Harbour,36.5,55.7,40.7,44.8,16.5,73.8,0.2,Unhealthy (sensitive)
2022-11-02,2022,11,Harbour,,102.2,49.5,,18.8,87.7,2.07,
2022-11-03,2022,11,Harbour,54.4,117.9,53.1,,18.3,67.7,3.4,Unhealthy (sensitive)
2022-11-04,2022,11,Harbour,54.2,91.7,50.5,48.9,11.3,81,2.26,Unhealthy (sensitive)
2022-11-05,2022,11,Harbour,44.8,69.7,38.7,18.5,16.7,80.8,0.69,Unhealthy (sensitive)
2022-11-06,2022,11,Harbour,60.8,,54.2,36.6,19.6,86.2,2.79,Unhealthy
2022-11-07,2022,11,Harbour,,68.7,35.1,34.6,18.9,78.2,4.42,
2022-11-08,2022,11,Harbour,47.8,102.3,40.1,46.7,18.5,81.3,0.63,Unhealthy (sensitive)
2022-11-09,2022,11,Harbour,55.6,78.6,46.1,50.4,15.4,62,0.2,Unhealthy
2022-11-10,2022,11,Harbour,53,80.1,48.3,46.9,12.1,74.2,1.88,Unhealthy (sensitive)
2022-11-11,2022,11,Harbour,51.1,71.9,43.8,47.4,20.1,76.4,4.74,Unhealthy (sensitive)
2022-11-12,2022,11,Harbour,62.5,121.2,54.1,52,13.7,78.5,1.21,Unhealthy
2022-11-13,2022,11,Harbour,48.3,79.9,37.4,6.1,16,55.5,5.14,Unhealthy (sensitive)
2022-11-14,2022,11,Harbour,51.1,99.1,47.7,40.9,18.9,85.8,1.02,Unhealthy (sensitive)
2022-11-15,2022,11,Harbour,40.5,69.7,34.1,29.3,10.8,70.1,2.27,Unhealthy (sensitive)
2022-11-16,2022,11,Harbour,57.6,100.1,49.9,49.8,11.3,68.6,2.33,Unhealthy
2022-11-17,2022,11,Harbour,65.4,98.9,48.2,44.6,15.9,70.1,2.45,Unhealthy
2022-11-18,2022,11,Harbour,75,107.7,70.2,37,17.1,84.8,2.42,Unhealthy
2022-11-19,2022,11,Harbour,77.7,123,66.6,,16.2,71.9,2.34,Unhealthy
2022-11-20,2022,11,Harbour,58.6,84.7,46.3,28.4,15.3,72.4,2.5,Unhealthy
2022-11-21,2022,11,Harbour,67.5,100.3,56.5,43.1,13.4,68.8,1.7,Unhealthy
2022-11-22,2022,11,Harbour,49.8,83.6,46.4,57.9,18.5,76.3,0.65,Unhealthy (sensitive)
2022-11-23,2022,11,Harbour,61.2,99.5,48.7,27.7,17,77.4,2.24,Unhealthy
2022-11-24,2022,11,Harbour,72.1,142.4,62.7,40.7,16.5,74,4.5,Unhealthy
2022-11-25,2022,11,Harbour,63.7,114.2,53.9,53.6,9.7,73.5,1.56,Unhealthy
2022-11-26,2022,11,Harbour,49.7,82.7,43.6,,9.1,84.6,4.86,Unhealthy (sensitive)
2022-11-27,2022,11,Harbour,60.1,114.7,50.6,30,15.9,83.3,0.2,Unhealthy
2022-11-28,2022,11,Harbour,39.1,62.7,41,17.3,16.6,85.2,1.57,Unhealthy (sensitive)
2022-11-29,2022,11,Harbour,58.6,110.1,44.8,37.2,15.1,74.6,2.7,Unhealthy
2022-11-30,2022,11,Harbour,70.7,120.4,61.3,36.3,19.9,85.6,2.41,Unhealthy
2022-12-01,2022,12,Harbour,51.5,88,49.4,38.7,11.3,78.4,1.7,Unhealthy (sensitive)
2022-12-02,2022,12,Harbour,50.2,107.4,47.9,40.2,19.2,62.8,1.87,Unhealthy (sensitive)
2022-12-03,2022,12,Harbour,48.4,97.1,41.2,32.6,14.8,77.7,1.23,Unhealthy (sensitive)
2022-12-04,2022,12,Harbour,,65.4,39.8,45,12.4,66.3,2.41,
2022-12-05,2022,12,Harbour,51.4,92.7,41.6,26.8,12,66.6,2,Unhealthy (sensitive)
2022-12-06,2022,12,Harbour,82.7,154.5,78.9,45.6,14.9,93.4,1.68,Unhealthy
2022-12-07,2022,12,Harbour,56.1,93.7,47.7,50.6,14.1,60.7,4.01,Unhealthy
2022-12-08,2022,12,Harbour,64.9,134.4,64.8,20.5,11.5,91.3,0.56,Unhealthy
2022-12-09,2022,12,Harbour,59.2,108.4,45.6,56.5,23.2,77.7,1.01,Unhealthy
2022-12-10,2022,12,Harbour,52.3,90.9,39.4,24.3,12.6,62.7,1.37,Unhealthy (sensitive)
2022-12-11,2022,12,Harbour,42.9,66.5,36.6,,13.3,85.8,3.38,Unhealthy (sensitive)
2022-12-12,2022,12,Harbour,49.6,105.3,51.6,40.3,10.6,71.9,2.4,Unhealthy (sensitive)
2022-12-13,2022,12,Harbour,,72,38.2,23.3,12.2,67.8,0.2,
2022-12-14,2022,12,Harbour,35.7,56.8,37.7,33.3,6.7,86.2,3.37,Unhealthy (sensitive)
2022-12-15,2022,12,Harbour,56.7,116.1,57.8,32.8,11.8,77.4,2.54,Unhealthy
2022-12-16,2022,12,Harbour,,109.3,56.8,39.5,11.3,58.5,1.68,
2022-12-17,2022,12,Harbour,55.9,99.3,49.5,29,16.5,91.4,2.74,Unhealthy
2022-12-18,2022,12,Harbour,71.6,141.2,54.1,46.4,17,69.1,1.78,Unhealthy
2022-12-19,2022,12,Harbour,65.2,116.2,62.2,19,8.5,76.4,3.43,Unhealthy
2022-12-20,2022,12,Harbour,65.5,108.9,60.2,15.9,18.5,96,1.74,Unhealthy
2022-12-21,2022,12,Harbour,46.5,74.5,39.8,44.1,15.9,81.4,0.95,Unhealthy (sensitive)
2022-12-22,2022,12,Harbour,,93.4,46.4,49.3,13.5,93.6,1.73,
2022-12-23,2022,12,Harbour,58.2,105.3,50.3,,10.3,80,3.55,Unhealthy
2022-12-24,2022,12,Harbour,61.8,99,48.1,32.3,15.2,91.4,2.22,Unhealthy
2022-12-25,2022,12,Harbour,68.7,108.2,50.5,15.9,10.4,76,1.99,Unhealthy
2022-12-26,2022,12,Harbour,64.9,99.2,61.3,54.6,16.6,63.2,1.87,Unhealthy
2022-12-27,2022,12,Harbour,56.1,,46.5,28,13.9,87.5,3.88,Unhealthy
2022-12-28,2022,12,Harbour,53.7,104,54.1,,10.7,87.6,1.85,Unhealthy (sensitive)
2022-12-29,2022,12,Harbour,46.5,72.7,36.2,20.3,19.7,89.3,2.5,Unhealthy (sensitive)
2022-12-30,2022,12,Harbour,51.8,104.1,39.5,40.4,9,83.5,2.91,Unhealthy (sensitive)
2022-12-31,2022,12,Harbour,58.4,88.8,50.1,35.4,15.7,75.7,4.26,Unhealthy
2023-01-01,2023,1,Harbour,53.2,84.1,48.5,42.5,7.6,71.9,3.92,Unhealthy (sensitive)
2023-01-02,2023,1,Harbour,49.2,,51.2,,8.7,93.3,2.71,Unhealthy (sensitive)
2023-01-03,2023,1,Harbour,77.7,122.5,,41.2,20,68.5,3.5,Unhealthy
2023-01-04,2023,1,Harbour,64,122,58.5,,11.6,76,2.73,Unhealthy
2023-01-05,2023,1,Harbour,58.3,114.5,58.3,31.2,10.9,92.5,2.49,Unhealthy
2023-01-06,2023,1,Harbour,56.7,100.5,49.3,,9.8,92.3,2.61,Unhealthy
2023-01-07,2023,1,Harbour,57.3,100.1,53.9,17.3,17.4,78.6,3.55,Unhealthy
2023-01-08,2023,1,Harbour,64.6,130.2,62.2,42.8,17.6,71.9,4.32,Unhealthy
2023-01-09,2023,1,Harbour,83.4,144.9,76.4,22.6,14.7,84.4,4.16,Unhealthy
2023-01-10,2023,1,Harbour,66.7,139.2,53.7,13.1,3.8,70.3,1.21,Unhealthy
2023-01-11,2023,1,Harbour,69.9,131.1,67.6,34.3,20.2,73,3.16,Unhealthy
2023-01-12,2023,1,Harbour,75.9,134.5,69.3,40.1,17.9,86.5,2.6,Unhealthy
2023-01-13,2023,1,Harbour,,103.5,55,38.4,19.3,70,2.23,
2023-01-14,2023,1,Harbour,65.9,114.4,52.8,55.2,12,48.7,0.2,Unhealthy
2023-01-15,2023,1,Harbour,60.5,97.6,44.1,57.5,15.1,72,3.83,Unhealthy
2023-01-16,2023,1,Harbour,57.7,75.6,44.7,33,16.7,74.4,1.75,Unhealthy
2023-01-17,2023,1,Harbour,58.8,85.7,58.2,55,14.2,66.8,1.67,Unhealthy
2023-01-18,2023,1,Harbour,38.4,72.1,35.5,29.5,6.6,86.7,2.63,Unhealthy (sensitive)
2023-01-19,2023,1,Harbour,67.4,103.9,54.6,47.6,19,81.9,5.44,Unhealthy
2023-01-20,2023,1,Harbour,66.9,99.5,61.9,38.1,8.1,61.4,1.75,Unhealthy
2023-01-21,2023,1,Harbour,59.1,106.3,60.2,39.9,15.9,77.2,3.21,Unhealthy
2023-01-22,2023,1,Harbour,,85.7,33.3,17.5,17.7,59.6,3.1,
2023-01-23,2023,1,Harbour,51.7,90.1,42,48,13.9,87.8,0.2,Unhealthy (sensitive)
2023-01-24,2023,1,Harbour,64.8,,,7,12.2,85.7,3.48,Unhealthy
2023-01-25,2023,1,Harbour,53.3,72,,21,16.7,82.8,4.55,Unhealthy (sensitive)
2023-01-26,2023,1,Harbour,48.7,62.8,40.4,18.6,17,62.1,0.2,Unhealthy (sensitive)
2023-01-27,2023,1,Harbour,65.3,96,54.5,45,21.4,86.8,3.12,Unhealthy
2023-01-28,2023,1,Harbour,57.3,101.7,54,43.9,11.1,72.2,2.08,Unhealthy
2023-01-29,2023,1,Harbour,,126,58.2,70.5,14.5,71.7,1.6,
2023-01-30,2023,1,Harbour,69.2,135.8,55.3,44.8,12.9,80.1,3.96,Unhealthy
2023-01-31,2023,1,Harbour,72.5,141.4,57.4,36.8,15.5,91.4,0.97,Unhealthy
2023-02-01,2023,2,Harbour,52,,39.5,,8.3,79.7,1.42,Unhealthy (sensitive)
2023-02-02,2023,2,Harbour,34.4,55.4,37.2,26.4,17.4,65.2,0.2,Moderate
2023-02-03,2023,2,Harbour,,116.2,62.6,8,15.5,80.9,1.38,
2023-02-04,2023,2,Harbour,,113.4,,13.6,12.9,77.5,3.17,
2023-02-05,2023,2,Harbour,50.4,107,40.5,19.4,17.8,92.7,2.85,Unhealthy (sensitive)
2023-02-06,2023,2,Harbour,70.8,105.3,64.9,65.2,16.5,67.7,1.43,Unhealthy
2023-02-07,2023,2,Harbour,59.7,92.9,48.1,44.7,14.6,71.5,4.05,Unhealthy
2023-02-08,2023,2,Harbour,,85.5,56.6,22.4,12.3,89.3,3.95,
2023-02-09,2023,2,Harbour,,106.8,57.4,37.8,12.6,77.2,2.25,
2023-02-10,2023,2,Harbour,60.1,119.3,59.6,26.4,17.2,57.3,4.12,Unhealthy
2023-02-11,2023,2,Harbour,60.9,92.3,44.1,32.3,14.1,63.1,2.33,Unhealthy
2023-02-12,2023,2,Harbour,34.8,51.1,31.1,6,20.6,68.8,2.91,Moderate
2023-02-13,2023,2,Harbour,50.8,102.3,50.6,24.8,9.9,53.7,1.32,Unhealthy (sensitive)
2023-02-14,2023,2,Harbour,70,109,69.8,27,12.4,56.6,3.11,Unhealthy
2023-02-15,2023,2,Harbour,75.6,153.6,55.7,35.6,20.2,71.6,3.51,Unhealthy
2023-02-16,2023,2,Harbour,40.1,79.6,,39.7,17.8,62.4,3.48,Unhealthy (sensitive)
2023-02-17,2023,2,Harbour,58.8,89.1,59.4,45.2,22,65.1,2.87,Unhealthy
2023-02-18,2023,2,Harbour,66.5,128.2,66,34,15.4,61.5,2.99,Unhealthy
2023-02-19,2023,2,Harbour,44.8,59.1,42.4,46.9,15.9,60.6,0.2,Unhealthy (sensitive)
2023-02-20,2023,2,Harbour,55.1,87.5,54.7,43.4,14,75.7,0.57,Unhealthy
2023-02-21,2023,2,Harbour,,84,43.9,36.5,17.6,71.6,1.09,
2023-02-22,2023,2,Harbour,41.8,65.7,43,,16.7,71,2.56,Unhealthy (sensitive)
2023-02-23,2023,2,Harbour,44.9,,48.3,33.7,13.6,57.6,5.21,Unhealthy (sensitive)
2023-02-24,2023,2,Harbour,47.3,57.3,49.6,45.3,17.2,63.9,2.21,Unhealthy (sensitive)
2023-02-25,2023,2,Harbour,64.2,125,,,19.1,67.2,1.65,Unhealthy
2023-02-26,2023,2,Harbour,55.3,114.4,48.1,51.2,13.6,73.8,3.03,Unhealthy
2023-02-27,2023,2,Harbour,79.6,,76.1,59,18.9,80.1,0.2,Unhealthy
2023-02-28,2023,2,Harbour,60.6,84,51.1,38.6,18.1,63,2.35,Unhealthy
2023-03-01,2023,3,Harbour,56.3,78.3,57.8,23.8,11.4,61,2.88,Unhealthy
2023-03-02,2023,3,Harbour,,97.3,67.3,28.8,18.5,69.6,4.37,
2023-03-03,2023,3,Harbour,46,80,41.5,,14.7,66.5,3.75,Unhealthy (sensitive)
2023-03-04,2023,3,Harbour,,91.6,40.8,50.9,19.4,77.3,0.2,
2023-03-05,2023,3,Harbour,59.8,105.7,60.6,,14.3,69.8,2.6,Unhealthy
2023-03-06,2023,3,Harbour,,86.4,51.3,44,16.6,71.8,1.49,
2023-03-07,2023,3,Harbour,44.2,75.4,46.1,,26.3,74.4,2.35,Unhealthy (sensitive)
2023-03-08,2023,3,Harbour,54.3,101.8,47.5,29.2,17.1,62.3,1.73,Unhealthy (sensitive)
2023-03-09,2023,3,Harbour,51.5,83.2,43.5,48.5,20,79.2,2.76,Unhealthy (sensitive)
2023-03-10,2023,3,Harbour,58.7,95.9,52.1,51.6,13.3,58,1.77,Unhealthy
2023-03-11,2023,3,Harbour,37.8,61,33.5,27.4,13.3,87.5,2.31,Unhealthy (sensitive)
2023-03-12,2023,3,Harbour,66.6,111.6,49.9,40,10,88.1,1.39,Unhealthy
2023-03-13,2023,3,Harbour,57.9,88.1,57.2,29.9,19.9,85.9,4.73,Unhealthy
2023-03-14,2023,3,Harbour,,62.7,33.5,33.1,23.3,82.7,4.59,
2023-03-15,2023,3,Harbour,49.1,102.3,41.6,38.5,,79.4,1.32,Unhealthy (sensitive)
2023-03-16,2023,3,Harbour,41.6,64.7,37.1,49.2,15.5,81.3,2.33,Unhealthy (sensitive)
2023-03-17,2023,3,Harbour,65.8,100.6,48.2,43.6,20.2,82.7,2.35,Unhealthy
2023-03-18,2023,3,Harbour,57.9,118.8,53.5,30.6,19.5,60.2,3.57,Unhealthy
2023-03-19,2023,3,Harbour,43.7,84.1,36.3,61,15.2,76.6,1.43,Unhealthy (sensitive)
2023-03-20,2023,3,Harbour,73.2,107.1,72.7,24.8,19.3,67.7,3.46,Unhealthy
2023-03-21,2023,3,Harbour,51,94.9,53.3,,21.4,73.8,3.88,Unhealthy (sensitive)
2023-03-22,2023,3,Harbour,47.8,86,50.1,45.1,23.5,84.7,1.97,Unhealthy (sensitive)
2023-03-23,2023,3,Harbour,,,49.4,64.4,9.6,69.1,2.16,
2023-03-24,2023,3,Harbour,,84.2,,55.9,20.3,78.4,1.59,
2023-03-25,2023,3,Harbour,42.1,87.4,45.8,43.6,20.2,77.8,1.61,Unhealthy (sensitive)
2023-03-26,2023,3,Harbour,,46.3,29.6,48.7,14,90.4,3.81,
2023-03-27,2023,3,Harbour,40.4,,38.3,49.7,19.1,85.8,1.88,Unhealthy (sensitive)
2023-03-28,2023,3,Harbour,380,252,49.2,54.9,21.7,67.3,1.54,Unhealthy
2023-03-29,2023,3,Harbour,21.7,43.8,21,45.3,22.9,63.8,2.5,Moderate
2023-03-30,2023,3,Harbour,41.8,90.5,32.7,32.7,18.5,77.5,3.83,Unhealthy (sensitive)
2023-03-31,2023,3,Harbour,47,91.7,48.5,68.3,23.4,73.9,2.23,Unhealthy (sensitive)
2023-04-01,2023,4,Harbour,56.7,86.7,,46.6,26.2,88.9,2.92,Unhealthy
2023-04-02,2023,4,Harbour,38.5,71.8,31.6,48.5,12.1,72.3,4.61,Unhealthy (sensitive)
2023-04-03,2023,4,Harbour,36.3,72.4,39.6,32.7,21.1,79,4,Unhealthy (sensitive)
2023-04-04,2023,4,Harbour,39.1,70.1,35.6,39.9,20.9,73.8,1.72,Unhealthy (sensitive)
2023-04-05,2023,4,Harbour,,78.1,38.2,63.9,24.5,85,3.12,
2023-04-06,2023,4,Harbour,31.9,38.9,35.8,34,23.9,58.9,4.4,Moderate
2023-04-07,2023,4,Harbour,55.2,99.5,55.5,53.7,24.3,81.6,2.7,Unhealthy
2023-04-08,2023,4,Harbour,29.4,54.6,31.8,,19,78.1,3.99,Moderate
2023-04-09,2023,4,Harbour,,123.8,48.6,42.6,24.9,44.3,3.36,
2023-04-10,2023,4,Harbour,51.4,113.3,45.3,54,26,69.6,4.27,Unhealthy (sensitive)
2023-04-11,2023,4,Harbour,52.3,106.8,49.7,21,21.4,80.1,4.39,Unhealthy (sensitive)
2023-04-12,2023,4,Harbour,40.8,66.6,34.8,,23.8,80,2.42,Unhealthy (sensitive)
2023-04-13,2023,4,Harbour,,47.1,36.9,41.4,21.9,75.3,2.36,
2023-04-14,2023,4,Harbour,41.2,73.9,44.7,39.3,19.6,71.7,4.9,Unhealthy (sensitive)
2023-04-15,2023,4,Harbour,32.8,59.4,27.1,38.6,18.5,79.9,2.18,Moderate
2023-04-16,2023,4,Harbour,43.1,85.1,39.6,57.4,17.4,58.1,5,Unhealthy (sensitive)
2023-04-17,2023,4,Harbour,43.5,72.6,47.1,52.1,22.7,63.1,4.64,Unhealthy (sensitive)
2023-04-18,2023,4,Harbour,37.1,78.2,40.7,44.1,25.5,86.2,4.76,Unhealthy (sensitive)
2023-04-19,2023,4,Harbour,41.3,71.8,38.2,42.8,23.9,96.8,1.89,Unhealthy (sensitive)
2023-04-20,2023,4,Harbour,43.6,59.1,46.8,33.9,16.8,76.4,2.32,Unhealthy (sensitive)
2023-04-21,2023,4,Harbour,50.6,90.5,48.8,44.1,24.6,63.5,0.92,Unhealthy (sensitive)
2023-04-22,2023,4,Harbour,35.9,75.5,39.2,58.5,22.4,78.7,3.02,Unhealthy (sensitive)
2023-04-23,2023,4,Harbour,,88.1,41.2,63,22.8,64.1,2.27,
2023-04-24,2023,4,Harbour,16.3,29.8,18.7,56.4,24.5,87.2,1.89,Moderate
2023-04-25,2023,4,Harbour,30.8,48.4,32.7,36.4,22.9,63.4,1.33,Moderate
2023-04-26,2023,4,Harbour,48.5,,50.1,50.6,21.5,62.4,2.64,Unhealthy (sensitive)
2023-04-27,2023,4,Harbour,,,24.6,29.4,19.5,57.1,5.08,
2023-04-28,2023,4,Harbour,47.5,105.7,49.2,,21.6,44.1,2.61,Unhealthy (sensitive)
2023-04-29,2023,4,Harbour,29.9,37.7,30,66.5,23.1,78.1,2.31,Moderate
2023-04-30,2023,4,Harbour,36.5,79,29.8,35.4,19.9,74.4,3.47,Unhealthy (sensitive)
2023-05-01,2023,5,Harbour,21.4,30.7,24.6,47.4,20.9,63,0.79,Moderate
2023-05-02,2023,5,Harbour,,70.4,44.8,41.5,27.2,65.9,1.95,
2023-05-03,2023,5,Harbour,,58.1,38.3,57.9,23.7,73.4,6.68,
2023-05-04,2023,5,Harbour,,65.6,41.6,72.5,28.8,61.7,2.26,
2023-05-05,2023,5,Harbour,,63.2,35.3,60.1,23.1,64.8,3.99,
2023-05-06,2023,5,Harbour,,89.8,40.8,66.2,18.4,70.4,4.82,
2023-05-07,2023,5,Harbour,,,,44.9,19.1,61.8,1.84,
2023-05-08,2023,5,Harbour,,94.5,51.7,35.9,25.2,71.5,0.84,
2023-05-09,2023,5,Harbour,,54.9,34.2,41.7,24.9,63.6,1.43,
2023-05-10,2023,5,Harbour,,23.6,21.2,72.8,25.7,84.1,0.79,
2023-05-11,2023,5,Harbour,,40.3,27.6,26,21.6,60.4,1.08,
2023-05-12,2023,5,Harbour,,,33.8,,24.1,77.1,2.06,
2023-05-13,2023,5,Harbour,45.5,63.6,35.2,51.1,30.1,67.9,1.47,Unhealthy (sensitive)
2023-05-14,2023,5,Harbour,,86.3,44.4,18.9,27.6,62.8,4.69,
2023-05-15,2023,5,Harbour,15.1,29.1,,69.4,17.6,57.3,2.46,Moderate
2023-05-16,2023,5,Harbour,22.1,38,25.7,,29.6,54.5,1.8,Moderate
2023-05-17,2023,5,Harbour,61.2,101.6,49.5,69.1,23,74.4,0.72,Unhealthy
2023-05-18,2023,5,Harbour,26.3,57.4,28.8,46.2,22.4,84.2,4.07,Moderate
2023-05-19,2023,5,Harbour,37.6,73.8,33.5,41,28.7,72.8,4.32,Unhealthy (sensitive)
2023-05-20,2023,5,Harbour,45.5,83.8,35.1,36.1,23.6,55.4,3.23,Unhealthy (sensitive)
2023-05-21,2023,5,Harbour,,53.7,,66.5,20.9,72.8,3.61,
2023-05-22,2023,5,Harbour,36.9,58.2,31.2,,31.9,69.2,4.04,Unhealthy (sensitive)
2023-05-23,2023,5,Harbour,36.7,60.2,41.2,50.6,24.9,57.1,3.78,Unhealthy (sensitive)
2023-05-24,2023,5,Harbour,35.8,73,36.9,64.2,30.3,50.1,3.99,Unhealthy (sensitive)
2023-05-25,2023,5,Harbour,22.1,44.2,24.7,26.1,26.9,57.2,3.91,Moderate
2023-05-26,2023,5,Harbour,34.9,60.2,29.1,50.1,26.5,48.3,2.49,Moderate
2023-05-27,2023,5,Harbour,27.8,50.7,30.6,47.7,26.1,66.3,3.34,Moderate
2023-05-28,2023,5,Harbour,36.6,61.3,39.4,32.8,35.6,71,2.23,Unhealthy (sensitive)
2023-05-29,2023,5,Harbour,36.8,51.8,29.9,69.3,30.3,85,3.94,Unhealthy (sensitive)
2023-05-30,2023,5,Harbour,41.8,82.7,42.6,49.9,25.4,53.3,3.44,Unhealthy (sensitive)
2023-05-31,2023,5,Harbour,23.2,36.3,27.7,58.1,17,66.7,4.6,Moderate
2023-06-01,2023,6,Harbour,31.7,69.8,27.3,46.6,26.1,64.2,3.46,Moderate
2023-06-02,2023,6,Harbour,51.1,95.1,45.7,61.4,26.8,72.7,3.7,Unhealthy (sensitive)
2023-06-03,2023,6,Harbour,35.6,80.9,,56.8,29.2,48.3,4.05,Unhealthy (sensitive)
2023-06-04,2023,6,Harbour,48.8,86.8,51.2,72.8,27.7,72.7,3.06,Unhealthy (sensitive)
2023-06-05,2023,6,Harbour,20,40.9,20.7,60.7,29,70.9,1.8,Moderate
2023-06-06,2023,6,Harbour,36,59.7,29.8,82.1,26.8,69.3,3.8,Unhealthy (sensitive)
2023-06-07,2023,6,Harbour,27.6,34,27.3,57.6,30.8,69.7,4.89,Moderate
2023-06-08,2023,6,Harbour,35.5,61.4,31.4,51.8,23.7,74.3,3.74,Unhealthy (sensitive)
2023-06-09,2023,6,Harbour,42.1,76.6,,,29,67.3,2.05,Unhealthy (sensitive)
2023-06-10,2023,6,Harbour,37.6,48,40.6,42.2,30.3,53.2,1.57,Unhealthy (sensitive)
2023-06-11,2023,6,Harbour,,61.7,36.8,41.8,25.9,74.1,1.93,
2023-06-12,2023,6,Harbour,28.5,52.6,31.1,43.2,22,51.1,2.85,Moderate
2023-06-13,2023,6,Harbour,24.6,51.1,23.4,64.6,27.5,59.3,3.58,Moderate
2023-06-14,2023,6,Harbour,19.8,31.4,24.3,48.8,19.8,65,4.78,Moderate
2023-06-15,2023,6,Harbour,25.5,57.2,29.6,,27.7,76.3,2.57,Moderate
2023-06-16,2023,6,Harbour,31.6,41.3,35.9,38.8,30.4,70.2,3.66,Moderate
2023-06-17,2023,6,Harbour,33.7,43.2,36.7,56.1,25.6,82.6,4.58,Moderate
2023-06-18,2023,6,Harbour,44.2,67.6,47.1,57.7,30.5,53.7,4.65,Unhealthy (sensitive)
2023-06-19,2023,6,Harbour,22.6,42.6,28.1,57.9,21.3,71.7,2.55,Moderate
2023-06-20,2023,6,Harbour,25.5,44.2,23.6,34.2,18,65.4,2.65,Moderate
2023-06-21,2023,6,Harbour,34.4,73.7,33.4,,30.3,72.3,4.9,Moderate
2023-06-22,2023,6,Harbour,,,37.4,89.1,27,63.8,2.96,
2023-06-23,2023,6,Harbour,28.4,55.8,32.4,,22.6,63.2,2.61,Moderate
2023-06-24,2023,6,Harbour,44.3,80.6,35.3,,25.7,43.3,2.92,Unhealthy (sensitive)
2023-06-25,2023,6,Harbour,29.8,57.1,,49.4,23.9,58.1,3.97,Moderate
2023-06-26,2023,6,Harbour,45.5,96.3,42.7,56.3,24.2,65.1,4.08,Unhealthy (sensitive)
2023-06-27,2023,6,Harbour,,112.3,45.5,42.8,33,61.5,4.37,
2023-06-28,2023,6,Harbour,27.2,,25.4,,31.9,53.3,4.52,Moderate
2023-06-29,2023,6,Harbour,52.5,96.5,50.1,61,26,61.1,6.55,Unhealthy (sensitive)
2023-06-30,2023,6,Harbour,35.9,60.3,39.7,45.2,31.2,60.3,2.44,Unhealthy (sensitive)
2023-07-01,2023,7,Harbour,29,43.9,29.2,59.9,27.6,55,3.49,Moderate
2023-07-02,2023,7,Harbour,26.9,52.9,31.3,41.4,22.9,61,2.88,Moderate
2023-07-03,2023,7,Harbour,,83.7,43.4,50.7,31.4,44.8,1.46,
2023-07-04,2023,7,Harbour,41.2,76.3,39,65.1,27.3,86.5,4.37,Unhealthy (sensitive)
2023-07-05,2023,7,Harbour,45.5,84.9,45.8,31.5,27.9,92.5,4.91,Unhealthy (sensitive)
2023-07-06,2023,7,Harbour,19.8,28.5,20.4,61.6,28.1,79.8,2.32,Moderate
2023-07-07,2023,7,Harbour,34,48.1,29.9,69.6,29.6,83.6,4.08,Moderate
2023-07-08,2023,7,Harbour,29.9,64,34.3,53.9,28.6,58.1,2.48,Moderate
2023-07-09,2023,7,Harbour,35.2,54.1,38.5,27.6,20.9,54.8,3.84,Unhealthy (sensitive)
2023-07-10,2023,7,Harbour,,49.1,31.3,49.7,26.6,72.3,3.1,
2023-07-11,2023,7,Harbour,48.4,70,49.5,74.8,27.7,81.4,1.87,Unhealthy (sensitive)
2023-07-12,2023,7,Harbour,16.5,22.8,17.1,62.9,29.5,68,3.76,Moderate
2023-07-13,2023,7,Harbour,37.4,76.3,38.4,53,28.9,67.3,3.57,Unhealthy (sensitive)
2023-07-14,2023,7,Harbour,23.9,47.6,23.2,45.8,24.2,73.1,1.48,Moderate
2023-07-15,2023,7,Harbour,27.7,56.5,32,77.2,25.6,73.8,2.11,Moderate
2023-07-16,2023,7,Harbour,,97.7,,54.4,29.3,53.9,3.22,
2023-07-17,2023,7,Harbour,47.2,92.4,49,37.2,,70.8,3.42,Unhealthy (sensitive)
2023-07-18,2023,7,Harbour,37.5,72.3,39.2,52.4,25.3,58.3,5.86,Unhealthy (sensitive)
2023-07-19,2023,7,Harbour,62,123.1,60.4,,28.9,48.8,3.49,Unhealthy
2023-07-20,2023,7,Harbour,27.7,41,26.2,50.8,33.8,72.4,4.26,Moderate
2023-07-21,2023,7,Harbour,36.1,46.7,38.1,52.4,26.9,44.5,1.48,Unhealthy (sensitive)
2023-07-22,2023,7,Harbour,32.7,55.2,36.4,71.8,29.4,67.9,2.89,Moderate
2023-07-23,2023,7,Harbour,42.2,83.7,36.4,,33,64.4,2.74,Unhealthy (sensitive)
2023-07-24,2023,7,Harbour,37.8,70,31.4,49.4,25.7,73.7,2.17,Unhealthy (sensitive)
2023-07-25,2023,7,Harbour,38.5,59.1,40.2,47.1,33.6,77.7,0.93,Unhealthy (sensitive)
2023-07-26,2023,7,Harbour,23.7,48.8,24,44.4,29.3,61.7,1.46,Moderate
2023-07-27,2023,7,Harbour,24.1,45.9,22.5,36.5,33.9,47.8,2.49,Moderate
2023-07-28,2023,7,Harbour,,95.1,37.5,33.2,27.9,76.8,4.2,
2023-07-29,2023,7,Harbour,30.4,52.5,,53.8,30.9,82.3,4.03,Moderate
2023-07-30,2023,7,Harbour,40.9,87.8,43.5,70.7,26.8,71.6,4.5,Unhealthy (sensitive)
2023-07-31,2023,7,Harbour,41.4,79.2,34.6,47.3,26.4,72.8,3.71,Unhealthy (sensitive)
2023-08-01,2023,8,Harbour,33.2,67.2,36.1,68,,79.7,2.47,Moderate
2023-08-02,2023,8,Harbour,,49.3,34.8,,,68.9,2.29,
2023-08-03,2023,8,Harbour,26,42.6,31.9,67.6,25.7,77.3,3.94,Moderate
2023-08-04,2023,8,Harbour,44.5,77.3,47.2,47.1,27.5,83,5.24,Unhealthy (sensitive)
2023-08-05,2023,8,Harbour,44.7,59.9,,42.5,22.7,83.7,4.43,Unhealthy (sensitive)
2023-08-06,2023,8,Harbour,42.7,72.9,41.4,44.4,27.6,77.6,2.29,Unhealthy (sensitive)
2023-08-07,2023,8,Harbour,37,59.3,29.9,26.3,27.4,56.3,3.19,Unhealthy (sensitive)
2023-08-08,2023,8,Harbour,29.3,55.6,,41.6,27.9,71.4,4.09,Moderate
2023-08-09,2023,8,Harbour,23.1,37.8,27.2,55,31.4,57,2.13,Moderate
2023-08-10,2023,8,Harbour,32.7,58.9,29.4,57.5,20.3,53.5,0.77,Moderate
2023-08-11,2023,8,Harbour,49.2,97.2,40.8,,22.2,67.7,3.94,Unhealthy (sensitive)
2023-08-12,2023,8,Harbour,28.8,51.8,33.1,38.3,23.4,62,3.3,Moderate
2023-08-13,2023,8,Harbour,,78,33.4,50,25.8,69.9,2.26,
2023-08-14,2023,8,Harbour,24,26.4,28.2,37,27,69,1.84,Moderate
2023-08-15,2023,8,Harbour,26.8,43.4,24.7,39.6,25.1,76.6,3.23,Moderate
2023-08-16,2023,8,Harbour,33.7,75.1,32.4,35.4,26.7,71.8,2.69,Moderate
2023-08-17,2023,8,Harbour,20.2,31.8,19.3,,23.9,71.5,5.01,Moderate
2023-08-18,2023,8,Harbour,,75.2,39.4,28.5,27,56.1,5.56,
2023-08-19,2023,8,Harbour,21.4,36.8,26.3,40.9,23.3,58.2,0.31,Moderate
2023-08-20,2023,8,Harbour,29.2,42.4,26.6,70.7,27.8,63.3,2.67,Moderate
2023-08-21,2023,8,Harbour,51.2,85.3,43.2,27.5,27.2,69.6,4.14,Unhealthy (sensitive)
2023-08-22,2023,8,Harbour,,93.4,58.7,63.7,24,63.4,2.52,
2023-08-23,2023,8,Harbour,,46.7,29.6,33.3,24.2,69.6,3.47,
2023-08-24,2023,8,Harbour,33.7,69.7,36.9,32.8,19,64.2,2.07,Moderate
2023-08-25,2023,8,Harbour,3.2,8.2,9.9,43.9,32.1,90.3,3.21,Good
2023-08-26,2023,8,Harbour,,,31.5,44.9,25.6,72.4,2.2,
2023-08-27,2023,8,Harbour,31.2,57,35.2,51.3,22.3,66.1,2.22,Moderate
2023-08-28,2023,8,Harbour,41.5,78.7,,30.8,29.2,60.8,2,Unhealthy (sensitive)
2023-08-29,2023,8,Harbour,36.2,57,32.4,,26,58.5,0.33,Unhealthy (sensitive)
2023-08-30,2023,8,Harbour,38.8,64.1,31.6,50.8,24.8,54.7,3.33,Unhealthy (sensitive)
2023-08-31,2023,8,Harbour,,35.4,28.7,51.8,22.2,54.1,1.36,
2023-09-01,2023,9,Harbour,,68,46.7,68.9,25.3,73,3.53,
2023-09-02,2023,9,Harbour,39.1,53.6,41.2,49.2,25,67.6,1.61,Unhealthy (sensitive)
2023-09-03,2023,9,Harbour,32.1,53.6,31.4,63.8,26.2,81.2,2.25,Moderate
2023-09-04,2023,9,Harbour,30.1,61.8,33.4,59.9,24.7,55.1,1.88,Moderate
2023-09-05,2023,9,Harbour,43.8,76.1,,,20.1,93.6,5.62,Unhealthy (sensitive)
2023-09-06,2023,9,Harbour,29.2,43.4,28.9,64.1,21,60,0.48,Moderate
2023-09-07,2023,9,Harbour,55.6,84.8,55.7,35.4,20.5,65.3,3.15,Unhealthy
2023-09-08,2023,9,Harbour,30.8,48.2,31,69.1,23.7,60.2,2.26,Moderate
2023-09-09,2023,9,Harbour,38.5,,36,34,23.5,44.1,5.32,Unhealthy (sensitive)
2023-09-10,2023,9,Harbour,45.5,,36.8,6.4,22.4,77.5,4.44,Unhealthy (sensitive)
2023-09-11,2023,9,Harbour,36.3,83.7,35,33.8,18.9,70.4,2.73,Unhealthy (sensitive)
2023-09-12,2023,9,Harbour,,62.7,36.8,39.7,23.6,66.9,5.74,
2023-09-13,2023,9,Harbour,37.6,67.9,36.3,55.5,23.4,58.1,3.03,Unhealthy (sensitive)
2023-09-14,2023,9,Harbour,31.3,50.1,33.6,,17.4,70.8,3.57,Moderate
2023-09-15,2023,9,Harbour,42,72.8,40.5,64.2,22.7,78.8,2.17,Unhealthy (sensitive)
2023-09-16,2023,9,Harbour,49.5,88,47.1,26,27.5,97.7,1.83,Unhealthy (sensitive)
2023-09-17,2023,9,Harbour,,80.5,36,24.5,24.6,60.4,5.45,
2023-09-18,2023,9,Harbour,45.4,84.2,44.7,38.2,22.1,65.5,1.44,Unhealthy (sensitive)
2023-09-19,2023,9,Harbour,50.1,96.8,39.1,61.5,20.3,77.6,1.48,Unhealthy (sensitive)
2023-09-20,2023,9,Harbour,48.9,82.2,39.9,38.7,18.5,66.3,0.76,Unhealthy (sensitive)
2023-09-21,2023,9,Harbour,52.4,107.7,53.4,58.1,19.5,46.9,1.22,Unhealthy (sensitive)
2023-09-22,2023,9,Harbour,46.7,67.2,48.2,38.7,27.4,72.7,0.51,Unhealthy (sensitive)
2023-09-23,2023,9,Harbour,21,,19.9,53.4,21.1,74.8,4.38,Moderate
2023-09-24,2023,9,Harbour,,111.1,53.8,33.3,25.1,70.5,1.57,
2023-09-25,2023,9,Harbour,40.2,58.5,41.9,66.9,21.3,64.6,2.38,Unhealthy (sensitive)
2023-09-26,2023,9,Harbour,32.8,42.6,36.9,58.5,19.9,62.9,4.01,Moderate
2023-09-27,2023,9,Harbour,29.7,37.4,28.6,32.1,17.6,49.4,0.98,Moderate
2023-09-28,2023,9,Harbour,60.9,77.3,54.5,67.6,20.3,63.3,3.76,Unhealthy
2023-09-29,2023,9,Harbour,28.3,50.8,30.4,58.6,20.5,72.4,2.53,Moderate
2023-09-30,2023,9,Harbour,42.1,72.3,43.7,52.8,20,87.4,1.08,Unhealthy (sensitive)
2023-10-01,2023,10,Harbour,45.1,67,40.6,62,15.9,59.2,1.77,Unhealthy (sensitive)
2023-10-02,2023,10,Harbour,45.2,75.4,46.3,54.1,21.8,82.5,4.28,Unhealthy (sensitive)
2023-10-03,2023,10,Harbour,56.3,,43.4,,13.5,79.4,2.23,Unhealthy
2023-10-04,2023,10,Harbour,35.6,,29.4,58.3,23.8,66.2,1.2,Unhealthy (sensitive)
2023-10-05,2023,10,Harbour,45,,37.9,39.4,23.7,63.8,3.33,Unhealthy (sensitive)
2023-10-06,2023,10,Harbour,64.2,101.3,48.2,34.4,15.6,61.8,4.51,Unhealthy
2023-10-07,2023,10,Harbour,53.1,77.6,,43.9,25.2,70.5,0.7,Unhealthy (sensitive)
2023-10-08,2023,10,Harbour,,97.6,49.1,42.2,24.8,75.2,0.3,
2023-10-09,2023,10,Harbour,46.8,71.6,36.5,,18.2,54.5,0.2,Unhealthy (sensitive)
2023-10-10,2023,10,Harbour,51.4,107.2,49.5,44.9,18.2,63.8,2.71,Unhealthy (sensitive)
2023-10-11,2023,10,Harbour,,104.5,62.9,41.7,22.8,53.6,0.2,
2023-10-12,2023,10,Harbour,64.3,123.2,47.1,44.7,20.7,74.4,0.25,Unhealthy
2023-10-13,2023,10,Harbour,,,47.8,43,21.8,80.1,3.45,
2023-10-14,2023,10,Harbour,58.9,98.7,55.2,55.5,21.5,73.4,3.67,Unhealthy
2023-10-15,2023,10,Harbour,66.6,137,52.3,42.3,16.3,79.9,4.01,Unhealthy
2023-10-16,2023,10,Harbour,61.3,89.4,51.9,54.2,18.6,79.6,3.04,Unhealthy
2023-10-17,2023,10,Harbour,43.6,83.4,,38.4,22,75.4,4.29,Unhealthy (sensitive)
2023-10-18,2023,10,Harbour,56.6,115.5,54.8,39.6,19.1,53.4,0.4,Unhealthy
2023-10-19,2023,10,Harbour,57.9,100.9,50,35.3,19.4,64.4,1.99,Unhealthy
2023-10-20,2023,10,Harbour,24,28.7,25.1,31.1,16.4,48.5,3.93,Moderate
2023-10-21,2023,10,Harbour,37.2,65.5,32.5,53.9,21.8,67.5,1.2,Unhealthy (sensitive)
2023-10-22,2023,10,Harbour,53.5,95.3,40.9,48.5,18.7,66.4,3.48,Unhealthy (sensitive)
2023-10-23,2023,10,Harbour,40.2,64.5,33.5,60.6,10.7,86.6,2.79,Unhealthy (sensitive)
2023-10-24,2023,10,Harbour,32.9,60.4,30.9,44.5,17.8,99,4.42,Moderate
2023-10-25,2023,10,Harbour,,84.2,48.5,65.7,,61.4,4.01,
2023-10-26,2023,10,Harbour,53.7,,46.4,48.6,19.7,64.2,3.64,Unhealthy (sensitive)
2023-10-27,2023,10,Harbour,47.4,90.4,37.2,38.9,18.1,72,1.23,Unhealthy (sensitive)
2023-10-28,2023,10,Harbour,46.8,73.4,45.9,29.9,18.9,57.3,3.85,Unhealthy (sensitive)
2023-10-29,2023,10,Harbour,57.8,78.3,47.2,42.6,10.7,88.6,3.29,Unhealthy
2023-10-30,2023,10,Harbour,,80.2,47.4,35.7,18.1,80,4.41,
2023-10-31,2023,10,Harbour,64.9,135.1,55.9,50,21.1,77,3.75,Unhealthy
2023-11-01,2023,11,Harbour,61.9,122.5,49.1,30,22.7,61.3,1.62,Unhealthy
2023-11-02,2023,11,Harbour,63.4,109.5,55.7,69.1,17.7,62.8,3.12,Unhealthy
2023-11-03,2023,11,Harbour,59.6,,59.2,,22.8,73,1.02,Unhealthy
2023-11-04,2023,11,Harbour,,66.9,,54.9,14.7,87.6,2.27,
2023-11-05,2023,11,Harbour,47.4,91.5,49,74.5,18.5,65.2,2.17,Unhealthy (sensitive)
2023-11-06,2023,11,Harbour,53.1,102.3,39.5,30.1,21.5,75.7,1.15,Unhealthy (sensitive)
2023-11-07,2023,11,Harbour,46.7,,,51,17,71.3,0.62,Unhealthy (sensitive)
2023-11-08,2023,11,Harbour,74.5,104.6,55.3,40.4,18.1,77.7,3.57,Unhealthy
2023-11-09,2023,11,Harbour,77.4,112.4,55.3,28.3,11.7,82.1,1.22,Unhealthy
2023-11-10,2023,11,Harbour,53.5,91.4,54.4,19.5,22.6,60.2,2.83,Unhealthy (sensitive)
2023-11-11,2023,11,Harbour,31.1,43,26.1,38.7,15.9,76.4,2.41,Moderate
2023-11-12,2023,11,Harbour,74.2,156.2,61.2,39.7,14.3,91.4,3.4,Unhealthy
2023-11-13,2023,11,Harbour,67,111.3,60.5,,14.3,78.3,1.96,Unhealthy
2023-11-14,2023,11,Harbour,54.5,97.1,47,37.6,20.6,83.8,1.44,Unhealthy (sensitive)
2023-11-15,2023,11,Harbour,57.2,122,49.2,,17.3,73.6,3.31,Unhealthy
2023-11-16,2023,11,Harbour,58.8,116.7,59.4,14.2,21.8,67.4,2.09,Unhealthy
2023-11-17,2023,11,Harbour,72,135.1,60.2,22.1,17,82.7,1.29,Unhealthy
2023-11-18,2023,11,Harbour,41.5,52.7,35.3,,19.4,60.8,2.2,Unhealthy (sensitive)
2023-11-19,2023,11,Harbour,50.8,73.1,52,29,13.6,82.1,1.45,Unhealthy (sensitive)
2023-11-20,2023,11,Harbour,62.1,98.7,,49.6,18.7,90.7,3.36,Unhealthy
2023-11-21,2023,11,Harbour,61.6,83.7,46.6,18.3,19.2,88.1,1.95,Unhealthy
2023-11-22,2023,11,Harbour,80,132.7,67.3,54,16.9,77.6,3.62,Unhealthy
2023-11-23,2023,11,Harbour,67.9,123.7,66,42.4,18,71.6,0.2,Unhealthy
2023-11-24,2023,11,Harbour,65.6,123.8,49.9,34.4,13.9,73.7,1.67,Unhealthy
2023-11-25,2023,11,Harbour,80.1,123.5,76.8,27.3,15.1,92.5,4.29,Unhealthy
2023-11-26,2023,11,Harbour,43.9,65.9,42.8,21.2,12.7,72.3,3.08,Unhealthy (sensitive)
2023-11-27,2023,11,Harbour,59.3,,43.9,58.8,11.2,69.3,1.63,Unhealthy
2023-11-28,2023,11,Harbour,49.3,74.7,,45.5,14.2,84.9,4.92,Unhealthy (sensitive)
2023-11-29,2023,11,Harbour,,142.7,71,51.9,15.4,77.5,3.05,
2023-11-30,2023,11,Harbour,48,103.6,44.1,57.6,18.1,66,2.4,Unhealthy (sensitive)
2023-12-01,2023,12,Harbour,57.1,109.3,,,14.7,74.4,2.47,Unhealthy
2023-12-02,2023,12,Harbour,49.2,76.1,42.5,,13.3,66.6,2.31,Unhealthy (sensitive)
2023-12-03,2023,12,Harbour,44.7,84.3,36.7,47,16.2,99,1.61,Unhealthy (sensitive)
2023-12-04,2023,12,Harbour,66.2,133.3,52.1,49.1,12.9,63.2,2.25,Unhealthy
2023-12-05,2023,12,Harbour,73.8,122.6,54.2,32.4,15.1,63.4,0.98,Unhealthy
2023-12-06,2023,12,Harbour,54,84.1,,22.9,20.4,88.7,1.1,Unhealthy (sensitive)
2023-12-07,2023,12,Harbour,51.3,75.3,52.7,44,15.5,65.9,2.84,Unhealthy (sensitive)
2023-12-08,2023,12,Harbour,42.5,,44,23.5,16.4,71.6,2.14,Unhealthy (sensitive)
2023-12-09,2023,12,Harbour,64.7,89.2,59.8,31.9,15.2,67,1.29,Unhealthy
2023-12-10,2023,12,Harbour,,108.1,46.4,32.9,15.1,84.6,3.99,
2023-12-11,2023,12,Harbour,,102.9,61.8,22.4,9.2,56.2,2.95,
2023-12-12,2023,12,Harbour,57.8,102.8,53,24.2,9.7,69.3,3.81,Unhealthy
2023-12-13,2023,12,Harbour,57.7,98.7,,40.8,15.5,83,4.92,Unhealthy
2023-12-14,2023,12,Harbour,58.6,90.9,54.5,46.4,16.2,76.4,2.03,Unhealthy
2023-12-15,2023,12,Harbour,,89.8,43.4,,14.6,47.7,2.23,
2023-12-16,2023,12,Harbour,42.5,,34.1,37.8,11.5,67.7,3.88,Unhealthy (sensitive)
2023-12-17,2023,12,Harbour,47.1,91.6,38.9,27.2,14.3,76.2,2.44,Unhealthy (sensitive)
2023-12-18,2023,12,Harbour,64.3,130.7,48.9,,12.6,89.7,3.71,Unhealthy
2023-12-19,2023,12,Harbour,65.7,90.8,49.2,45.1,12.9,82.7,2.4,Unhealthy
2023-12-20,2023,12,Harbour,53.4,79.2,47.1,24.4,11.4,71.9,1.93,Unhealthy (sensitive)
2023-12-21,2023,12,Harbour,,360.7,48.8,29.7,12.4,74.4,2.08,
2023-12-22,2023,12,Harbour,43.6,86.9,47.2,35.1,12.5,86.1,1.34,Unhealthy (sensitive)
2023-12-23,2023,12,Harbour,65.2,115.4,50.2,41.1,10.7,84.6,2.35,Unhealthy
2023-12-24,2023,12,Harbour,,102.4,54.6,13.2,13,74.1,1.53,
2023-12-25,2023,12,Harbour,48.7,96.4,37.9,46.9,11.2,81.7,2.82,Unhealthy (sensitive)
2023-12-26,2023,12,Harbour,,88.5,49.9,37.8,11,90.8,0.2,
2023-12-27,2023,12,Harbour,78.6,148.6,67.8,45.9,14.7,77,0.2,Unhealthy
2023-12-28,2023,12,Harbour,62.9,92.1,54,41.8,15.6,59,1.94,Unhealthy
2023-12-29,2023,12,Harbour,51.8,94.3,43.9,23.9,20.7,81.7,4.9,Unhealthy (sensitive)
2023-12-30,2023,12,Harbour,55.4,78.8,43,,14.7,73.3,1.77,Unhealthy
2023-12-31,2023,12,Harbour,52.4,98.7,45.6,18.7,9.4,87.6,1.5,Unhealthy (sensitive)
