order_id,order_date,year,month,region,channel,category,product,units,unit_price,discount,revenue,cost,profit,customer_age,satisfaction,returned
SO-2023-0001,2023-05-09,2023,5,East,Partner,Furniture,Office Chair,4,497.67,0.14,1711.98,1127.39,584.59,65,4,0
SO-2022-0002,2022-09-13,2022,9,West,Online,Technology,USB-C Dock,6,196.18,0,1177.08,785.32,391.76,,5,0
SO-2021-0003,2021-12-30,2021,12,East,Retail,Office Supplies,Binder Clips,11,17.93,0,197.23,160.89,36.34,74,4,0
SO-2021-0004,2021-02-19,2021,2,East,Retail,Technology,USB-C Dock,6,599.42,0,3596.52,2093.53,1502.99,24,4,0
SO-2021-0005,2021-08-23,2021,8,East,Online,Office Supplies,Binder Clips,4,31.91,0.05,121.26,85.4,35.86,,5,1
SO-2021-0006,2021-08-19,2021,8,North,Partner,Furniture,Filing Cabinet,6,316.26,0.14,1631.9,1106.77,525.13,53,4,0
SO-2022-0007,2022-05-27,2022,5,West,Online,Furniture,Filing Cabinet,2,445.85,0.26,659.86,470.06,189.8,24,4,0
SO-2023-0008,2023-07-29,2023,7,South,Online,Furniture,Filing Cabinet,8,170.83,0,1366.64,770.51,596.13,27,5,0
SO-2023-0009,2023-03-15,2023,3,North,Partner,Furniture,Desk Lamp,8,183.35,0.09,1334.79,960.47,374.32,40,5,0
SO-2023-0010,2023-10-17,2023,10,East,Online,Furniture,Bookshelf,18,395.42,0.1,6405.8,5166.24,1239.56,29,3,0
SO-2022-0011,2022-02-10,2022,2,South,Partner,Office Supplies,Stapler,4,10.28,0,41.12,23.66,17.46,37,4,0
SO-2021-0012,2021-04-02,2021,4,South,Retail,Office Supplies,Gel Pen Pack,2,34.44,0,68.88,44.84,24.04,72,5,0
SO-2022-0013,2022-02-14,2022,2,West,Online,Technology,Wireless Mouse,12,262.35,0.27,2298.19,1313.7,984.49,63,4,0
SO-2023-0014,2023-06-29,2023,6,West,Retail,Furniture,Office Chair,8,215.6,,1724.8,1033.99,690.81,65,,0
SO-2021-0015,2021-11-12,2021,11,West,Retail,Technology,Wireless Mouse,14,353.84,0.26,3665.78,2274.85,1390.93,29,5,0
SO-2023-0016,2023-12-11,2023,12,North,Online,Office Supplies,Sticky Notes,12,20.37,0.05,232.22,137.53,94.69,34,5,0
SO-2023-0017,2023-04-06,2023,4,North,Partner,Office Supplies,Sticky Notes,13,27.43,0,356.59,222.9,133.69,51,4,1
SO-2023-0018,2023-02-27,2023,2,West,Retail,Office Supplies,Binder Clips,6,24.01,0,144.06,95.06,49,,5,0
SO-2021-0019,2021-05-20,2021,5,West,Online,Technology,Mechanical Keyboard,7,381.07,0.05,2534.12,1475.15,1058.97,45,5,0
SO-2023-0020,2023-10-25,2023,10,West,Retail,Office Supplies,Gel Pen Pack,7,16.93,0,118.51,69.67,48.84,,5,0
SO-2021-0021,2021-07-15,2021,7,West,Online,Furniture,Office Chair,3,435.14,0.07,1214.04,834.97,379.07,66,5,0
SO-2022-0022,2022-12-14,2022,12,South,Retail,Office Supplies,Binder Clips,8,43.05,0.18,282.41,203.38,79.03,72,5,0
SO-2022-0023,2022-01-07,2022,1,West,Online,Office Supplies,A4 Paper (500),9,15.44,0.16,116.73,78.31,38.42,20,5,0
SO-2022-0024,2022-05-17,2022,5,South,Online,Office Supplies,A4 Paper (500),1,42.62,0.13,37.08,22.65,14.43,44,3,0
SO-2021-0025,2021-11-17,2021,11,East,Online,Furniture,Filing Cabinet,5,443.09,0,2215.45,1434.49,780.96,52,4,0
SO-2023-0026,2023-11-15,2023,11,West,Online,Furniture,Bookshelf,12,157.48,0,1889.76,1510.53,379.23,56,5,0
SO-2021-0027,2021-08-17,2021,8,West,Online,Furniture,Office Chair,13,148.25,0.18,1580.35,1031.5,548.85,45,,0
SO-2022-0028,2022-04-22,2022,4,East,Online,Furniture,Side Table,5,250.29,0.04,1201.39,981.57,219.82,58,3,0
SO-2022-0029,2022-10-23,2022,10,East,Online,Furniture,Desk Lamp,12,432.81,0.12,4570.47,3608.34,962.13,30,4,0
SO-2023-0030,2023-11-07,2023,11,North,Online,Furniture,Office Chair,7,380.68,0.04,2558.17,1654.06,904.11,32,2,0
SO-2022-0031,2022-01-02,2022,1,West,Online,Furniture,Desk Lamp,2,366.7,0.04,704.06,488.05,216.01,52,4,0
SO-2021-0032,2021-05-08,2021,5,East,Retail,Office Supplies,A4 Paper (500),11,52.6,0.17,480.24,367.56,112.68,64,4,0
SO-2022-0033,2022-03-23,2022,3,West,Online,Technology,Mechanical Keyboard,6,56.64,0,339.84,278.43,61.41,42,,0
SO-2021-0034,2021-06-03,2021,6,East,Online,Technology,Mechanical Keyboard,5,391.59,0,1957.95,1217.92,740.03,68,3,0
SO-2021-0035,2021-02-22,2021,2,West,Online,Technology,27-inch Monitor,4,482.62,0.11,1718.13,1132.96,585.17,50,5,0
SO-2023-0036,2023-06-10,2023,6,West,Retail,Furniture,Filing Cabinet,3,207.26,0,621.78,363.52,258.26,61,4,1
SO-2022-0037,2022-12-20,2022,12,East,Retail,Technology,Webcam,2,168.24,0.16,282.64,217.28,65.36,53,3,0
SO-2022-0038,2022-12-22,2022,12,West,Online,Technology,USB-C Dock,3,465.37,0,1396.11,1043.41,352.7,30,4,0
SO-2023-0039,2023-12-23,2023,12,North,Online,Technology,Mechanical Keyboard,13,206.56,0,2685.28,1959.98,725.3,51,3,0
SO-2021-0040,2021-09-27,2021,9,North,Online,Technology,Mechanical Keyboard,2,42.38,0.28,61.03,47.73,13.3,22,4,0
SO-2021-0041,2021-04-05,2021,4,South,Online,Furniture,Desk Lamp,11,129.2,0,1421.2,1165.33,255.87,61,3,0
SO-2022-0042,2022-03-05,2022,3,South,Retail,Furniture,Side Table,3,359.42,0.15,916.52,612.8,303.72,62,3,0
SO-2022-0043,2022-12-22,2022,12,South,Retail,Office Supplies,Binder Clips,8,6.1,0.05,46.36,26.93,19.43,54,4,0
SO-2023-0044,2023-05-24,2023,5,East,Partner,Technology,Mechanical Keyboard,7,191.51,0,1340.57,933.8,406.77,27,5,0
SO-2022-0045,2022-09-22,2022,9,South,Online,Technology,Webcam,12,253.24,0,3038.88,2423.19,615.69,,5,0
SO-2022-0046,2022-07-20,2022,7,North,Online,Furniture,Office Chair,5,405.65,0.05,1926.84,1391.14,535.7,60,5,0
SO-2021-0047,2021-10-31,2021,10,East,Online,Furniture,Office Chair,1,165.86,0.3,116.1,64.6,51.5,23,,0
SO-2023-0048,2023-08-24,2023,8,North,Online,Furniture,Filing Cabinet,7,202.98,0,1420.86,1018.55,402.31,54,4,0
SO-2022-0049,2022-02-06,2022,2,West,Retail,Furniture,Bookshelf,6,358.93,0.23,1658.26,1194.78,463.48,68,4,0
SO-2023-0050,2023-01-27,2023,1,North,Online,Furniture,Filing Cabinet,4,369.47,0,1477.88,1027.6,450.28,67,4,0
SO-2022-0051,2022-01-05,2022,1,West,Online,Furniture,Filing Cabinet,5,185.59,0.28,668.12,496.08,172.04,36,3,1
SO-2023-0052,2023-09-18,2023,9,South,Online,Office Supplies,Sticky Notes,4,10.74,0,42.96,26.88,16.08,59,3,0
SO-2023-0053,2023-01-26,2023,1,East,Retail,Technology,Webcam,6,568.33,0.03,3307.68,1833.04,1474.64,54,5,0
SO-2021-0054,2021-11-14,2021,11,South,Partner,Technology,Webcam,1,504.93,0.25,378.7,263.18,115.52,64,4,1
SO-2021-0055,2021-06-20,2021,6,North,Retail,Technology,USB-C Dock,13,177.31,0,2305.03,1820.27,484.76,49,3,0
SO-2023-0056,2023-04-19,2023,4,East,Partner,Furniture,Desk Lamp,3,350.35,0,1051.05,668.72,382.33,48,3,0
SO-2022-0057,2022-10-21,2022,10,West,Online,Furniture,Office Chair,10,369.81,0.09,3365.27,1868.33,1496.94,40,5,1
SO-2023-0058,2023-03-02,2023,3,East,Partner,Technology,Wireless Mouse,5,642.17,0,3210.85,2607.14,603.71,45,3,0
SO-2021-0059,2021-04-16,2021,4,East,Retail,Technology,27-inch Monitor,10,655.37,0,6553.7,4850.74,1702.96,49,4,0
SO-2023-0060,2023-06-27,2023,6,East,Online,Furniture,Desk Lamp,17,223.05,0.14,3260.99,2189.76,1071.23,74,5,0
SO-2021-0061,2021-04-09,2021,4,West,Retail,Technology,USB-C Dock,11,516.9,0.16,4776.16,3503.56,1272.6,41,5,0
SO-2023-0062,2023-04-05,2023,4,East,Online,Furniture,Filing Cabinet,9,208.67,0,1878.03,1063,815.03,50,5,0
SO-2023-0063,2023-02-17,2023,2,East,Online,Office Supplies,Binder Clips,6,31.84,0,191.04,117.39,73.65,37,5,0
SO-2023-0064,2023-05-19,2023,5,East,Online,Technology,Webcam,11,343.96,0,3783.56,2919.91,863.65,68,4,1
SO-2021-0065,2021-08-12,2021,8,South,Partner,Office Supplies,A4 Paper (500),8,43.09,0,344.72,282.44,62.28,23,3,0
SO-2022-0066,2022-08-03,2022,8,North,Retail,Furniture,Office Chair,10,349.57,0.18,2866.47,2067.17,799.3,69,4,0
SO-2022-0067,2022-12-29,2022,12,West,Online,Technology,27-inch Monitor,2,329.97,0,659.94,417.59,242.35,23,3,0
SO-2023-0068,2023-03-12,2023,3,East,Online,Office Supplies,Gel Pen Pack,4,44.71,0,178.84,139.1,39.74,32,3,0
SO-2021-0069,2021-09-09,2021,9,West,Online,Technology,Webcam,7,394.42,0,2760.94,1714.83,1046.11,60,3,0
SO-2021-0070,2021-02-11,2021,2,East,Partner,Office Supplies,Stapler,8,29.77,0.26,176.24,138.58,37.66,71,4,0
SO-2021-0071,2021-08-14,2021,8,North,Retail,Furniture,Office Chair,5,345.92,0.29,1228.02,735.62,492.4,69,4,0
SO-2021-0072,2021-06-14,2021,6,West,Online,Office Supplies,Sticky Notes,4,38.29,0,153.16,108.57,44.59,59,4,0
SO-2022-0073,2022-04-03,2022,4,South,Online,Office Supplies,A4 Paper (500),5,25.45,0,127.25,75.96,51.29,45,5,1
SO-2021-0074,2021-01-20,2021,1,South,Online,Office Supplies,Gel Pen Pack,8,26.19,0,209.52,151.17,58.35,43,4,0
SO-2022-0075,2022-07-20,2022,7,North,Partner,Furniture,Bookshelf,6,230.63,0,1383.78,1014.4,369.38,57,5,0
SO-2023-0076,2023-03-26,2023,3,South,Online,Office Supplies,Binder Clips,2,18.74,0.11,33.36,23.81,9.55,70,4,0
SO-2022-0077,2022-04-24,2022,4,West,Retail,Office Supplies,Binder Clips,10,6.62,0,66.2,42.97,23.23,59,4,0
SO-2022-0078,2022-08-21,2022,8,South,Retail,Office Supplies,A4 Paper (500),11,46.79,0.21,406.61,243.59,163.02,67,,0
SO-2021-0079,2021-05-10,2021,5,South,Retail,Office Supplies,Sticky Notes,5,46.17,0.3,161.59,131.48,30.11,58,4,0
SO-2022-0080,2022-02-26,2022,2,South,Retail,Technology,Mechanical Keyboard,9,430.37,0,3873.33,2427.91,1445.42,74,3,1
SO-2022-0081,2022-07-14,2022,7,North,Online,Office Supplies,Binder Clips,5,42.24,0.2,168.96,97.77,71.19,57,4,0
SO-2023-0082,2023-07-20,2023,7,East,Online,Technology,USB-C Dock,9,594.61,0.23,4120.65,3063.07,1057.58,71,5,0
SO-2021-0083,2021-05-05,2021,5,West,Retail,Office Supplies,Stapler,14,18.49,0.24,196.73,110.2,86.53,24,4,0
SO-2023-0084,2023-09-26,2023,9,North,Partner,Furniture,Desk Lamp,12,113.48,0,1361.76,987.91,373.85,63,2,0
SO-2023-0085,2023-10-23,2023,10,North,Online,Furniture,Filing Cabinet,3,207.91,0,623.73,425.77,197.96,57,4,0
SO-2021-0086,2021-01-20,2021,1,East,Online,Technology,Wireless Mouse,5,617.39,0.11,2747.39,2196.75,550.64,56,3,0
SO-2023-0087,2023-11-30,2023,11,North,Online,Technology,Wireless Mouse,11,527.38,0.27,4234.86,2336.67,1898.19,63,3,0
SO-2021-0088,2021-03-28,2021,3,South,Retail,Office Supplies,Gel Pen Pack,8,34.03,0,272.24,203.78,68.46,56,5,0
SO-2023-0089,2023-10-24,2023,10,North,Online,Technology,Wireless Mouse,9,352.02,0.04,3041.45,1989.07,1052.38,34,4,0
SO-2022-0090,2022-03-05,2022,3,North,Online,Office Supplies,Binder Clips,8,10.16,0,81.28,58.83,22.45,36,4,0
SO-2021-0091,2021-02-09,2021,2,West,Online,Technology,Wireless Mouse,13,623.02,0.27,5912.46,3974.8,1937.66,67,4,0
SO-2021-0092,2021-11-30,2021,11,West,Partner,Technology,27-inch Monitor,10,189.06,0,1890.6,1333.2,557.4,36,4,0
SO-2023-0093,2023-10-17,2023,10,West,Retail,Furniture,Filing Cabinet,21,240.32,0.28,3633.64,2224.72,1408.92,59,4,0
SO-2023-0094,2023-12-10,2023,12,North,Retail,Technology,Wireless Mouse,5,333.85,0.09,1519.02,877.04,641.98,66,5,0
SO-2022-0095,2022-01-05,2022,1,North,Partner,Office Supplies,Gel Pen Pack,8,36.23,0,289.84,182.97,106.87,30,4,0
SO-2021-0096,2021-03-11,2021,3,South,Retail,Office Supplies,Stapler,12,11.32,0,135.84,83.28,52.56,45,4,0
SO-2022-0097,2022-01-04,2022,1,East,Online,Technology,Mechanical Keyboard,9,404.62,0.09,3313.84,2203.11,1110.73,45,,1
SO-2023-0098,2023-08-15,2023,8,West,Online,Office Supplies,A4 Paper (500),2,33.53,0.17,55.66,42.94,12.72,,4,0
SO-2023-0099,2023-01-02,2023,1,West,Online,Furniture,Bookshelf,1,274.13,0,274.13,161.4,112.73,43,2,0
SO-2021-0100,2021-06-10,2021,6,South,Retail,Technology,Wireless Mouse,4,262.73,0.13,914.3,617.83,296.47,53,5,0
SO-2023-0101,2023-04-21,2023,4,South,Retail,Furniture,Office Chair,10,185.22,0,1852.2,1299.38,552.82,35,4,0
SO-2023-0102,2023-11-16,2023,11,East,Online,Technology,Mechanical Keyboard,3,682.38,0.14,1760.54,1229.04,531.5,59,4,1
SO-2021-0103,2021-09-22,2021,9,North,Online,Technology,USB-C Dock,9,254.53,0.21,1809.71,1346.86,462.85,30,5,0
SO-2021-0104,2021-08-16,2021,8,South,Online,Office Supplies,Gel Pen Pack,3,41.98,0.09,114.61,64.5,50.11,54,5,0
SO-2022-0105,2022-10-24,2022,10,South,Partner,Furniture,Filing Cabinet,12,219.43,0.02,2580.5,1602.22,978.28,40,4,0
SO-2021-0106,2021-07-31,2021,7,West,Online,Office Supplies,Gel Pen Pack,13,34.54,0,449.02,290.95,158.07,71,5,0
SO-2022-0107,2022-07-25,2022,7,North,Retail,Technology,Mechanical Keyboard,10,521.38,0,5213.8,3525.81,1687.99,,3,0
SO-2022-0108,2022-04-12,2022,4,South,Retail,Technology,27-inch Monitor,5,191.89,0,959.45,775.57,183.88,66,3,0
SO-2022-0109,2022-11-13,2022,11,South,Partner,Furniture,Office Chair,8,203.58,0.24,1237.77,1006.22,231.55,62,5,0
SO-2023-0110,2023-11-03,2023,11,South,Online,Office Supplies,Binder Clips,9,21.22,0.09,173.79,116.9,56.89,45,3,0
SO-2021-0111,2021-04-09,2021,4,South,Retail,Technology,Webcam,7,413.67,0.11,2577.16,1560.95,1016.21,38,5,0
SO-2023-0112,2023-01-10,2023,1,South,Online,Furniture,Desk Lamp,8,365.57,0.28,2105.68,1357.44,748.24,64,5,0
SO-2022-0113,2022-10-13,2022,10,West,Online,Office Supplies,Sticky Notes,5,23.47,0,117.35,66.97,50.38,72,4,1
SO-2022-0114,2022-10-29,2022,10,North,Online,Furniture,Side Table,11,346.2,0.13,3313.13,2577.77,735.36,68,4,0
SO-2023-0115,2023-10-26,2023,10,East,Online,Office Supplies,A4 Paper (500),4,34.14,0,136.56,102.53,34.03,66,5,0
SO-2023-0116,2023-09-07,2023,9,East,Online,Furniture,Office Chair,6,231.61,0,1389.66,929.75,459.91,,4,0
SO-2023-0117,2023-04-29,2023,4,West,Retail,Furniture,Side Table,2,208.98,0.27,305.11,220.41,84.7,,4,0
SO-2021-0118,2021-05-25,2021,5,West,Partner,Technology,Wireless Mouse,13,155.55,0.06,1900.82,1544.72,356.1,67,3,1
SO-2022-0119,2022-06-03,2022,6,North,Online,Furniture,Bookshelf,7,357.05,0.28,1799.53,1147.47,652.06,38,5,0
SO-2022-0120,2022-03-24,2022,3,West,Retail,Office Supplies,Stapler,13,15.75,0,204.75,153.15,51.6,72,3,0
SO-2021-0121,2021-12-11,2021,12,East,Online,Technology,Webcam,15,113.27,0,1699.05,947.25,751.8,59,4,0
SO-2023-0122,2023-08-15,2023,8,West,Online,Furniture,Bookshelf,17,337.5,0.01,5680.13,3407.79,2272.34,67,4,0
SO-2021-0123,2021-02-02,2021,2,North,Online,Office Supplies,Gel Pen Pack,3,44.08,0,132.24,81.12,51.12,20,4,0
SO-2023-0124,2023-02-24,2023,2,North,Retail,Furniture,Office Chair,7,294.37,0,2060.59,1618.44,442.15,24,5,0
SO-2022-0125,2022-02-28,2022,2,South,Online,Technology,USB-C Dock,8,527.81,0,4222.48,2323.38,1899.1,24,5,0
SO-2021-0126,2021-11-16,2021,11,North,Online,Office Supplies,Binder Clips,5,32.95,0.23,126.86,86.83,40.03,55,5,0
SO-2021-0127,2021-11-16,2021,11,South,Partner,Furniture,Side Table,19,133.8,0.23,1957.49,1110.14,847.35,73,5,0
SO-2023-0128,2023-11-14,2023,11,South,Partner,Furniture,Filing Cabinet,9,211.94,0.08,1754.86,1238.46,516.4,,5,0
SO-2021-0129,2021-10-05,2021,10,East,Partner,Technology,Webcam,13,425.48,0,5531.24,4197.88,1333.36,61,3,0
SO-2022-0130,2022-06-23,2022,6,North,Partner,Furniture,Bookshelf,6,181.98,0.28,786.15,596.06,190.09,28,,0
SO-2023-0131,2023-04-19,2023,4,North,Online,Furniture,Office Chair,4,341.39,0.09,1242.66,815.57,427.09,36,4,0
SO-2021-0132,2021-08-30,2021,8,South,Retail,Technology,Wireless Mouse,11,385.11,0,4236.21,3205.26,1030.95,60,5,0
SO-2022-0133,2022-10-27,2022,10,West,Partner,Furniture,Bookshelf,10,399.29,,3992.9,2662.71,1330.19,68,4,0
SO-2022-0134,2022-01-08,2022,1,North,Online,Furniture,Filing Cabinet,11,242.65,0.09,2428.93,1888.94,539.99,66,4,0
SO-2023-0135,2023-04-16,2023,4,North,Online,Technology,27-inch Monitor,11,161.83,0.08,1637.72,1152.33,485.39,20,5,0
SO-2023-0136,2023-04-17,2023,4,West,Retail,Furniture,Desk Lamp,2,317.18,0,634.36,370.14,264.22,24,4,0
SO-2023-0137,2023-05-24,2023,5,West,Online,Office Supplies,Stapler,2,49.47,0,98.94,70.06,28.88,40,4,0
SO-2021-0138,2021-08-16,2021,8,South,Retail,Office Supplies,Binder Clips,2,43.2,0,86.4,68,18.4,50,4,0
SO-2021-0139,2021-02-22,2021,2,East,Online,Technology,Webcam,4,603.57,0.26,1786.57,1253.23,533.34,63,4,0
SO-2022-0140,2022-04-01,2022,4,North,Retail,Office Supplies,Stapler,4,42.41,0,169.64,115.25,54.39,70,5,0
SO-2021-0141,2021-05-03,2021,5,West,Partner,Technology,Webcam,10,610.44,0.28,4395.17,3137.36,1257.81,71,4,0
SO-2022-0142,2022-06-29,2022,6,East,Online,Office Supplies,Gel Pen Pack,6,31.53,0,189.18,148.26,40.92,32,4,0
SO-2022-0143,2022-09-09,2022,9,East,Retail,Furniture,Filing Cabinet,6,289.79,0.26,1286.67,806.93,479.74,28,3,0
SO-2022-0144,2022-03-14,2022,3,North,Retail,Furniture,Desk Lamp,7,153.75,0.24,817.95,539.02,278.93,49,4,0
SO-2021-0145,2021-12-11,2021,12,West,Online,Technology,Wireless Mouse,14,432.19,,6050.66,3970.95,2079.71,72,4,0
SO-2022-0146,2022-09-10,2022,9,South,Partner,Office Supplies,Gel Pen Pack,4,15.03,0,60.12,42.03,18.09,73,4,0
SO-2023-0147,2023-08-11,2023,8,North,Retail,Technology,Wireless Mouse,8,77.01,0.05,585.28,338.14,247.14,49,4,0
SO-2022-0148,2022-05-04,2022,5,North,Retail,Technology,27-inch Monitor,22,385.6,0.14,7295.55,5701.34,1594.21,36,5,1
SO-2022-0149,2022-03-30,2022,3,West,Online,Technology,USB-C Dock,7,207.16,0.18,1189.1,690.07,499.03,27,4,0
SO-2022-0150,2022-11-11,2022,11,East,Online,Office Supplies,Binder Clips,9,35.54,0.12,281.48,170.23,111.25,57,3,0
SO-2022-0151,2022-04-09,2022,4,South,Partner,Technology,Mechanical Keyboard,8,211.77,0,1694.16,1259.99,434.17,,3,0
SO-2022-0152,2022-04-10,2022,4,South,Partner,Technology,Webcam,9,319.02,0,2871.18,1792.71,1078.47,37,5,0
SO-2021-0153,2021-03-05,2021,3,South,Online,Office Supplies,Gel Pen Pack,3,15.53,0.07,43.33,31.31,12.02,69,5,0
SO-2021-0154,2021-06-19,2021,6,North,Online,Furniture,Filing Cabinet,10,230.83,0,2308.3,1365.22,943.08,71,5,0
SO-2021-0155,2021-11-07,2021,11,West,Online,Technology,27-inch Monitor,5,128.41,0.27,468.7,337.67,131.03,22,4,0
SO-2023-0156,2023-01-28,2023,1,North,Online,Technology,USB-C Dock,13,363.8,0.2,3783.52,2440.8,1342.72,46,5,0
SO-2022-0157,2022-09-08,2022,9,North,Online,Technology,USB-C Dock,7,225.19,0.12,1387.17,835.51,551.66,45,5,0
SO-2023-0158,2023-12-19,2023,12,West,Online,Technology,Mechanical Keyboard,3,580.02,0.01,1722.66,1025.41,697.25,53,5,1
SO-2021-0159,2021-04-08,2021,4,East,Partner,Furniture,Side Table,4,292.26,0.22,911.85,616.02,295.83,64,5,0
SO-2022-0160,2022-03-30,2022,3,South,Online,Furniture,Desk Lamp,6,412.16,0.09,2250.39,1517.67,732.72,48,4,0
SO-2023-0161,2023-02-03,2023,2,South,Online,Technology,27-inch Monitor,3,230.91,0,692.73,386.59,306.14,20,2,0
SO-2021-0162,2021-06-14,2021,6,North,Online,Office Supplies,Sticky Notes,11,26.85,0.06,277.63,193.87,83.76,19,,0
SO-2022-0163,2022-03-19,2022,3,South,Partner,Technology,Wireless Mouse,4,300.14,0.23,924.43,624.86,299.57,64,4,0
SO-2021-0164,2021-12-15,2021,12,South,Online,Office Supplies,Binder Clips,6,13.41,0.21,63.56,38.1,25.46,49,3,0
SO-2022-0165,2022-05-15,2022,5,East,Online,Furniture,Office Chair,25,182.26,0,4556.5,2980.69,1575.81,,5,0
SO-2021-0166,2021-04-26,2021,4,East,Online,Furniture,Desk Lamp,12,256.36,0,3076.32,2519.71,556.61,35,5,0
SO-2021-0167,2021-02-16,2021,2,South,Retail,Office Supplies,A4 Paper (500),10,46.32,0,463.2,363.51,99.69,46,5,0
SO-2022-0168,2022-06-08,2022,6,South,Online,Office Supplies,Sticky Notes,1,15.26,0,15.26,10.73,4.53,26,3,0
SO-2023-0169,2023-07-15,2023,7,West,Partner,Technology,Mechanical Keyboard,5,551.32,0.02,2701.47,1933.31,768.16,31,,0
SO-2022-0170,2022-01-06,2022,1,West,Online,Office Supplies,Sticky Notes,4,8.05,0,32.2,25.63,6.57,25,5,1
SO-2021-0171,2021-02-02,2021,2,North,Online,Furniture,Side Table,3,379.78,0,1139.34,882.38,256.96,43,4,0
SO-2021-0172,2021-07-04,2021,7,South,Online,Technology,Mechanical Keyboard,5,55.75,0.15,236.94,179.49,57.45,51,5,0
SO-2023-0173,2023-07-06,2023,7,North,Online,Furniture,Desk Lamp,2,295.62,0,591.24,378.85,212.39,44,5,0
SO-2022-0174,2022-02-08,2022,2,North,Online,Office Supplies,Stapler,3,19.53,0,58.59,43.21,15.38,66,5,0
SO-2021-0175,2021-01-30,2021,1,South,Partner,Technology,27-inch Monitor,7,571.36,0,3999.52,2488.43,1511.09,49,3,0
SO-2022-0176,2022-06-06,2022,6,West,Online,Furniture,Office Chair,7,252.96,0.05,1682.18,1271.78,410.4,56,4,0
SO-2023-0177,2023-10-18,2023,10,North,Retail,Technology,27-inch Monitor,3,409.81,0.24,934.37,648.37,286,53,3,0
SO-2021-0178,2021-06-23,2021,6,West,Retail,Furniture,Desk Lamp,4,135.19,0,540.76,396.01,144.75,74,5,0
SO-2022-0179,2022-03-17,2022,3,West,Online,Office Supplies,A4 Paper (500),2,48.92,0,97.84,74.5,23.34,25,4,0
SO-2023-0180,2023-03-13,2023,3,North,Online,Office Supplies,Gel Pen Pack,15,41.54,0,623.1,395.21,227.89,57,5,0
SO-2021-0181,2021-03-13,2021,3,West,Online,Furniture,Side Table,10,183.37,0.09,1668.67,985.65,683.02,59,3,0
SO-2021-0182,2021-12-22,2021,12,East,Retail,Technology,USB-C Dock,10,236.82,0.08,2178.74,1720.39,458.35,63,4,0
SO-2023-0183,2023-06-29,2023,6,North,Online,Furniture,Office Chair,6,165.73,0,994.38,722.44,271.94,23,4,0
SO-2023-0184,2023-10-16,2023,10,East,Online,Furniture,Bookshelf,9,391.35,0,3522.15,2471.53,1050.62,41,3,0
SO-2023-0185,2023-05-15,2023,5,West,Online,Office Supplies,Sticky Notes,3,36.14,0.02,106.25,73.22,33.03,40,4,0
SO-2021-0186,2021-09-25,2021,9,West,Online,Office Supplies,Sticky Notes,4,37.65,,150.6,99.78,50.82,59,4,0
SO-2022-0187,2022-04-19,2022,4,North,Retail,Office Supplies,Binder Clips,9,6.42,0.29,41.02,30.35,10.67,20,3,0
SO-2022-0188,2022-06-16,2022,6,North,Partner,Technology,27-inch Monitor,11,54.54,,599.94,491.31,108.63,60,5,1
SO-2022-0189,2022-10-07,2022,10,East,Online,Office Supplies,A4 Paper (500),11,32.42,0,356.62,250.66,105.96,67,2,0
SO-2022-0190,2022-10-26,2022,10,East,Online,Technology,Wireless Mouse,7,260.8,0,1825.6,1232.59,593.01,54,3,0
SO-2021-0191,2021-07-26,2021,7,East,Retail,Office Supplies,Stapler,14,16.23,0.11,202.23,114.8,87.43,66,,0
SO-2021-0192,2021-10-14,2021,10,North,Partner,Technology,27-inch Monitor,11,46.08,0,506.88,411.2,95.68,65,5,0
SO-2023-0193,2023-01-27,2023,1,East,Partner,Technology,Webcam,2,404.82,0,809.64,572.21,237.43,27,4,0
SO-2023-0194,2023-07-07,2023,7,North,Partner,Furniture,Office Chair,4,339.31,0,1357.24,954.98,402.26,27,5,0
SO-2022-0195,2022-01-23,2022,1,East,Online,Furniture,Desk Lamp,3,225.62,0.12,595.64,364.22,231.42,67,4,0
SO-2022-0196,2022-03-15,2022,3,South,Partner,Furniture,Side Table,2,235.66,0,471.32,332.5,138.82,59,4,0
SO-2021-0197,2021-10-18,2021,10,West,Retail,Office Supplies,Stapler,5,35.06,0.1,157.77,117.42,40.35,59,5,0
SO-2023-0198,2023-08-11,2023,8,North,Retail,Technology,Mechanical Keyboard,4,530.64,0,2122.56,1326.1,796.46,70,3,1
SO-2021-0199,2021-10-18,2021,10,East,Online,Furniture,Side Table,2,460.89,0.27,672.9,447.45,225.45,71,4,0
SO-2021-0200,2021-01-18,2021,1,East,Retail,Technology,Mechanical Keyboard,8,596.59,0.17,3961.36,2401.76,1559.6,58,3,0
SO-2022-0201,2022-07-31,2022,7,East,Online,Furniture,Side Table,4,381.09,0,1524.36,1174.82,349.54,29,4,0
SO-2022-0202,2022-04-29,2022,4,South,Online,Office Supplies,Sticky Notes,4,30.14,0.2,96.45,69.42,27.03,40,4,0
SO-2022-0203,2022-05-27,2022,5,North,Online,Technology,USB-C Dock,17,220.09,0.12,3292.55,1997.09,1295.46,72,4,0
SO-2021-0204,2021-02-09,2021,2,East,Partner,Furniture,Filing Cabinet,2,355.82,0.3,498.15,301.04,197.11,59,3,0
SO-2023-0205,2023-03-24,2023,3,East,Retail,Furniture,Filing Cabinet,2,447.28,0.08,823,548.88,274.12,26,3,0
SO-2022-0206,2022-07-26,2022,7,West,Online,Office Supplies,Gel Pen Pack,9,43.4,0.13,339.82,271.12,68.7,69,4,0
SO-2021-0207,2021-05-22,2021,5,East,Retail,Office Supplies,A4 Paper (500),11,40.4,0.08,408.85,225.59,183.26,19,3,0
SO-2021-0208,2021-01-23,2021,1,West,Retail,Technology,USB-C Dock,10,397.48,0,3974.8,2319.03,1655.77,54,4,0
SO-2021-0209,2021-02-01,2021,2,West,Online,Furniture,Desk Lamp,21,306.07,0,6427.47,5214.71,1212.76,,3,0
SO-2021-0210,2021-12-01,2021,12,West,Partner,Technology,Mechanical Keyboard,7,179.98,0.14,1083.48,645.21,438.27,27,4,0
SO-2023-0211,2023-02-24,2023,2,South,Retail,Furniture,Filing Cabinet,1,298.41,0,298.41,199.45,98.96,25,5,0
SO-2021-0212,2021-06-10,2021,6,North,Online,Office Supplies,Binder Clips,4,40.04,0.18,131.33,82.66,48.67,44,4,0
SO-2023-0213,2023-07-25,2023,7,East,Online,Furniture,Side Table,6,387.53,0,2325.18,1300.78,1024.4,42,3,0
SO-2023-0214,2023-05-20,2023,5,East,Retail,Office Supplies,A4 Paper (500),11,20.79,0.27,166.94,127.93,39.01,60,5,0
SO-2021-0215,2021-12-04,2021,12,West,Partner,Office Supplies,Sticky Notes,5,11.72,0.14,50.4,39.18,11.22,34,4,0
SO-2023-0216,2023-03-25,2023,3,South,Retail,Furniture,Side Table,7,306.05,0,2142.35,1591.78,550.57,65,5,0
SO-2023-0217,2023-04-25,2023,4,South,Online,Technology,Webcam,12,114.94,0,1379.28,976.26,403.02,69,5,0
SO-2021-0218,2021-01-25,2021,1,North,Retail,Furniture,Desk Lamp,11,188.86,0,2077.46,1372.71,704.75,39,5,0
SO-2021-0219,2021-10-06,2021,10,West,Online,Technology,Wireless Mouse,10,366.12,0.19,2965.57,1691.13,1274.44,25,,0
SO-2023-0220,2023-01-04,2023,1,South,Partner,Furniture,Desk Lamp,4,218.53,0,874.12,639.04,235.08,58,4,0
SO-2023-0221,2023-05-22,2023,5,North,Online,Technology,27-inch Monitor,4,567.83,0.2,1817.06,1059.78,757.28,38,4,0
SO-2023-0222,2023-12-22,2023,12,North,Retail,Furniture,Side Table,2,248.35,0.12,437.1,344.92,92.18,60,4,0
SO-2021-0223,2021-04-20,2021,4,East,Online,Technology,USB-C Dock,11,156.15,0.08,1580.24,1010.47,569.77,61,3,0
SO-2021-0224,2021-02-03,2021,2,East,Online,Technology,Mechanical Keyboard,7,346.03,0.1,2179.99,1577.94,602.05,71,4,0
SO-2023-0225,2023-02-11,2023,2,South,Partner,Office Supplies,Gel Pen Pack,12,28.18,0,338.16,262.94,75.22,47,5,0
SO-2021-0226,2021-04-24,2021,4,West,Partner,Office Supplies,A4 Paper (500),10,15.84,0.04,152.06,113.91,38.15,39,5,0
SO-2023-0227,2023-12-12,2023,12,East,Online,Furniture,Office Chair,16,274.64,0.05,4174.53,2644.34,1530.19,33,5,1
SO-2021-0228,2021-03-02,2021,3,North,Partner,Office Supplies,A4 Paper (500),4,37.06,0,148.24,119.4,28.84,57,4,0
SO-2023-0229,2023-12-15,2023,12,West,Online,Furniture,Office Chair,1,457.06,0,457.06,321.6,135.46,26,4,0
SO-2022-0230,2022-09-09,2022,9,West,Retail,Furniture,Bookshelf,11,361.73,0.2,3183.22,1855.01,1328.21,43,5,0
SO-2021-0231,2021-06-06,2021,6,East,Online,Furniture,Filing Cabinet,9,157.76,0.25,1064.88,702.07,362.81,21,5,0
SO-2022-0232,2022-11-07,2022,11,North,Online,Technology,Wireless Mouse,5,130.87,,654.35,518.78,135.57,74,4,0
SO-2022-0233,2022-09-27,2022,9,East,Online,Office Supplies,Stapler,12,28.57,0,342.84,278.39,64.45,28,4,0
SO-2023-0234,2023-04-11,2023,4,South,Online,Furniture,Filing Cabinet,8,414.93,0.23,2555.97,1623.57,932.4,21,4,0
SO-2021-0235,2021-06-13,2021,6,South,Online,Technology,USB-C Dock,1,527.07,0.16,442.74,267.34,175.4,37,5,0
SO-2021-0236,2021-04-16,2021,4,North,Partner,Furniture,Side Table,8,373.52,0,2988.16,2200.83,787.33,33,4,1
SO-2022-0237,2022-05-18,2022,5,South,Retail,Office Supplies,Binder Clips,9,12.82,0.02,113.07,84.35,28.72,58,4,0
SO-2023-0238,2023-02-19,2023,2,East,Online,Furniture,Filing Cabinet,9,505.89,0.28,3278.17,2196.58,1081.59,38,3,1
SO-2022-0239,2022-12-02,2022,12,North,Online,Office Supplies,Binder Clips,2,44.11,0,88.22,51.48,36.74,19,4,0
SO-2023-0240,2023-12-18,2023,12,North,Online,Technology,Mechanical Keyboard,15,313.95,0.28,3390.66,2432.89,957.77,38,4,0
SO-2022-0241,2022-02-21,2022,2,East,Online,Furniture,Office Chair,9,258.18,0.09,2114.49,1488.18,626.31,20,4,0
SO-2023-0242,2023-10-14,2023,10,West,Online,Technology,Webcam,4,322.02,0.06,1210.8,952.25,258.55,39,4,0
SO-2022-0243,2022-04-15,2022,4,North,Partner,Technology,USB-C Dock,11,311.8,0,3429.8,1973.25,1456.55,28,5,0
SO-2023-0244,2023-07-25,2023,7,West,Online,Technology,Webcam,6,356.3,0.21,1688.86,1337.01,351.85,46,3,1
SO-2022-0245,2022-10-20,2022,10,South,Online,Office Supplies,Sticky Notes,5,5.92,0.13,25.75,17.25,8.5,22,4,0
SO-2022-0246,2022-05-19,2022,5,South,Online,Office Supplies,Stapler,3,27.91,0,83.73,51.85,31.88,35,4,0
SO-2023-0247,2023-05-06,2023,5,West,Partner,Office Supplies,A4 Paper (500),9,14.68,0,132.12,96.3,35.82,64,4,0
SO-2023-0248,2023-05-03,2023,5,North,Online,Office Supplies,Stapler,8,35.4,0,283.2,215.44,67.76,41,4,0
SO-2021-0249,2021-10-25,2021,10,South,Online,Technology,Mechanical Keyboard,5,213.91,0.26,791.47,446.64,344.83,68,5,0
SO-2021-0250,2021-06-19,2021,6,South,Online,Technology,Wireless Mouse,7,175.36,0.24,932.92,548.25,384.67,73,4,1
SO-2022-0251,2022-11-17,2022,11,West,Retail,Office Supplies,Binder Clips,7,25.68,0,179.76,116.5,63.26,46,4,0
SO-2023-0252,2023-12-17,2023,12,West,Partner,Office Supplies,Gel Pen Pack,2,7.95,0.11,14.15,9.15,5,18,2,0
SO-2023-0253,2023-09-16,2023,9,South,Partner,Technology,Mechanical Keyboard,12,55.1,0.09,601.69,429.62,172.07,51,4,0
SO-2023-0254,2023-06-12,2023,6,South,Online,Office Supplies,Binder Clips,9,31.74,0,285.66,223.45,62.21,68,4,0
SO-2022-0255,2022-11-17,2022,11,East,Partner,Technology,USB-C Dock,2,296.96,0,593.92,344.76,249.16,52,4,0
SO-2021-0256,2021-05-06,2021,5,South,Online,Office Supplies,A4 Paper (500),9,24.28,0,218.52,136.97,81.55,19,4,0
SO-2022-0257,2022-04-05,2022,4,West,Online,Furniture,Office Chair,6,138.62,0.07,773.5,438.95,334.55,69,5,0
SO-2021-0258,2021-03-25,2021,3,South,Partner,Furniture,Desk Lamp,2,148.29,0,296.58,185.87,110.71,32,4,1
SO-2021-0259,2021-02-20,2021,2,North,Online,Furniture,Filing Cabinet,9,185.7,0,1671.3,926.77,744.53,41,3,1
SO-2021-0260,2021-08-24,2021,8,South,Partner,Technology,27-inch Monitor,6,420.23,0.06,2370.1,1635.89,734.21,64,4,0
SO-2023-0261,2023-09-22,2023,9,South,Online,Technology,Mechanical Keyboard,6,361.77,0,2170.62,1201.97,968.65,57,5,0
SO-2023-0262,2023-06-05,2023,6,South,Partner,Furniture,Desk Lamp,1,282.52,0,282.52,181,101.52,68,5,0
SO-2021-0263,2021-03-27,2021,3,East,Online,Office Supplies,Sticky Notes,6,13.35,0,80.1,56.41,23.69,24,4,0
SO-2022-0264,2022-01-09,2022,1,West,Retail,Office Supplies,Sticky Notes,3,35.6,0.19,86.51,69.54,16.97,48,5,0
SO-2021-0265,2021-04-30,2021,4,East,Online,Office Supplies,Stapler,5,32.85,0.02,160.97,102.9,58.07,65,5,0
SO-2022-0266,2022-06-19,2022,6,South,Online,Office Supplies,Gel Pen Pack,8,27.68,0.08,203.72,161.82,41.9,36,4,0
SO-2023-0267,2023-02-21,2023,2,East,Retail,Technology,USB-C Dock,13,217.84,0,2831.92,2046.95,784.97,54,,0
SO-2023-0268,2023-04-28,2023,4,West,Online,Technology,Mechanical Keyboard,10,631.5,0.22,4925.7,3641.86,1283.84,40,4,0
SO-2022-0269,2022-08-22,2022,8,South,Partner,Technology,Wireless Mouse,10,422.88,0.08,3890.5,2925.41,965.09,36,,0
SO-2022-0270,2022-04-25,2022,4,East,Online,Technology,Webcam,5,377.1,0,1885.5,1086.1,799.4,40,4,0
SO-2022-0271,2022-06-25,2022,6,East,Partner,Technology,Wireless Mouse,12,557.75,0.28,4818.96,2692.8,2126.16,43,4,0
SO-2022-0272,2022-10-16,2022,10,West,Online,Furniture,Office Chair,10,462.45,0.18,3792.09,2783.05,1009.04,25,4,0
SO-2022-0273,2022-02-09,2022,2,West,Online,Technology,Mechanical Keyboard,9,645.39,0.28,4182.13,2429.95,1752.18,25,5,0
SO-2022-0274,2022-09-02,2022,9,South,Online,Furniture,Desk Lamp,14,368.22,0.1,4639.57,3765.96,873.61,67,5,0
SO-2021-0275,2021-10-26,2021,10,East,Online,Furniture,Bookshelf,7,452.28,0.13,2754.39,2006.16,748.23,,5,0
SO-2021-0276,2021-02-04,2021,2,West,Retail,Office Supplies,Gel Pen Pack,2,31.63,0.16,53.14,29.4,23.74,21,4,0
SO-2021-0277,2021-06-16,2021,6,East,Partner,Office Supplies,Stapler,4,19.59,0,78.36,49.15,29.21,72,5,0
SO-2022-0278,2022-02-26,2022,2,North,Online,Furniture,Side Table,4,262.06,0,1048.24,724.16,324.08,39,4,0
SO-2023-0279,2023-04-02,2023,4,South,Retail,Furniture,Filing Cabinet,5,448.54,0,2242.7,1238.23,1004.47,48,5,0
SO-2022-0280,2022-05-09,2022,5,East,Online,Technology,27-inch Monitor,6,598.76,0,3592.56,2344.14,1248.42,37,5,0
SO-2022-0281,2022-04-25,2022,4,South,Retail,Office Supplies,A4 Paper (500),6,44.97,0.24,205.06,144.15,60.91,20,5,0
SO-2023-0282,2023-03-10,2023,3,East,Partner,Office Supplies,Binder Clips,11,41.73,0.1,413.13,325.12,88.01,62,5,0
SO-2021-0283,2021-10-24,2021,10,East,Online,Technology,Wireless Mouse,13,213.56,0.19,2248.79,1302.63,946.16,,5,0
SO-2022-0284,2022-04-27,2022,4,West,Online,Furniture,Side Table,10,426.71,0,4267.1,2958.91,1308.19,69,4,0
SO-2023-0285,2023-11-28,2023,11,West,Partner,Technology,Webcam,6,472.68,0.09,2580.83,1572.68,1008.15,22,5,0
SO-2023-0286,2023-01-25,2023,1,West,Online,Office Supplies,A4 Paper (500),8,11.72,0.24,71.26,57.24,14.02,53,5,1
SO-2021-0287,2021-08-28,2021,8,North,Online,Technology,USB-C Dock,8,288.64,0,2309.12,1744.51,564.61,51,5,0
SO-2023-0288,2023-08-21,2023,8,South,Online,Office Supplies,A4 Paper (500),9,6.07,0,54.63,42.05,12.58,21,5,0
SO-2022-0289,2022-12-22,2022,12,South,Online,Furniture,Desk Lamp,6,319.16,0,1914.96,1268.42,646.54,35,4,0
SO-2021-0290,2021-06-10,2021,6,South,Online,Technology,Mechanical Keyboard,10,358.22,0,3582.2,2830.73,751.47,41,5,0
SO-2023-0291,2023-07-22,2023,7,North,Online,Office Supplies,Gel Pen Pack,1,7.55,0.03,7.32,5.4,1.92,67,,0
SO-2021-0292,2021-10-23,2021,10,North,Online,Office Supplies,Binder Clips,7,10.22,0,71.54,52.35,19.19,57,5,0
SO-2023-0293,2023-01-12,2023,1,West,Online,Technology,27-inch Monitor,4,153.02,0.19,495.78,371.29,124.49,68,5,0
SO-2022-0294,2022-09-18,2022,9,West,Online,Office Supplies,Binder Clips,9,36.59,0,329.31,205.54,123.77,18,5,0
SO-2023-0295,2023-07-18,2023,7,East,Online,Office Supplies,Sticky Notes,1,25.96,0,25.96,15.1,10.86,39,3,0
SO-2023-0296,2023-03-10,2023,3,East,Partner,Office Supplies,Binder Clips,7,32.73,0.21,181,136.2,44.8,69,5,0
SO-2023-0297,2023-07-08,2023,7,South,Online,Technology,USB-C Dock,4,606.36,0.09,2207.15,1326.09,881.06,43,5,0
SO-2022-0298,2022-12-09,2022,12,East,Online,Furniture,Office Chair,7,304.06,0,2128.42,1616.87,511.55,,3,0
SO-2021-0299,2021-02-22,2021,2,North,Partner,Office Supplies,A4 Paper (500),8,23.48,0.26,139,90.26,48.74,18,5,0
SO-2022-0300,2022-10-04,2022,10,North,Retail,Furniture,Filing Cabinet,2,294.87,0,589.74,415.34,174.4,31,4,0
SO-2023-0301,2023-02-14,2023,2,South,Online,Technology,Wireless Mouse,5,334.33,0.12,1471.05,1034.08,436.97,48,4,0
SO-2021-0302,2021-07-10,2021,7,East,Online,Office Supplies,Binder Clips,8,50.29,0.04,386.23,273.6,112.63,68,3,0
SO-2022-0303,2022-09-07,2022,9,North,Online,Office Supplies,A4 Paper (500),11,43.61,0,479.71,316.57,163.14,49,5,0
SO-2023-0304,2023-07-17,2023,7,North,Retail,Furniture,Desk Lamp,12,385.24,0,4622.88,2864.49,1758.39,60,4,0
SO-2022-0305,2022-08-02,2022,8,West,Online,Furniture,Bookshelf,10,336.72,0.05,3198.84,2378.12,820.72,64,4,0
SO-2023-0306,2023-12-05,2023,12,East,Online,Furniture,Desk Lamp,3,282.3,0,846.9,529.84,317.06,66,3,0
SO-2022-0307,2022-09-06,2022,9,South,Online,Technology,Webcam,8,110.58,0,884.64,673.52,211.12,74,3,0
SO-2023-0308,2023-10-31,2023,10,North,Retail,Technology,27-inch Monitor,8,205.45,0,1643.6,1051.03,592.57,52,4,0
SO-2021-0309,2021-03-23,2021,3,South,Online,Furniture,Office Chair,17,348.8,,5929.6,4592.16,1337.44,29,5,0
SO-2021-0310,2021-01-08,2021,1,South,Online,Furniture,Desk Lamp,9,340.82,0.22,2392.56,1822.35,570.21,67,4,0
SO-2021-0311,2021-06-17,2021,6,South,Online,Technology,USB-C Dock,3,94.53,0.13,246.72,153.86,92.86,70,4,0
SO-2023-0312,2023-10-02,2023,10,West,Online,Furniture,Bookshelf,10,219.62,0,2196.2,1365.6,830.6,32,5,0
SO-2023-0313,2023-03-06,2023,3,North,Online,Furniture,Office Chair,8,249.16,0.17,1654.42,1035.06,619.36,21,3,0
SO-2021-0314,2021-08-14,2021,8,East,Partner,Office Supplies,A4 Paper (500),12,19.17,0,230.04,151.28,78.76,39,5,0
SO-2021-0315,2021-06-04,2021,6,North,Partner,Office Supplies,Binder Clips,13,38.92,0,505.96,365.26,140.7,41,5,0
SO-2023-0316,2023-10-19,2023,10,West,Online,Office Supplies,Sticky Notes,7,43.58,0.1,274.55,209.41,65.14,55,3,0
SO-2022-0317,2022-03-28,2022,3,North,Online,Furniture,Bookshelf,4,132.85,0,531.4,378.39,153.01,47,4,0
SO-2022-0318,2022-01-10,2022,1,East,Online,Office Supplies,Gel Pen Pack,2,27.32,0.24,41.53,26.09,15.44,27,5,0
SO-2022-0319,2022-08-18,2022,8,West,Online,Furniture,Filing Cabinet,9,144.32,0,1298.88,771.61,527.27,29,4,0
SO-2023-0320,2023-08-16,2023,8,West,Online,Technology,USB-C Dock,13,87.37,0,1135.81,712.03,423.78,39,1,1
SO-2023-0321,2023-02-19,2023,2,West,Online,Technology,Mechanical Keyboard,5,389.17,0,1945.85,1534.35,411.5,71,3,0
SO-2023-0322,2023-03-15,2023,3,South,Partner,Office Supplies,A4 Paper (500),2,43.39,0.06,81.57,45.94,35.63,26,3,1
SO-2023-0323,2023-12-12,2023,12,East,Partner,Furniture,Filing Cabinet,7,351.78,0,2462.46,1838.48,623.98,27,4,0
SO-2023-0324,2023-06-05,2023,6,North,Retail,Technology,27-inch Monitor,5,312.78,0,1563.9,1010.91,552.99,50,5,0
SO-2021-0325,2021-06-24,2021,6,East,Online,Furniture,Desk Lamp,5,503.87,0.26,1864.32,1253.52,610.8,47,3,0
SO-2023-0326,2023-10-14,2023,10,South,Online,Office Supplies,Gel Pen Pack,5,37.15,0,185.75,138.97,46.78,51,4,0
SO-2022-0327,2022-09-04,2022,9,North,Online,Technology,Webcam,6,224.28,0,1345.68,938.73,406.95,72,4,0
SO-2023-0328,2023-07-06,2023,7,West,Retail,Furniture,Bookshelf,2,272.31,0.07,506.5,380.43,126.07,25,5,0
SO-2022-0329,2022-06-26,2022,6,East,Online,Furniture,Bookshelf,17,391.27,0,6651.59,3984,2667.59,57,5,0
SO-2021-0330,2021-09-08,2021,9,North,Partner,Office Supplies,Stapler,12,19.76,0.22,184.95,125.75,59.2,35,5,0
SO-2023-0331,2023-06-08,2023,6,East,Retail,Office Supplies,Gel Pen Pack,10,33.48,0,334.8,263.96,70.84,40,3,0
SO-2021-0332,2021-01-25,2021,1,North,Partner,Furniture,Filing Cabinet,4,123.35,0.18,404.59,267.14,137.45,36,3,0
SO-2023-0333,2023-02-16,2023,2,North,Retail,Technology,USB-C Dock,15,294.99,0,4424.85,2532.28,1892.57,59,3,0
SO-2022-0334,2022-08-22,2022,8,East,Partner,Office Supplies,A4 Paper (500),5,17.3,0.15,73.52,51.39,22.13,33,4,0
SO-2021-0335,2021-04-03,2021,4,East,Online,Furniture,Side Table,2,390.8,0,781.6,438.03,343.57,33,4,0
SO-2021-0336,2021-11-26,2021,11,West,Online,Furniture,Office Chair,6,286.04,0,1716.24,1260.4,455.84,61,4,0
SO-2021-0337,2021-05-01,2021,5,West,Online,Technology,Wireless Mouse,12,319.89,0.17,3186.1,1918.24,1267.86,58,,1
SO-2022-0338,2022-11-23,2022,11,West,Partner,Furniture,Office Chair,2,439.64,0,879.28,512.65,366.63,29,5,0
SO-2021-0339,2021-07-07,2021,7,South,Partner,Furniture,Bookshelf,8,335.02,0,2680.16,1630.34,1049.82,33,5,0
SO-2023-0340,2023-09-20,2023,9,West,Online,Office Supplies,Gel Pen Pack,9,36.29,0.14,280.88,184.45,96.43,70,4,0
SO-2021-0341,2021-09-06,2021,9,East,Online,Furniture,Desk Lamp,8,308.88,0.04,2372.2,1628.62,743.58,30,4,0
SO-2023-0342,2023-01-18,2023,1,East,Online,Office Supplies,Binder Clips,8,16.07,0,128.56,98.35,30.21,25,4,0
SO-2022-0343,2022-08-19,2022,8,West,Online,Furniture,Office Chair,9,364.02,0,3276.18,1922.52,1353.66,73,2,0
SO-2021-0344,2021-07-05,2021,7,East,Online,Furniture,Desk Lamp,3,388.7,0,1166.1,644.88,521.22,37,5,0
SO-2021-0345,2021-03-04,2021,3,West,Partner,Office Supplies,A4 Paper (500),1,32.47,0,32.47,23.89,8.58,31,4,0
SO-2021-0346,2021-11-30,2021,11,South,Online,Office Supplies,Stapler,5,34.44,0,172.2,124.7,47.5,28,4,0
SO-2022-0347,2022-02-19,2022,2,West,Online,Furniture,Side Table,16,479.94,0.24,5836.07,4547.66,1288.41,24,4,0
SO-2021-0348,2021-01-06,2021,1,North,Online,Furniture,Desk Lamp,6,375.69,0.21,1780.77,1371.9,408.87,,3,0
SO-2022-0349,2022-10-22,2022,10,West,Online,Office Supplies,Binder Clips,15,31.29,0.08,431.8,272.08,159.72,30,4,0
SO-2022-0350,2022-10-03,2022,10,West,Partner,Technology,Mechanical Keyboard,4,551.59,0.1,1985.72,1332.29,653.43,62,4,0
SO-2023-0351,2023-08-07,2023,8,South,Online,Office Supplies,Sticky Notes,8,23.33,,186.64,127.28,59.36,35,5,1
SO-2022-0352,2022-06-04,2022,6,North,Partner,Furniture,Office Chair,4,266.45,0.03,1033.83,681.39,352.44,58,4,0
SO-2023-0353,2023-04-13,2023,4,West,Online,Office Supplies,Sticky Notes,7,8.76,0,61.32,49.15,12.17,48,5,0
SO-2021-0354,2021-10-16,2021,10,West,Partner,Technology,USB-C Dock,7,230,0,1610,887.81,722.19,60,3,0
SO-2021-0355,2021-10-06,2021,10,East,Partner,Furniture,Office Chair,8,240.39,0.22,1500.03,973.46,526.57,37,5,1
SO-2022-0356,2022-11-30,2022,11,West,Online,Office Supplies,Gel Pen Pack,2,48.23,0.24,73.31,59.02,14.29,47,4,0
SO-2021-0357,2021-11-20,2021,11,West,Retail,Office Supplies,Stapler,6,24.28,0.07,135.48,98.42,37.06,63,3,0
SO-2021-0358,2021-09-29,2021,9,West,Online,Technology,Wireless Mouse,12,539.15,0,6469.8,4281.38,2188.42,56,5,0
SO-2022-0359,2022-06-22,2022,6,West,Retail,Furniture,Filing Cabinet,13,215.82,0.13,2440.92,1828.4,612.52,66,3,0
SO-2023-0360,2023-10-04,2023,10,North,Partner,Furniture,Bookshelf,3,351.55,0,1054.65,626.42,428.23,68,3,0
SO-2021-0361,2021-01-25,2021,1,East,Partner,Technology,Wireless Mouse,6,643.28,0,3859.68,2836.05,1023.63,19,,0
SO-2022-0362,2022-04-30,2022,4,South,Retail,Furniture,Office Chair,14,176.58,0.01,2447.4,1361.75,1085.65,31,4,0
SO-2021-0363,2021-08-18,2021,8,South,Online,Furniture,Desk Lamp,12,197.74,0.22,1850.85,1048.35,802.5,25,4,1
SO-2023-0364,2023-08-10,2023,8,North,Online,Office Supplies,Stapler,14,22.32,0.15,265.61,160.54,105.07,65,4,0
SO-2021-0365,2021-01-22,2021,1,North,Online,Office Supplies,Stapler,3,31.87,0.16,80.31,59.73,20.58,65,,0
SO-2022-0366,2022-05-17,2022,5,South,Partner,Technology,27-inch Monitor,6,525.94,0.05,2997.86,2314.12,683.74,30,4,0
SO-2022-0367,2022-09-19,2022,9,East,Online,Technology,Webcam,1,623.38,0.11,554.81,342.06,212.75,55,,0
SO-2023-0368,2023-10-07,2023,10,South,Partner,Office Supplies,Stapler,14,15.21,0.1,191.65,116.95,74.7,19,4,0
SO-2023-0369,2023-06-08,2023,6,South,Partner,Furniture,Side Table,2,139.65,0.1,251.37,144.53,106.84,25,4,0
SO-2021-0370,2021-04-11,2021,4,West,Online,Furniture,Desk Lamp,4,397.67,0.11,1415.71,949.7,466.01,38,4,0
SO-2022-0371,2022-08-29,2022,8,East,Online,Technology,Wireless Mouse,11,130.79,0.19,1165.34,934.91,230.43,23,3,0
SO-2023-0372,2023-01-30,2023,1,West,Retail,Technology,Webcam,6,582.63,0.06,3286.03,1830.68,1455.35,51,2,0
SO-2021-0373,2021-06-27,2021,6,North,Online,Technology,27-inch Monitor,4,64.19,0.12,225.95,150.38,75.57,21,,0
SO-2021-0374,2021-12-14,2021,12,East,Online,Furniture,Desk Lamp,6,348.95,0,2093.7,1317.02,776.68,35,3,0
SO-2021-0375,2021-10-16,2021,10,West,Online,Technology,Webcam,9,636.23,0,5726.07,4413.61,1312.46,46,,0
SO-2023-0376,2023-03-20,2023,3,West,Retail,Office Supplies,Binder Clips,7,39.74,0.27,203.07,148.2,54.87,33,3,1
SO-2021-0377,2021-04-07,2021,4,South,Partner,Office Supplies,Stapler,9,18.36,0.21,130.54,72.28,58.26,28,4,0
SO-2023-0378,2023-01-13,2023,1,West,Online,Office Supplies,Binder Clips,1,39.51,0.11,35.16,24.45,10.71,43,5,0
SO-2021-0379,2021-10-08,2021,10,South,Online,Office Supplies,Stapler,12,36.5,0,438,274.53,163.47,63,5,0
SO-2021-0380,2021-06-08,2021,6,West,Online,Furniture,Office Chair,6,465.09,0.02,2734.73,2223.62,511.11,51,4,0
SO-2021-0381,2021-02-07,2021,2,North,Partner,Technology,Wireless Mouse,7,346.33,0.12,2133.39,1554.61,578.78,72,4,0
SO-2022-0382,2022-11-26,2022,11,West,Online,Furniture,Bookshelf,10,414.42,0.06,3895.55,2881.12,1014.43,63,5,0
SO-2022-0383,2022-02-25,2022,2,South,Retail,Furniture,Filing Cabinet,2,152.5,0.15,259.25,188.47,70.78,55,4,0
SO-2023-0384,2023-10-22,2023,10,West,Retail,Technology,USB-C Dock,7,346.44,0.24,1843.06,1447.71,395.35,36,2,0
SO-2021-0385,2021-01-21,2021,1,North,Online,Technology,Wireless Mouse,2,106.47,0,212.94,153.33,59.61,30,5,0
SO-2021-0386,2021-12-28,2021,12,South,Online,Furniture,Bookshelf,12,348.34,0,4180.08,2622.15,1557.93,62,5,0
SO-2022-0387,2022-08-03,2022,8,West,Online,Furniture,Filing Cabinet,8,176.02,0,1408.16,778.63,629.53,67,3,0
SO-2022-0388,2022-09-22,2022,9,North,Online,Technology,Wireless Mouse,4,463.39,0.02,1816.49,1235.61,580.88,,4,0
SO-2021-0389,2021-07-24,2021,7,West,Partner,Technology,USB-C Dock,10,56.82,0,568.2,316.58,251.62,60,5,0
SO-2021-0390,2021-02-04,2021,2,South,Online,Technology,27-inch Monitor,6,254,0.24,1158.24,670.84,487.4,53,5,0
SO-2022-0391,2022-06-30,2022,6,East,Online,Technology,Wireless Mouse,8,567.7,0,4541.6,2518.29,2023.31,45,5,1
SO-2021-0392,2021-04-20,2021,4,East,Online,Office Supplies,Gel Pen Pack,8,41.56,0,332.48,224.15,108.33,,5,0
SO-2021-0393,2021-04-05,2021,4,East,Online,Technology,Mechanical Keyboard,12,671.09,0.02,7892.02,5401.13,2490.89,58,5,0
SO-2023-0394,2023-04-24,2023,4,South,Online,Technology,Webcam,2,370.51,0.08,681.74,497.88,183.86,63,3,0
SO-2022-0395,2022-01-14,2022,1,South,Online,Office Supplies,A4 Paper (500),6,45.52,0.11,243.08,142.76,100.32,26,5,0
SO-2023-0396,2023-04-26,2023,4,East,Retail,Office Supplies,A4 Paper (500),9,22.3,0,200.7,161.32,39.38,72,3,0
SO-2021-0397,2021-03-18,2021,3,West,Online,Technology,27-inch Monitor,11,383.3,0,4216.3,2441.38,1774.92,51,4,0
SO-2022-0398,2022-11-12,2022,11,North,Partner,Furniture,Bookshelf,7,226.89,0,1588.23,1103.18,485.05,59,4,0
SO-2022-0399,2022-02-06,2022,2,West,Online,Technology,27-inch Monitor,14,408.35,0.24,4344.84,3416.79,928.05,41,4,0
SO-2023-0400,2023-11-10,2023,11,East,Partner,Technology,27-inch Monitor,3,680.81,0,2042.43,1561.73,480.7,59,4,0
SO-2023-0401,2023-07-11,2023,7,South,Online,Technology,27-inch Monitor,8,328.37,0.11,2337.99,1888.4,449.59,68,,0
SO-2022-0402,2022-06-30,2022,6,East,Retail,Technology,27-inch Monitor,21,496.04,0.12,9166.82,7168.81,1998.01,52,4,1
SO-2022-0403,2022-11-27,2022,11,West,Online,Furniture,Bookshelf,4,241.43,0.13,840.18,490.81,349.37,23,5,0
SO-2021-0404,2021-11-02,2021,11,West,Online,Office Supplies,A4 Paper (500),18,21.05,0,378.9,243.16,135.74,44,3,0
SO-2023-0405,2023-02-01,2023,2,West,Online,Furniture,Desk Lamp,14,345.8,0.08,4453.9,3060.36,1393.54,43,4,0
SO-2021-0406,2021-01-19,2021,1,North,Online,Office Supplies,Sticky Notes,11,36.65,0.28,290.27,204.61,85.66,32,4,0
SO-2021-0407,2021-08-13,2021,8,North,Online,Furniture,Bookshelf,1,375.83,0,375.83,221.3,154.53,66,3,0
SO-2023-0408,2023-09-02,2023,9,South,Online,Office Supplies,Stapler,11,40.54,0,445.94,312.17,133.77,31,5,0
SO-2022-0409,2022-09-21,2022,9,South,Online,Technology,27-inch Monitor,7,575.44,0.06,3786.4,2275.03,1511.37,33,4,0
SO-2023-0410,2023-05-28,2023,5,East,Online,Technology,Webcam,2,514.62,0.25,771.93,566.44,205.49,24,4,1
SO-2023-0411,2023-09-21,2023,9,East,Online,Furniture,Side Table,3,459.84,0.29,979.46,590.41,389.05,70,4,0
SO-2021-0412,2021-10-07,2021,10,East,Partner,Furniture,Filing Cabinet,1,477.62,0,477.62,378.42,99.2,45,5,0
SO-2021-0413,2021-06-25,2021,6,South,Retail,Furniture,Side Table,2,333.07,0.16,559.56,421.45,138.11,56,2,0
SO-2021-0414,2021-07-30,2021,7,North,Online,Office Supplies,Sticky Notes,7,31.12,0,217.84,159.15,58.69,53,4,0
SO-2022-0415,2022-12-23,2022,12,North,Partner,Furniture,Office Chair,5,175.84,0,879.2,718.75,160.45,47,4,0
SO-2022-0416,2022-02-27,2022,2,North,Retail,Technology,USB-C Dock,13,428.3,0.24,4231.6,3106.16,1125.44,65,3,0
SO-2021-0417,2021-07-12,2021,7,South,Partner,Technology,27-inch Monitor,10,406.58,0.09,3699.88,2327.44,1372.44,36,3,0
SO-2023-0418,2023-05-03,2023,5,North,Online,Technology,USB-C Dock,8,76.01,0.04,583.76,352.75,231.01,40,5,0
SO-2021-0419,2021-12-21,2021,12,North,Online,Technology,27-inch Monitor,8,429.09,0.21,2711.85,1556.75,1155.1,29,3,0
SO-2021-0420,2021-08-28,2021,8,West,Online,Office Supplies,Sticky Notes,3,41.2,0.18,101.35,72.87,28.48,42,3,1
SO-2023-0421,2023-04-01,2023,4,East,Online,Furniture,Bookshelf,12,352.53,0,4230.36,2968.64,1261.72,73,5,0
SO-2023-0422,2023-05-05,2023,5,East,Retail,Office Supplies,Sticky Notes,9,50.04,,450.36,353.65,96.71,58,4,0
SO-2023-0423,2023-08-28,2023,8,North,Partner,Office Supplies,Sticky Notes,2,21.58,0,43.16,28.24,14.92,46,3,0
SO-2023-0424,2023-05-15,2023,5,East,Online,Furniture,Desk Lamp,23,365.03,0.27,6128.85,4924.4,1204.45,31,3,0
SO-2022-0425,2022-12-16,2022,12,North,Retail,Office Supplies,Gel Pen Pack,10,38.35,0.1,345.15,193,152.15,69,4,0
SO-2023-0426,2023-08-19,2023,8,East,Retail,Furniture,Bookshelf,14,471.23,0,6597.22,3830.46,2766.76,22,3,0
SO-2023-0427,2023-01-24,2023,1,West,Online,Technology,Wireless Mouse,6,287.11,0,1722.66,1408.54,314.12,65,4,0
SO-2021-0428,2021-02-02,2021,2,East,Retail,Technology,27-inch Monitor,13,460.91,0.05,5692.24,3977.45,1714.79,21,4,0
SO-2023-0429,2023-10-06,2023,10,East,Online,Technology,27-inch Monitor,6,579.5,0.14,2990.22,1861.04,1129.18,36,4,0
SO-2021-0430,2021-06-10,2021,6,East,Partner,Furniture,Side Table,11,161.8,0,1779.8,1437.72,342.08,,4,1
SO-2021-0431,2021-04-01,2021,4,South,Partner,Office Supplies,Gel Pen Pack,4,38.43,0.17,127.59,81.33,46.26,30,5,0
SO-2022-0432,2022-02-01,2022,2,South,Online,Technology,USB-C Dock,7,597.42,0.04,4014.66,2726.52,1288.14,25,4,0
SO-2023-0433,2023-04-24,2023,4,East,Online,Technology,27-inch Monitor,2,284.38,0.12,500.51,386.18,114.33,60,5,1
SO-2023-0434,2023-08-16,2023,8,West,Online,Technology,Mechanical Keyboard,5,619.33,0,3096.65,2200.47,896.18,60,5,0
SO-2023-0435,2023-04-11,2023,4,South,Online,Technology,Mechanical Keyboard,9,487.72,0,4389.48,2702.82,1686.66,26,3,0
SO-2022-0436,2022-05-02,2022,5,North,Online,Office Supplies,Sticky Notes,10,9.9,0.06,93.06,51.65,41.41,28,5,1
SO-2023-0437,2023-10-09,2023,10,West,Partner,Office Supplies,Gel Pen Pack,6,19.63,0.08,108.36,88.81,19.55,30,3,1
SO-2021-0438,2021-10-02,2021,10,North,Online,Furniture,Desk Lamp,5,335.37,0,1676.85,1124.92,551.93,18,4,0
SO-2023-0439,2023-01-25,2023,1,South,Partner,Furniture,Office Chair,6,137.61,0,825.66,601.63,224.03,72,5,0
SO-2022-0440,2022-02-03,2022,2,East,Online,Furniture,Side Table,18,265.09,0.13,4151.31,2791.03,1360.28,44,4,0
SO-2023-0441,2023-02-04,2023,2,North,Online,Technology,Wireless Mouse,3,464.88,0,1394.64,837.47,557.17,37,4,0
SO-2022-0442,2022-09-06,2022,9,North,Online,Furniture,Office Chair,11,318.07,0.24,2659.07,1710.13,948.94,60,3,0
SO-2022-0443,2022-02-10,2022,2,South,Partner,Technology,Wireless Mouse,5,195.33,0.07,908.28,644.73,263.55,49,5,0
SO-2023-0444,2023-08-31,2023,8,South,Partner,Furniture,Bookshelf,16,280.24,0.26,3318.04,2365.79,952.25,62,3,0
SO-2023-0445,2023-07-07,2023,7,West,Retail,Office Supplies,Stapler,10,41.49,0.2,331.92,217.48,114.44,28,5,0
SO-2021-0446,2021-10-22,2021,10,North,Partner,Technology,USB-C Dock,1,488.07,0.11,434.38,291.76,142.62,46,4,0
SO-2021-0447,2021-03-22,2021,3,East,Online,Office Supplies,A4 Paper (500),9,36.89,0.28,239.05,171.59,67.46,,4,0
SO-2023-0448,2023-03-04,2023,3,North,Partner,Office Supplies,Binder Clips,12,38.03,0.24,346.83,264.71,82.12,65,3,0
SO-2021-0449,2021-08-01,2021,8,South,Retail,Furniture,Side Table,12,279.86,0.18,2753.82,1682.95,1070.87,28,5,0
SO-2021-0450,2021-04-09,2021,4,East,Retail,Office Supplies,Gel Pen Pack,12,30.99,0.04,357,252.37,104.63,51,5,0
SO-2022-0451,2022-11-28,2022,11,North,Online,Furniture,Side Table,17,289.63,0,4923.71,2840.92,2082.79,36,,0
SO-2023-0452,2023-07-04,2023,7,East,Online,Technology,USB-C Dock,3,640.54,0.18,1575.73,1229.04,346.69,19,5,0
SO-2023-0453,2023-10-08,2023,10,East,Online,Furniture,Filing Cabinet,16,323.13,0.1,4653.07,3194.56,1458.51,53,4,0
SO-2023-0454,2023-04-08,2023,4,East,Online,Technology,Webcam,4,302.13,0.03,1172.26,685.55,486.71,34,5,0
SO-2023-0455,2023-08-25,2023,8,North,Online,Technology,27-inch Monitor,5,422.02,0,2110.1,1449.72,660.38,31,5,0
SO-2023-0456,2023-08-14,2023,8,North,Online,Furniture,Office Chair,7,239.52,0,1676.64,961.45,715.19,34,4,0
SO-2021-0457,2021-03-02,2021,3,East,Online,Office Supplies,Sticky Notes,2,49.57,0,99.14,79.07,20.07,19,3,0
SO-2021-0458,2021-04-01,2021,4,North,Online,Furniture,Bookshelf,9,163.76,0.26,1090.64,650.37,440.27,21,4,0
SO-2023-0459,2023-11-03,2023,11,North,Partner,Technology,Wireless Mouse,8,181.98,0,1455.84,961.23,494.61,67,2,1
SO-2021-0460,2021-03-06,2021,3,West,Partner,Furniture,Bookshelf,7,236.16,0.11,1471.28,1192.46,278.82,21,,0
SO-2021-0461,2021-01-25,2021,1,West,Retail,Office Supplies,Gel Pen Pack,8,35.39,0.23,218,158.9,59.1,47,,0
SO-2023-0462,2023-12-13,2023,12,West,Online,Office Supplies,Gel Pen Pack,10,19.82,0.13,172.43,133.26,39.17,56,5,0
SO-2023-0463,2023-05-11,2023,5,North,Online,Office Supplies,Stapler,8,32.48,0.04,249.45,174.35,75.1,28,4,0
SO-2022-0464,2022-08-14,2022,8,West,Retail,Furniture,Desk Lamp,2,286.86,0,573.72,394.57,179.15,57,4,0
SO-2023-0465,2023-01-12,2023,1,East,Retail,Office Supplies,Gel Pen Pack,12,32.78,0.2,314.69,205.4,109.29,59,4,0
SO-2022-0466,2022-05-29,2022,5,South,Online,Furniture,Side Table,16,361.47,0.2,4626.82,3513.61,1113.21,73,5,0
SO-2023-0467,2023-07-14,2023,7,West,Retail,Technology,Wireless Mouse,7,205.53,,1438.71,863.43,575.28,42,4,0
SO-2022-0468,2022-08-20,2022,8,East,Partner,Technology,Webcam,5,280.99,0,1404.95,844.47,560.48,68,5,0
SO-2023-0469,2023-08-17,2023,8,South,Online,Furniture,Desk Lamp,10,285.25,0.14,2453.15,1993.76,459.39,27,,0
SO-2023-0470,2023-11-01,2023,11,East,Online,Technology,Mechanical Keyboard,9,505.49,0,4549.41,3290.76,1258.65,21,4,1
SO-2023-0471,2023-03-15,2023,3,West,Online,Office Supplies,Gel Pen Pack,4,45.91,0.13,159.77,91.15,68.62,65,4,0
SO-2022-0472,2022-11-23,2022,11,East,Online,Office Supplies,Stapler,9,47.52,0,427.68,316.59,111.09,67,3,0
SO-2022-0473,2022-01-15,2022,1,South,Online,Technology,Wireless Mouse,9,549.34,0,4944.06,2966.48,1977.58,65,5,1
SO-2023-0474,2023-11-21,2023,11,East,Online,Furniture,Side Table,5,239.19,0,1195.95,865.69,330.26,73,,0
SO-2021-0475,2021-11-23,2021,11,North,Online,Technology,27-inch Monitor,7,532.12,0.17,3091.62,2253.65,837.97,62,3,0
SO-2023-0476,2023-10-20,2023,10,East,Retail,Furniture,Desk Lamp,10,212.56,0.26,1572.94,927.27,645.67,26,4,0
SO-2021-0477,2021-01-08,2021,1,South,Retail,Furniture,Filing Cabinet,11,301.1,0,3312.1,2202.4,1109.7,59,4,0
SO-2022-0478,2022-10-14,2022,10,East,Online,Office Supplies,Gel Pen Pack,5,26.62,0.22,103.82,58.7,45.12,30,,0
SO-2022-0479,2022-12-03,2022,12,South,Retail,Office Supplies,Binder Clips,1,47.04,0,47.04,33.01,14.03,54,5,0
SO-2021-0480,2021-01-27,2021,1,West,Online,Office Supplies,Gel Pen Pack,9,11.99,0,107.91,61.09,46.82,37,4,0
SO-2022-0481,2022-01-17,2022,1,West,Online,Furniture,Desk Lamp,4,473.55,0.07,1761.61,1044.39,717.22,36,5,0
SO-2021-0482,2021-09-10,2021,9,North,Online,Technology,USB-C Dock,10,215.85,0,2158.5,1650.41,508.09,66,5,0
SO-2022-0483,2022-07-01,2022,7,South,Online,Furniture,Filing Cabinet,3,188.28,0,564.84,428.8,136.04,46,3,0
SO-2021-0484,2021-03-14,2021,3,South,Retail,Office Supplies,Stapler,5,37.68,0.16,158.26,128.66,29.6,52,4,0
SO-2021-0485,2021-11-11,2021,11,South,Online,Technology,Webcam,7,503.26,0.19,2853.48,2155.02,698.46,41,5,0
SO-2023-0486,2023-04-06,2023,4,West,Online,Office Supplies,A4 Paper (500),5,48.75,0,243.75,193.03,50.72,53,4,0
SO-2023-0487,2023-10-06,2023,10,West,Online,Technology,Webcam,13,444.69,0,5780.97,3219.81,2561.16,35,3,0
SO-2023-0488,2023-12-20,2023,12,West,Online,Furniture,Filing Cabinet,2,368.29,0.01,729.21,578.94,150.27,34,4,0
SO-2022-0489,2022-10-12,2022,10,East,Online,Furniture,Office Chair,8,257.42,0.29,1462.15,869.29,592.86,22,5,0
SO-2021-0490,2021-11-01,2021,11,West,Online,Furniture,Bookshelf,14,232.73,0.18,2671.74,1872.91,798.83,70,3,0
SO-2022-0491,2022-03-05,2022,3,West,Online,Furniture,Desk Lamp,4,251.89,0.22,785.9,493.66,292.24,,4,0
SO-2021-0492,2021-10-30,2021,10,South,Online,Technology,USB-C Dock,9,512.98,0.15,3924.3,2244.54,1679.76,55,4,1
SO-2021-0493,2021-09-23,2021,9,East,Online,Office Supplies,A4 Paper (500),1,30.04,0,30.04,18.94,11.1,50,4,0
SO-2022-0494,2022-04-24,2022,4,South,Online,Technology,USB-C Dock,7,476.93,0.2,2670.81,2139.47,531.34,40,5,0
SO-2021-0495,2021-01-07,2021,1,North,Retail,Furniture,Bookshelf,5,262.78,0.29,932.87,603.76,329.11,40,5,0
SO-2022-0496,2022-07-02,2022,7,South,Online,Technology,Webcam,14,221.34,0,3098.76,1961.6,1137.16,28,4,0
SO-2021-0497,2021-09-03,2021,9,South,Online,Office Supplies,Gel Pen Pack,4,15.86,0.13,55.19,39.94,15.25,66,3,1
SO-2022-0498,2022-07-21,2022,7,East,Retail,Furniture,Bookshelf,9,390.28,0.27,2564.14,1518.63,1045.51,45,5,0
SO-2022-0499,2022-02-26,2022,2,East,Retail,Furniture,Filing Cabinet,11,475.63,0,5231.93,3715.39,1516.54,20,4,0
SO-2022-0500,2022-12-20,2022,12,North,Online,Furniture,Office Chair,6,123.47,0.27,540.8,318.31,222.49,34,5,0
SO-2022-0501,2022-06-04,2022,6,South,Online,Office Supplies,A4 Paper (500),15,12.89,0.24,146.95,118.55,28.4,,4,0
SO-2022-0502,2022-07-08,2022,7,West,Partner,Furniture,Side Table,3,423.41,0.21,1003.48,777.14,226.34,63,4,0
SO-2021-0503,2021-08-30,2021,8,West,Online,Technology,Mechanical Keyboard,10,124.47,0.2,995.76,625.4,370.36,27,5,0
SO-2021-0504,2021-03-16,2021,3,East,Online,Technology,Webcam,10,476.05,0,4760.5,3735.92,1024.58,19,3,0
SO-2022-0505,2022-06-11,2022,6,South,Online,Furniture,Office Chair,4,274.62,0,1098.48,692.05,406.43,67,4,1
SO-2022-0506,2022-06-17,2022,6,South,Online,Technology,USB-C Dock,5,295.01,0.21,1165.29,654.41,510.88,68,3,0
SO-2023-0507,2023-01-10,2023,1,West,Online,Furniture,Filing Cabinet,6,434,0.06,2447.76,1553.82,893.94,38,,0
SO-2023-0508,2023-08-27,2023,8,West,Online,Office Supplies,A4 Paper (500),3,45.59,0.27,99.84,68.85,30.99,72,,1
SO-2022-0509,2022-05-30,2022,5,North,Online,Office Supplies,A4 Paper (500),17,20.96,0.05,338.5,259.59,78.91,41,4,0
SO-2021-0510,2021-09-20,2021,9,East,Online,Technology,Webcam,9,456.77,0,4110.93,3078.06,1032.87,55,5,0
SO-2022-0511,2022-07-30,2022,7,South,Online,Furniture,Office Chair,9,416.86,0.19,3038.91,2369.44,669.47,28,4,0
SO-2021-0512,2021-10-27,2021,10,West,Online,Technology,USB-C Dock,4,346.04,0.14,1190.38,760.36,430.02,55,3,0
SO-2022-0513,2022-11-21,2022,11,North,Partner,Technology,USB-C Dock,8,121.21,0,969.68,726.09,243.59,54,4,0
SO-2022-0514,2022-08-29,2022,8,South,Online,Technology,Mechanical Keyboard,6,327.96,0.2,1574.21,1145.39,428.82,28,3,0
SO-2021-0515,2021-03-05,2021,3,West,Retail,Office Supplies,Binder Clips,7,19.89,0,139.23,93.31,45.92,,4,0
SO-2021-0516,2021-09-15,2021,9,West,Online,Office Supplies,A4 Paper (500),6,44.13,0,264.78,199.98,64.8,33,5,1
SO-2022-0517,2022-11-30,2022,11,East,Partner,Furniture,Filing Cabinet,8,428.1,0,3424.8,1955.62,1469.18,44,5,0
SO-2023-0518,2023-08-15,2023,8,South,Online,Office Supplies,Binder Clips,7,15.4,0.13,93.79,75.52,18.27,72,3,0
SO-2023-0519,2023-09-09,2023,9,North,Partner,Technology,Wireless Mouse,5,403.22,0.14,1733.85,1167.65,566.2,42,2,0
SO-2021-0520,2021-07-30,2021,7,West,Online,Furniture,Filing Cabinet,3,213.46,0,640.38,506.2,134.18,43,5,0
SO-2023-0521,2023-01-24,2023,1,West,Online,Office Supplies,Binder Clips,9,30.59,0,275.31,212.54,62.77,40,5,0
SO-2023-0522,2023-05-25,2023,5,East,Partner,Office Supplies,A4 Paper (500),15,50.14,0.02,737.06,488.99,248.07,,5,0
SO-2023-0523,2023-08-29,2023,8,East,Online,Technology,27-inch Monitor,8,157.53,0,1260.24,878.02,382.22,62,4,0
SO-2023-0524,2023-07-14,2023,7,West,Online,Office Supplies,Stapler,10,39.53,0,395.3,233.86,161.44,67,5,0
SO-2022-0525,2022-05-02,2022,5,West,Online,Technology,USB-C Dock,9,569.86,0,5128.74,3266.84,1861.9,36,4,0
SO-2022-0526,2022-12-01,2022,12,West,Online,Furniture,Bookshelf,14,292.45,0.27,2988.84,1984.12,1004.72,20,3,0
SO-2023-0527,2023-11-19,2023,11,South,Online,Furniture,Desk Lamp,13,258.57,0,3361.41,1926.94,1434.47,66,4,0
SO-2023-0528,2023-02-26,2023,2,North,Online,Furniture,Filing Cabinet,9,232.4,0.1,1882.44,1324.82,557.62,73,5,0
SO-2021-0529,2021-03-08,2021,3,South,Online,Furniture,Side Table,7,188.41,0.1,1186.98,853.64,333.34,72,4,0
SO-2021-0530,2021-01-15,2021,1,East,Online,Office Supplies,Sticky Notes,6,31.22,0,187.32,135.14,52.18,60,4,0
SO-2023-0531,2023-05-10,2023,5,East,Online,Technology,Webcam,2,530.97,0.27,775.22,577.43,197.79,73,5,0
SO-2023-0532,2023-11-30,2023,11,South,Partner,Technology,Wireless Mouse,13,310.06,0,4030.78,2308.84,1721.94,50,3,1
SO-2022-0533,2022-01-21,2022,1,East,Partner,Office Supplies,Sticky Notes,6,24.6,0,147.6,93.27,54.33,68,5,0
SO-2022-0534,2022-04-06,2022,4,West,Online,Technology,Wireless Mouse,9,233.93,0,2105.37,1447.37,658,58,4,0
SO-2023-0535,2023-09-09,2023,9,North,Online,Office Supplies,Sticky Notes,9,31.04,0.18,229.08,148.1,80.98,62,5,0
SO-2023-0536,2023-05-30,2023,5,East,Partner,Technology,Wireless Mouse,4,129.26,0.12,455,320.15,134.85,69,,0
SO-2022-0537,2022-02-08,2022,2,South,Online,Furniture,Bookshelf,5,357.04,0,1785.2,1114.15,671.05,69,5,0
SO-2021-0538,2021-03-04,2021,3,South,Online,Furniture,Desk Lamp,6,370.94,0.06,2092.1,1251.97,840.13,21,3,0
SO-2023-0539,2023-11-07,2023,11,North,Retail,Technology,Webcam,8,315.97,0,2527.76,1772.97,754.79,,5,0
SO-2021-0540,2021-03-30,2021,3,West,Partner,Technology,Webcam,16,415.65,0,6650.4,4536.46,2113.94,72,3,0
SO-2021-0541,2021-10-06,2021,10,North,Partner,Furniture,Office Chair,12,160.33,0.14,1654.61,1262.53,392.08,32,4,0
SO-2021-0542,2021-10-11,2021,10,East,Retail,Technology,Webcam,10,128.71,0,1287.1,1032.5,254.6,19,3,0
SO-2023-0543,2023-06-18,2023,6,West,Partner,Office Supplies,A4 Paper (500),12,15.38,0,184.56,144.01,40.55,23,4,0
SO-2021-0544,2021-02-16,2021,2,West,Retail,Furniture,Filing Cabinet,1,328.84,0.18,269.65,217.57,52.08,39,4,0
SO-2022-0545,2022-03-16,2022,3,West,Online,Technology,27-inch Monitor,7,247.12,0.21,1366.57,864.58,501.99,37,4,0
SO-2023-0546,2023-11-11,2023,11,South,Partner,Furniture,Side Table,9,290.15,0,2611.35,1930.87,680.48,44,3,0
SO-2023-0547,2023-04-08,2023,4,East,Online,Furniture,Filing Cabinet,12,297.7,0.13,3107.99,1722.73,1385.26,73,4,0
SO-2022-0548,2022-01-21,2022,1,West,Online,Furniture,Bookshelf,10,305.48,0.27,2230,1386.63,843.37,37,4,0
SO-2021-0549,2021-12-22,2021,12,East,Retail,Furniture,Filing Cabinet,3,191.07,0.27,418.44,307.04,111.4,58,4,0
SO-2023-0550,2023-02-21,2023,2,West,Online,Office Supplies,Stapler,5,38.32,0.05,182.02,145.55,36.47,73,5,0
SO-2022-0551,2022-02-04,2022,2,West,Online,Technology,USB-C Dock,10,292.08,0,2920.8,2361.59,559.21,39,5,0
SO-2023-0552,2023-01-03,2023,1,East,Online,Furniture,Bookshelf,10,195.29,0.04,1874.78,1510.82,363.96,52,4,0
SO-2023-0553,2023-02-13,2023,2,West,Online,Furniture,Side Table,8,264.14,0,2113.12,1488.53,624.59,74,3,0
SO-2023-0554,2023-03-27,2023,3,East,Online,Technology,USB-C Dock,12,145.06,0,1740.72,1324.23,416.49,33,3,1
SO-2023-0555,2023-01-02,2023,1,West,Retail,Furniture,Office Chair,11,370.9,0,4079.9,2659.73,1420.17,53,5,0
SO-2021-0556,2021-06-01,2021,6,North,Partner,Office Supplies,Sticky Notes,14,24.77,0.07,322.51,264.45,58.06,39,,0
SO-2021-0557,2021-07-12,2021,7,West,Online,Office Supplies,A4 Paper (500),10,46.71,0.01,462.43,296.89,165.54,60,4,0
SO-2023-0558,2023-04-20,2023,4,South,Online,Technology,Wireless Mouse,7,68.09,0.16,400.37,279.31,121.06,66,4,0
SO-2022-0559,2022-01-26,2022,1,East,Online,Furniture,Side Table,9,345.76,0.13,2707.3,2187.01,520.29,68,5,0
SO-2022-0560,2022-02-20,2022,2,West,Online,Office Supplies,Gel Pen Pack,5,31.62,0.29,112.25,89.22,23.03,37,3,0
SO-2021-0561,2021-10-27,2021,10,South,Online,Furniture,Side Table,8,421.01,0.17,2795.51,2033.21,762.3,51,3,0
SO-2022-0562,2022-06-26,2022,6,South,Partner,Furniture,Desk Lamp,5,380.73,0.12,1675.21,1262.02,413.19,66,4,0
SO-2023-0563,2023-03-27,2023,3,North,Online,Office Supplies,Sticky Notes,7,22.87,0.03,155.29,116.5,38.79,27,4,0
SO-2023-0564,2023-03-03,2023,3,North,Online,Technology,27-inch Monitor,7,448.6,0.06,2951.79,1998.13,953.66,,4,0
SO-2023-0565,2023-07-27,2023,7,East,Partner,Office Supplies,A4 Paper (500),11,51.4,0,565.4,419.96,145.44,55,4,0
SO-2023-0566,2023-07-03,2023,7,West,Online,Office Supplies,Sticky Notes,16,13.66,0.16,183.59,126.1,57.49,67,5,0
SO-2022-0567,2022-06-03,2022,6,North,Online,Office Supplies,Binder Clips,5,37.34,0,186.7,151.54,35.16,,4,0
SO-2021-0568,2021-11-22,2021,11,South,Retail,Technology,27-inch Monitor,13,89.04,0.16,972.32,606.79,365.53,47,,0
SO-2021-0569,2021-04-06,2021,4,South,Online,Office Supplies,Binder Clips,6,40.66,0.26,180.53,122.99,57.54,24,5,0
SO-2021-0570,2021-07-07,2021,7,East,Online,Technology,Webcam,10,484.31,0,4843.1,2895.91,1947.19,54,5,0
SO-2021-0571,2021-10-03,2021,10,East,Online,Office Supplies,Stapler,3,23.59,0.05,67.23,54.34,12.89,60,3,0
SO-2022-0572,2022-05-09,2022,5,West,Partner,Furniture,Side Table,8,230.36,0,1842.88,1173.62,669.26,64,5,0
SO-2022-0573,2022-10-19,2022,10,North,Online,Furniture,Side Table,9,306.18,0,2755.62,1877.4,878.22,19,4,0
SO-2022-0574,2022-01-14,2022,1,West,Online,Technology,27-inch Monitor,11,424.68,0.17,3877.33,3072.12,805.21,,5,0
SO-2023-0575,2023-03-20,2023,3,South,Online,Furniture,Office Chair,5,270.16,0.2,1080.64,818.58,262.06,23,4,0
SO-2023-0576,2023-08-03,2023,8,South,Online,Office Supplies,Binder Clips,1,39.06,0.07,36.33,26.05,10.28,31,5,0
SO-2022-0577,2022-06-30,2022,6,South,Online,Office Supplies,Binder Clips,14,18.58,0,260.12,197.6,62.52,44,5,0
SO-2023-0578,2023-12-15,2023,12,North,Online,Furniture,Side Table,8,381.5,0.1,2746.8,2141.52,605.28,54,5,0
SO-2023-0579,2023-01-21,2023,1,West,Online,Technology,27-inch Monitor,10,228.81,0.21,1807.6,1467.13,340.47,48,4,0
SO-2021-0580,2021-08-08,2021,8,West,Online,Office Supplies,Binder Clips,11,25.56,0,281.16,222.2,58.96,41,4,0
SO-2022-0581,2022-12-23,2022,12,East,Partner,Office Supplies,Binder Clips,13,24.53,0,318.89,216.27,102.62,58,4,0
SO-2022-0582,2022-12-17,2022,12,West,Online,Furniture,Desk Lamp,9,272.77,0.09,2233.99,1441.38,792.61,59,3,0
SO-2021-0583,2021-12-27,2021,12,North,Retail,Technology,Wireless Mouse,4,133.17,0,532.68,358.01,174.67,31,5,0
SO-2022-0584,2022-01-01,2022,1,West,Online,Technology,Wireless Mouse,10,580.41,0.23,4469.16,3462.64,1006.52,68,3,0
SO-2021-0585,2021-05-17,2021,5,West,Retail,Office Supplies,Gel Pen Pack,9,8.89,0,80.01,44.41,35.6,25,4,0
SO-2022-0586,2022-06-22,2022,6,South,Partner,Technology,Wireless Mouse,7,183.76,0.29,913.29,654.25,259.04,55,4,0
SO-2023-0587,2023-04-05,2023,4,South,Online,Furniture,Filing Cabinet,15,324.42,0,4866.3,3477.78,1388.52,47,4,0
SO-2021-0588,2021-10-21,2021,10,South,Online,Office Supplies,Sticky Notes,5,18.24,0.18,74.78,44.93,29.85,72,3,0
SO-2021-0589,2021-09-16,2021,9,North,Partner,Furniture,Bookshelf,15,307.49,0,4612.35,3073.6,1538.75,53,5,0
SO-2022-0590,2022-07-17,2022,7,South,Online,Technology,Wireless Mouse,2,283.33,0.02,555.33,378.98,176.35,25,5,0
SO-2022-0591,2022-06-14,2022,6,North,Retail,Office Supplies,Stapler,3,8.89,0,26.67,19.62,7.05,65,5,0
SO-2022-0592,2022-02-28,2022,2,West,Online,Office Supplies,Binder Clips,1,39.47,0.19,31.97,25.47,6.5,67,5,0
SO-2023-0593,2023-07-31,2023,7,North,Online,Technology,Webcam,3,456.38,0,1369.14,1011.74,357.4,57,5,0
SO-2021-0594,2021-01-03,2021,1,East,Online,Furniture,Office Chair,2,428.43,0.11,762.61,536.13,226.48,23,5,0
SO-2022-0595,2022-06-29,2022,6,West,Online,Furniture,Office Chair,11,333.96,0,3673.56,2513.08,1160.48,49,5,0
SO-2023-0596,2023-03-02,2023,3,East,Online,Office Supplies,Binder Clips,11,33.58,0,369.38,219.63,149.75,48,5,0
SO-2022-0597,2022-01-21,2022,1,North,Retail,Technology,27-inch Monitor,5,384.59,0,1922.95,1237.84,685.11,44,3,0
SO-2022-0598,2022-10-31,2022,10,East,Retail,Furniture,Desk Lamp,10,187.94,0,1879.4,1537.65,341.75,38,4,0
SO-2021-0599,2021-11-15,2021,11,South,Online,Furniture,Bookshelf,6,391.87,0,2351.22,1622.9,728.32,20,5,0
SO-2021-0600,2021-01-31,2021,1,West,Partner,Furniture,Bookshelf,11,251.39,0,2765.29,1806.19,959.1,48,4,0
SO-2023-0601,2023-11-25,2023,11,West,Online,Technology,Mechanical Keyboard,14,433.25,0.29,4306.51,2823.44,1483.07,30,3,0
SO-2022-0602,2022-08-05,2022,8,West,Retail,Office Supplies,Binder Clips,3,38.51,0.23,88.96,70.73,18.23,54,4,1
SO-2022-0603,2022-06-17,2022,6,East,Retail,Furniture,Office Chair,18,313.64,0.27,4121.23,3345.43,775.8,21,5,0
SO-2022-0604,2022-03-18,2022,3,South,Partner,Technology,USB-C Dock,12,348.59,0,4183.08,2947.41,1235.67,43,4,0
SO-2022-0605,2022-01-04,2022,1,South,Online,Office Supplies,Binder Clips,7,31.19,0.2,174.66,143.2,31.46,57,4,0
SO-2022-0606,2022-12-29,2022,12,East,Online,Office Supplies,Binder Clips,10,35.97,0.22,280.57,157.63,122.94,62,5,1
SO-2022-0607,2022-06-20,2022,6,South,Online,Office Supplies,Binder Clips,6,40.37,0.14,208.31,122.41,85.9,52,,0
SO-2023-0608,2023-02-25,2023,2,East,Online,Technology,27-inch Monitor,8,681.4,0.27,3979.38,2595.92,1383.46,29,4,0
SO-2022-0609,2022-09-13,2022,9,West,Online,Technology,Mechanical Keyboard,6,278.66,0,1671.96,1167.59,504.37,40,5,0
SO-2023-0610,2023-05-04,2023,5,East,Partner,Technology,Wireless Mouse,3,83.9,0,251.7,205.48,46.22,56,,1
SO-2023-0611,2023-11-13,2023,11,South,Retail,Technology,Webcam,7,157.86,0,1105.02,612.28,492.74,67,5,1
SO-2023-0612,2023-12-13,2023,12,South,Online,Technology,27-inch Monitor,5,328.87,0,1644.35,1204.39,439.96,21,4,0
SO-2023-0613,2023-05-20,2023,5,North,Partner,Technology,USB-C Dock,3,532.27,0,1596.81,1235.5,361.31,60,5,0
SO-2022-0614,2022-01-09,2022,1,West,Partner,Office Supplies,Binder Clips,6,24.03,0.17,119.67,80.98,38.69,,5,0
SO-2023-0615,2023-01-20,2023,1,North,Retail,Furniture,Bookshelf,9,334.49,0.18,2468.54,1538.72,929.82,22,4,0
SO-2021-0616,2021-11-24,2021,11,West,Partner,Furniture,Bookshelf,8,140.93,0.19,913.23,628.64,284.59,48,4,0
SO-2021-0617,2021-02-19,2021,2,South,Online,Office Supplies,Sticky Notes,11,22.45,0.29,175.33,117.56,57.77,29,5,0
SO-2021-0618,2021-07-18,2021,7,North,Online,Office Supplies,Sticky Notes,12,17.27,0,207.24,143.46,63.78,21,4,0
SO-2022-0619,2022-09-09,2022,9,North,Online,Office Supplies,Sticky Notes,2,42.71,0,85.42,64.53,20.89,34,2,0
SO-2022-0620,2022-01-05,2022,1,West,Online,Technology,USB-C Dock,5,456.65,0.08,2100.59,1502.93,597.66,27,3,0
SO-2022-0621,2022-02-07,2022,2,South,Retail,Technology,Wireless Mouse,8,342.33,0,2738.64,1795.66,942.98,61,3,0
SO-2021-0622,2021-04-16,2021,4,South,Online,Technology,Mechanical Keyboard,15,479.16,0,7187.4,5124.61,2062.79,42,3,0
SO-2022-0623,2022-03-07,2022,3,East,Online,Technology,USB-C Dock,2,485.11,0.21,766.47,574.54,191.93,56,4,1
SO-2021-0624,2021-03-13,2021,3,East,Retail,Technology,USB-C Dock,13,139.73,0,1816.49,1158.2,658.29,54,4,0
SO-2021-0625,2021-09-04,2021,9,South,Online,Furniture,Desk Lamp,7,268.74,0,1881.18,1438.42,442.76,25,5,0
SO-2022-0626,2022-07-23,2022,7,North,Partner,Office Supplies,Binder Clips,8,10.05,0,80.4,58.95,21.45,24,5,0
SO-2023-0627,2023-07-09,2023,7,West,Retail,Furniture,Office Chair,9,454.44,0.26,3026.57,1780.41,1246.16,23,4,0
SO-2023-0628,2023-04-06,2023,4,East,Online,Furniture,Bookshelf,6,432.11,0.25,1944.49,1497.96,446.53,46,5,0
SO-2022-0629,2022-03-01,2022,3,South,Partner,Technology,Webcam,6,540.78,0,3244.68,2086.26,1158.42,34,5,0
SO-2023-0630,2023-12-28,2023,12,South,Online,Office Supplies,A4 Paper (500),15,23.87,0,358.05,227,131.05,69,5,1
SO-2023-0631,2023-05-04,2023,5,North,Online,Office Supplies,Gel Pen Pack,5,19.65,0.19,79.58,47.63,31.95,,5,1
SO-2022-0632,2022-05-29,2022,5,South,Retail,Furniture,Office Chair,3,441.94,0.23,1020.88,785.47,235.41,59,4,0
SO-2022-0633,2022-08-22,2022,8,East,Online,Furniture,Bookshelf,15,214.33,0,3214.95,2016.35,1198.6,26,4,0
SO-2022-0634,2022-12-10,2022,12,West,Online,Technology,Wireless Mouse,4,537.48,0.2,1719.94,1224.68,495.26,37,4,0
SO-2022-0635,2022-04-26,2022,4,East,Online,Office Supplies,Binder Clips,9,17.07,0,153.63,106.24,47.39,71,5,0
SO-2022-0636,2022-09-04,2022,9,West,Retail,Office Supplies,Sticky Notes,10,47.59,0,475.9,347.9,128,19,4,0
SO-2021-0637,2021-11-12,2021,11,West,Online,Office Supplies,A4 Paper (500),20,31.86,0,637.2,519.96,117.24,74,3,0
SO-2022-0638,2022-09-03,2022,9,East,Online,Technology,Wireless Mouse,2,160.72,0,321.44,210.92,110.52,52,2,0
SO-2022-0639,2022-06-12,2022,6,East,Partner,Office Supplies,Binder Clips,6,46.71,0,280.26,215.03,65.23,56,5,0
SO-2023-0640,2023-04-05,2023,4,East,Online,Office Supplies,Stapler,7,8.9,0,62.3,43.84,18.46,55,4,0
SO-2021-0641,2021-09-24,2021,9,North,Online,Furniture,Office Chair,6,230.54,,1383.24,850.71,532.53,67,5,0
SO-2021-0642,2021-08-10,2021,8,North,Online,Office Supplies,Binder Clips,2,22.65,0.11,40.32,25.12,15.2,50,5,0
SO-2023-0643,2023-11-15,2023,11,South,Online,Furniture,Office Chair,8,448.11,0.2,2867.9,1597.98,1269.92,42,4,1
SO-2022-0644,2022-03-11,2022,3,East,Retail,Office Supplies,Sticky Notes,5,13.83,0.12,60.85,42.18,18.67,55,3,0
SO-2022-0645,2022-02-04,2022,2,West,Online,Technology,USB-C Dock,8,456.86,0,3654.88,2188.03,1466.85,58,3,0
SO-2021-0646,2021-05-07,2021,5,North,Partner,Technology,Webcam,9,289.39,0.2,2083.61,1332.72,750.89,28,3,0
SO-2021-0647,2021-01-19,2021,1,South,Online,Office Supplies,A4 Paper (500),8,45.61,0.22,284.61,217.2,67.41,35,4,0
SO-2022-0648,2022-03-26,2022,3,North,Online,Office Supplies,Binder Clips,5,29.2,0.08,134.32,86.45,47.87,45,4,0
SO-2021-0649,2021-10-14,2021,10,North,Online,Furniture,Bookshelf,9,232.03,0.18,1712.38,1020.08,692.3,62,3,0
SO-2021-0650,2021-03-18,2021,3,East,Online,Technology,27-inch Monitor,5,285.52,0,1427.6,1114.91,312.69,25,3,0
SO-2022-0651,2022-06-21,2022,6,West,Online,Technology,Wireless Mouse,3,67.18,0,201.54,152.34,49.2,27,3,1
SO-2023-0652,2023-05-04,2023,5,East,Online,Furniture,Filing Cabinet,12,163.08,0.23,1506.86,966.55,540.31,32,4,0
SO-2021-0653,2021-04-24,2021,4,North,Online,Office Supplies,Stapler,6,38.83,0.01,230.65,126.95,103.7,36,3,0
SO-2022-0654,2022-01-04,2022,1,West,Partner,Furniture,Bookshelf,10,268.79,0,2687.9,1532.15,1155.75,38,5,0
SO-2022-0655,2022-12-26,2022,12,East,Partner,Office Supplies,Sticky Notes,8,17.64,0.12,124.19,84.14,40.05,47,4,0
SO-2023-0656,2023-09-28,2023,9,South,Online,Office Supplies,Sticky Notes,3,8.04,0.01,23.88,18.57,5.31,55,,0
SO-2021-0657,2021-06-01,2021,6,East,Online,Furniture,Bookshelf,9,333.03,0.02,2937.32,1774.23,1163.09,49,4,0
SO-2021-0658,2021-06-03,2021,6,North,Online,Furniture,Side Table,4,111.5,0,446,333.16,112.84,,5,1
SO-2022-0659,2022-04-23,2022,4,North,Retail,Office Supplies,Stapler,10,39.7,0.15,337.45,257.68,79.77,58,2,0
SO-2023-0660,2023-01-14,2023,1,South,Partner,Office Supplies,Stapler,3,37.29,0.02,109.63,87.18,22.45,55,3,0
SO-2021-0661,2021-08-24,2021,8,South,Online,Furniture,Bookshelf,11,243.26,0.23,2060.41,1592.55,467.86,48,4,0
SO-2023-0662,2023-01-08,2023,1,East,Online,Furniture,Filing Cabinet,2,430.01,0,860.02,656.08,203.94,74,5,0
SO-2021-0663,2021-06-03,2021,6,North,Online,Furniture,Bookshelf,3,249.84,0.14,644.59,455.21,189.38,19,4,0
SO-2023-0664,2023-10-26,2023,10,East,Retail,Office Supplies,Sticky Notes,6,14.39,0.07,80.3,51.43,28.87,45,5,0
SO-2021-0665,2021-08-09,2021,8,South,Online,Furniture,Filing Cabinet,7,382.81,0.23,2063.35,1239.41,823.94,72,4,0
SO-2023-0666,2023-07-24,2023,7,East,Online,Office Supplies,Sticky Notes,14,43.05,0.18,494.21,292.33,201.88,24,3,0
SO-2022-0667,2022-08-12,2022,8,South,Online,Technology,27-inch Monitor,1,68.4,0.22,53.35,39.69,13.66,40,5,0
SO-2022-0668,2022-10-14,2022,10,South,Online,Technology,27-inch Monitor,9,237.35,0.05,2029.34,1243.94,785.4,52,3,0
SO-2021-0669,2021-08-07,2021,8,South,Online,Furniture,Desk Lamp,8,358.08,0.26,2119.83,1522.37,597.46,41,4,0
SO-2022-0670,2022-12-17,2022,12,South,Online,Technology,USB-C Dock,6,437.52,0.19,2126.35,1232.66,893.69,50,4,0
SO-2022-0671,2022-11-17,2022,11,East,Online,Furniture,Desk Lamp,8,478.23,0.03,3711.06,2330.07,1380.99,73,3,0
SO-2023-0672,2023-09-01,2023,9,West,Online,Office Supplies,Sticky Notes,2,23.9,0,47.8,32.82,14.98,51,2,0
SO-2022-0673,2022-02-05,2022,2,West,Partner,Furniture,Desk Lamp,9,282.22,0.08,2336.78,1616.06,720.72,36,3,0
SO-2022-0674,2022-10-05,2022,10,West,Online,Technology,27-inch Monitor,9,167.24,0,1505.16,1201.54,303.62,54,3,0
SO-2022-0675,2022-01-17,2022,1,South,Partner,Technology,Mechanical Keyboard,10,551.8,0,5518,3723.25,1794.75,,3,0
SO-2022-0676,2022-02-16,2022,2,South,Online,Office Supplies,A4 Paper (500),16,46.56,0,744.96,498.51,246.45,71,3,0
SO-2023-0677,2023-07-18,2023,7,East,Online,Furniture,Bookshelf,2,174.81,0,349.62,200.05,149.57,74,4,1
SO-2021-0678,2021-04-12,2021,4,South,Partner,Furniture,Bookshelf,4,199.35,0.3,558.18,318.7,239.48,42,4,0
SO-2021-0679,2021-01-31,2021,1,East,Retail,Office Supplies,Binder Clips,15,37.55,0,563.25,457.17,106.08,35,5,0
SO-2021-0680,2021-09-10,2021,9,South,Online,Furniture,Bookshelf,1,305.48,0.27,223,166.27,56.73,72,5,0
SO-2023-0681,2023-07-04,2023,7,East,Online,Technology,Webcam,8,182.21,0,1457.68,859.24,598.44,19,5,0
SO-2022-0682,2022-12-11,2022,12,North,Retail,Technology,Mechanical Keyboard,12,186.72,0.01,2218.23,1767.31,450.92,73,,0
SO-2023-0683,2023-09-19,2023,9,South,Online,Furniture,Filing Cabinet,3,346.34,,1039.02,699.2,339.82,37,4,0
SO-2021-0684,2021-10-11,2021,10,South,Retail,Technology,Webcam,2,438.1,0,876.2,484.03,392.17,62,4,0
SO-2023-0685,2023-07-16,2023,7,South,Partner,Furniture,Desk Lamp,9,447.05,0.02,3942.98,3211.08,731.9,65,4,0
SO-2023-0686,2023-08-28,2023,8,North,Online,Furniture,Office Chair,6,304.39,0,1826.34,1430.14,396.2,56,4,0
SO-2023-0687,2023-08-09,2023,8,South,Partner,Furniture,Bookshelf,7,317.81,0.06,2091.19,1603.85,487.34,56,4,0
SO-2023-0688,2023-11-11,2023,11,West,Retail,Furniture,Side Table,2,413.57,0,827.14,612.77,214.37,52,4,0
SO-2022-0689,2022-01-23,2022,1,North,Online,Technology,Webcam,6,479.56,0.16,2416.98,1808.44,608.54,47,,0
SO-2021-0690,2021-03-05,2021,3,East,Online,Office Supplies,A4 Paper (500),6,15.25,0.21,72.28,58.49,13.79,56,4,0
SO-2023-0691,2023-04-26,2023,4,South,Online,Furniture,Bookshelf,6,206.76,0.17,1029.66,786.63,243.03,54,4,0
SO-2021-0692,2021-12-23,2021,12,South,Partner,Technology,Wireless Mouse,7,519.22,0.15,3089.36,2153.01,936.35,69,,0
SO-2021-0693,2021-12-26,2021,12,North,Partner,Technology,Mechanical Keyboard,6,282.69,0,1696.14,1260.43,435.71,24,4,0
SO-2022-0694,2022-11-28,2022,11,North,Partner,Technology,Webcam,4,282.23,0,1128.92,812.18,316.74,39,4,0
SO-2023-0695,2023-12-10,2023,12,North,Online,Office Supplies,Stapler,12,40.14,0.02,472.05,346.78,125.27,52,3,1
SO-2023-0696,2023-10-27,2023,10,North,Online,Furniture,Bookshelf,8,202.66,0.2,1297.02,838.46,458.56,67,4,0
SO-2021-0697,2021-08-25,2021,8,East,Online,Technology,Wireless Mouse,12,226.32,0,2715.84,1506.66,1209.18,45,3,0
SO-2023-0698,2023-02-12,2023,2,North,Partner,Office Supplies,A4 Paper (500),10,7.58,0.04,72.77,47.91,24.86,66,4,0
SO-2023-0699,2023-10-05,2023,10,West,Partner,Furniture,Office Chair,2,266.98,0.15,453.87,344.84,109.03,26,4,0
SO-2023-0700,2023-09-08,2023,9,South,Online,Technology,27-inch Monitor,7,467.35,0.03,3173.31,1974.5,1198.81,28,4,0
SO-2023-0701,2023-10-14,2023,10,East,Partner,Furniture,Bookshelf,9,364.49,0.14,2821.15,1585.74,1235.41,61,,0
SO-2023-0702,2023-12-26,2023,12,South,Online,Office Supplies,Binder Clips,9,30.35,0,273.15,199.64,73.51,32,5,0
SO-2021-0703,2021-02-16,2021,2,West,Online,Furniture,Bookshelf,2,421.38,0,842.76,499.25,343.51,64,5,0
SO-2021-0704,2021-10-16,2021,10,South,Retail,Furniture,Filing Cabinet,7,428.54,0.21,2369.83,1763.81,606.02,38,4,0
SO-2022-0705,2022-02-06,2022,2,South,Retail,Furniture,Filing Cabinet,6,302.1,0.29,1286.95,908.72,378.23,36,4,0
SO-2021-0706,2021-10-23,2021,10,South,Online,Technology,Webcam,11,237.44,0,2611.84,1498.82,1113.02,64,4,0
SO-2022-0707,2022-03-06,2022,3,North,Online,Technology,Webcam,10,371.1,0,3711,2524.28,1186.72,,5,0
SO-2021-0708,2021-01-01,2021,1,West,Retail,Office Supplies,Binder Clips,8,47.79,0,382.32,289.9,92.42,20,4,0
SO-2021-0709,2021-01-04,2021,1,West,Online,Technology,Wireless Mouse,5,364.72,0,1823.6,1292.75,530.85,55,5,0
SO-2023-0710,2023-01-17,2023,1,North,Online,Furniture,Filing Cabinet,8,398.54,0.04,3060.79,2282.61,778.18,46,4,0
SO-2023-0711,2023-10-08,2023,10,South,Retail,Technology,Wireless Mouse,6,370.7,0.26,1645.91,907.95,737.96,43,3,0
SO-2023-0712,2023-10-14,2023,10,North,Partner,Office Supplies,Stapler,6,5.67,0,34.02,22.96,11.06,22,4,0
SO-2022-0713,2022-03-12,2022,3,South,Partner,Furniture,Filing Cabinet,12,436.31,0.08,4816.86,3480.71,1336.15,22,4,0
SO-2021-0714,2021-11-28,2021,11,South,Online,Technology,Webcam,11,135.67,0,1492.37,1093.43,398.94,46,3,1
SO-2021-0715,2021-07-01,2021,7,South,Online,Furniture,Office Chair,3,167.42,0,502.26,393.75,108.51,72,3,0
SO-2021-0716,2021-06-03,2021,6,North,Online,Office Supplies,Binder Clips,17,39.86,0,677.62,419.38,258.24,45,3,0
SO-2023-0717,2023-05-16,2023,5,East,Partner,Technology,Mechanical Keyboard,3,361.29,0.02,1062.19,747.02,315.17,67,4,0
SO-2022-0718,2022-01-31,2022,1,East,Online,Technology,Wireless Mouse,1,280.55,0,280.55,187.37,93.18,44,4,0
SO-2023-0719,2023-10-03,2023,10,West,Online,Furniture,Filing Cabinet,5,271.28,0,1356.4,784.31,572.09,,3,0
SO-2021-0720,2021-01-27,2021,1,North,Online,Office Supplies,A4 Paper (500),4,23.23,0,92.92,71.97,20.95,48,3,0
SO-2021-0721,2021-02-14,2021,2,South,Online,Furniture,Office Chair,9,212.27,0,1910.43,1151.64,758.79,73,4,0
SO-2023-0722,2023-09-07,2023,9,East,Online,Technology,Wireless Mouse,2,620.04,0.15,1054.07,621.22,432.85,56,3,0
SO-2022-0723,2022-01-21,2022,1,West,Online,Office Supplies,Binder Clips,15,25.62,0.12,338.18,213.9,124.28,69,3,0
SO-2023-0724,2023-07-24,2023,7,South,Online,Furniture,Bookshelf,1,408.31,0.06,383.81,238.15,145.66,40,4,0
SO-2021-0725,2021-07-01,2021,7,South,Online,Furniture,Bookshelf,2,163.96,0,327.92,198.56,129.36,30,5,0
SO-2021-0726,2021-11-11,2021,11,West,Online,Technology,USB-C Dock,8,635.83,0.06,4781.44,3486.2,1295.24,43,5,0
SO-2022-0727,2022-09-13,2022,9,East,Online,Office Supplies,A4 Paper (500),8,31.95,0.19,207.04,133.53,73.51,46,2,0
SO-2023-0728,2023-03-24,2023,3,South,Online,Office Supplies,Stapler,13,29.13,0,378.69,274.38,104.31,64,5,0
SO-2021-0729,2021-09-01,2021,9,South,Online,Office Supplies,Stapler,4,9.89,0.16,33.23,25.9,7.33,34,5,0
SO-2023-0730,2023-08-19,2023,8,East,Partner,Office Supplies,A4 Paper (500),5,38.69,0,193.45,140.71,52.74,,5,0
SO-2022-0731,2022-07-13,2022,7,East,Online,Furniture,Office Chair,6,396.81,0,2380.86,1900.91,479.95,20,5,0
SO-2022-0732,2022-05-01,2022,5,South,Online,Office Supplies,Stapler,11,42.78,0,470.58,300.68,169.9,59,4,0
SO-2021-0733,2021-08-13,2021,8,South,Online,Office Supplies,Binder Clips,3,24.6,0.29,52.4,30.66,21.74,47,5,0
SO-2023-0734,2023-05-26,2023,5,North,Partner,Furniture,Desk Lamp,6,292.71,0.12,1545.51,930.01,615.5,57,4,0
SO-2022-0735,2022-02-23,2022,2,West,Online,Furniture,Side Table,7,345.03,0,2415.21,1342.54,1072.67,24,3,0
SO-2021-0736,2021-03-28,2021,3,West,Retail,Office Supplies,A4 Paper (500),5,30.21,0,151.05,123.14,27.91,53,,0
SO-2021-0737,2021-02-28,2021,2,West,Online,Office Supplies,Sticky Notes,14,38.69,0.19,438.74,241.33,197.41,52,5,0
SO-2021-0738,2021-01-02,2021,1,East,Online,Technology,Mechanical Keyboard,4,555.34,0.26,1643.81,1297.45,346.36,66,5,0
SO-2022-0739,2022-10-07,2022,10,West,Online,Furniture,Office Chair,4,261.4,0.11,930.58,725.68,204.9,70,5,0
SO-2021-0740,2021-06-12,2021,6,West,Online,Furniture,Side Table,3,215.62,0.19,523.96,299.53,224.43,25,,0
SO-2021-0741,2021-09-24,2021,9,West,Partner,Office Supplies,A4 Paper (500),10,6.36,0,63.6,36.05,27.55,57,5,0
SO-2023-0742,2023-04-07,2023,4,South,Retail,Furniture,Office Chair,1,233.33,0.07,217,172.61,44.39,,4,0
SO-2022-0743,2022-10-28,2022,10,East,Online,Office Supplies,Sticky Notes,6,37.94,0.05,216.26,154.47,61.79,21,4,0
SO-2022-0744,2022-10-29,2022,10,East,Retail,Office Supplies,A4 Paper (500),8,37.26,0.22,232.5,137.03,95.47,19,3,0
SO-2022-0745,2022-01-24,2022,1,North,Online,Technology,Wireless Mouse,3,279.48,0,838.44,587.54,250.9,26,4,0
SO-2021-0746,2021-01-22,2021,1,South,Online,Technology,Webcam,5,62.46,0.14,268.58,196.82,71.76,52,4,0
SO-2021-0747,2021-10-31,2021,10,South,Retail,Furniture,Bookshelf,14,289.43,0.1,3646.82,2960.57,686.25,24,5,0
SO-2022-0748,2022-09-19,2022,9,West,Retail,Office Supplies,Stapler,7,30.46,0,213.22,126.36,86.86,29,5,0
SO-2022-0749,2022-08-04,2022,8,East,Online,Furniture,Filing Cabinet,14,211.52,0,2961.28,2243.49,717.79,37,5,0
SO-2023-0750,2023-09-03,2023,9,North,Retail,Office Supplies,Stapler,14,17.13,0.09,218.24,121.96,96.28,48,4,0
SO-2022-0751,2022-11-16,2022,11,East,Online,Furniture,Bookshelf,6,255.88,0.01,1519.93,1127.64,392.29,25,4,0
SO-2023-0752,2023-07-08,2023,7,West,Partner,Furniture,Office Chair,5,226.79,0.27,827.78,558.44,269.34,42,5,0
SO-2022-0753,2022-03-18,2022,3,West,Online,Office Supplies,A4 Paper (500),12,31.12,0.02,365.97,263.65,102.32,19,3,0
SO-2021-0754,2021-05-30,2021,5,South,Online,Technology,Mechanical Keyboard,7,351.3,0,2459.1,1498.47,960.63,,4,0
SO-2022-0755,2022-04-18,2022,4,North,Retail,Furniture,Side Table,7,406.15,0.05,2700.9,1589.98,1110.92,63,2,0
SO-2023-0756,2023-07-13,2023,7,North,Online,Furniture,Filing Cabinet,12,343.65,0.12,3628.94,2831.99,796.95,46,4,0
SO-2023-0757,2023-12-13,2023,12,South,Online,Furniture,Desk Lamp,10,327.95,0,3279.5,2214.79,1064.71,41,5,1
SO-2021-0758,2021-03-26,2021,3,North,Retail,Technology,Mechanical Keyboard,1,367.28,0.15,312.19,233.59,78.6,24,3,0
SO-2021-0759,2021-01-17,2021,1,South,Retail,Furniture,Side Table,4,166.37,0,665.48,470.94,194.54,69,,1
SO-2023-0760,2023-05-07,2023,5,South,Online,Furniture,Desk Lamp,12,283.14,0,3397.68,2147.88,1249.8,20,5,0
SO-2023-0761,2023-04-22,2023,4,East,Online,Technology,USB-C Dock,11,518.29,0,5701.19,3434.07,2267.12,,3,1
SO-2023-0762,2023-12-07,2023,12,South,Retail,Furniture,Filing Cabinet,10,147.8,0.09,1344.98,1006.72,338.26,56,4,0
SO-2023-0763,2023-09-19,2023,9,West,Partner,Technology,Mechanical Keyboard,6,377.44,0,2264.64,1824.38,440.26,62,4,0
SO-2023-0764,2023-11-04,2023,11,West,Online,Office Supplies,Sticky Notes,9,31.8,0,286.2,215.66,70.54,67,3,0
SO-2023-0765,2023-02-20,2023,2,East,Partner,Technology,Wireless Mouse,9,375.73,0.06,3178.68,1965.79,1212.89,30,3,0
SO-2022-0766,2022-11-05,2022,11,West,Online,Office Supplies,Binder Clips,1,12.66,0.16,10.63,6.89,3.74,,5,0
SO-2023-0767,2023-10-30,2023,10,South,Online,Technology,Mechanical Keyboard,6,483.99,0,2903.94,1621.46,1282.48,28,3,0
SO-2022-0768,2022-08-17,2022,8,East,Partner,Office Supplies,Sticky Notes,13,52.1,0.19,548.61,370.89,177.72,,,0
SO-2021-0769,2021-09-21,2021,9,South,Online,Office Supplies,Sticky Notes,22,28.38,0.07,580.65,471.41,109.24,32,3,1
SO-2023-0770,2023-04-07,2023,4,South,Online,Furniture,Office Chair,5,140.01,0,700.05,399.8,300.25,19,4,0
SO-2021-0771,2021-02-27,2021,2,West,Online,Technology,Wireless Mouse,6,395.9,0.22,1852.81,1181.02,671.79,49,5,0
SO-2021-0772,2021-04-10,2021,4,East,Online,Furniture,Bookshelf,2,219.79,0,439.58,299.64,139.94,49,3,0
SO-2022-0773,2022-07-18,2022,7,West,Online,Office Supplies,Sticky Notes,11,34.49,0,379.39,287.54,91.85,22,4,0
SO-2021-0774,2021-01-25,2021,1,West,Retail,Office Supplies,Gel Pen Pack,5,48.48,0,242.4,193.49,48.91,50,3,0
SO-2023-0775,2023-04-24,2023,4,North,Online,Furniture,Filing Cabinet,12,212.19,0.07,2368.04,1380.75,987.29,57,3,0
SO-2021-0776,2021-05-12,2021,5,South,Online,Furniture,Side Table,11,250.88,0.06,2594.1,1670.96,923.14,67,4,0
SO-2022-0777,2022-06-18,2022,6,West,Online,Furniture,Office Chair,11,344.35,0.23,2916.64,1764.89,1151.75,37,5,0
SO-2021-0778,2021-05-04,2021,5,West,Online,Furniture,Filing Cabinet,10,172.79,0,1727.9,1314.25,413.65,23,4,0
SO-2021-0779,2021-03-06,2021,3,South,Online,Office Supplies,Gel Pen Pack,2,38.97,0.05,74.04,41.2,32.84,46,4,0
SO-2023-0780,2023-05-29,2023,5,East,Partner,Furniture,Filing Cabinet,9,378.87,0.29,2420.98,1587.12,833.86,71,4,0
SO-2023-0781,2023-04-21,2023,4,West,Online,Technology,USB-C Dock,7,431.69,0.14,2598.77,1585.64,1013.13,,3,0
SO-2023-0782,2023-12-29,2023,12,North,Partner,Office Supplies,Sticky Notes,4,36.81,0,147.24,100.86,46.38,56,4,0
SO-2022-0783,2022-08-28,2022,8,South,Retail,Office Supplies,Sticky Notes,11,36.04,0.15,336.97,200.6,136.37,33,4,0
SO-2021-0784,2021-04-03,2021,4,South,Online,Furniture,Filing Cabinet,9,269.8,0,2428.2,1605.17,823.03,19,4,0
SO-2022-0785,2022-10-15,2022,10,East,Retail,Technology,Mechanical Keyboard,11,221.71,0,2438.81,1718.74,720.07,40,3,0
SO-2021-0786,2021-12-11,2021,12,North,Online,Furniture,Filing Cabinet,3,160.97,0.17,400.82,226.24,174.58,63,4,0
SO-2023-0787,2023-10-17,2023,10,East,Online,Office Supplies,Binder Clips,3,25.92,0.01,76.98,48.48,28.5,27,5,0
SO-2023-0788,2023-01-28,2023,1,North,Online,Office Supplies,Gel Pen Pack,1,7.06,0.29,5.01,3.05,1.96,39,,0
SO-2021-0789,2021-10-06,2021,10,North,Retail,Technology,Wireless Mouse,3,291.68,0,875.04,691.38,183.66,28,4,0
SO-2022-0790,2022-11-15,2022,11,South,Online,Office Supplies,Binder Clips,13,32.76,0,425.88,270.7,155.18,73,4,0
SO-2022-0791,2022-12-15,2022,12,South,Online,Office Supplies,A4 Paper (500),5,30.81,0.06,144.81,90.04,54.77,25,4,0
SO-2022-0792,2022-04-18,2022,4,South,Online,Technology,Mechanical Keyboard,5,468.86,0.25,1758.23,1286.88,471.35,41,3,1
SO-2023-0793,2023-12-13,2023,12,South,Partner,Office Supplies,Sticky Notes,10,19.23,0,192.3,143.74,48.56,19,3,0
SO-2022-0794,2022-08-14,2022,8,West,Retail,Office Supplies,Gel Pen Pack,10,34.76,,347.6,271.28,76.32,55,4,0
SO-2021-0795,2021-11-10,2021,11,South,Online,Furniture,Filing Cabinet,4,186.16,0,744.64,584.21,160.43,71,5,0
SO-2023-0796,2023-10-13,2023,10,West,Online,Office Supplies,A4 Paper (500),7,24.8,0,173.6,123.94,49.66,27,4,1
SO-2023-0797,2023-12-26,2023,12,North,Partner,Office Supplies,Gel Pen Pack,11,31.12,0.14,294.4,192.22,102.18,68,5,0
SO-2023-0798,2023-04-09,2023,4,East,Online,Office Supplies,A4 Paper (500),14,29.3,0,410.2,250.63,159.57,64,4,0
SO-2022-0799,2022-04-03,2022,4,North,Online,Technology,Webcam,10,66.64,0.25,499.8,284.75,215.05,71,3,0
SO-2023-0800,2023-05-06,2023,5,North,Partner,Technology,Webcam,5,539.39,0,2696.95,2200.76,496.19,,5,0
SO-2023-0801,2023-11-16,2023,11,South,Partner,Furniture,Desk Lamp,10,252.14,0,2521.4,2006.42,514.98,24,4,0
SO-2023-0802,2023-07-04,2023,7,West,Online,Technology,27-inch Monitor,14,59.26,0,829.64,519.3,310.34,,5,0
SO-2021-0803,2021-01-05,2021,1,North,Retail,Furniture,Bookshelf,3,375.01,0.28,810.02,448.17,361.85,59,3,0
SO-2023-0804,2023-08-09,2023,8,East,Retail,Technology,27-inch Monitor,5,108.27,0.03,525.11,420.95,104.16,33,4,0
SO-2022-0805,2022-04-22,2022,4,West,Online,Technology,USB-C Dock,11,414.75,0,4562.25,3034.86,1527.39,23,4,0
SO-2023-0806,2023-05-01,2023,5,North,Online,Office Supplies,Stapler,3,35.27,0.15,89.94,60.08,29.86,20,3,1
SO-2023-0807,2023-08-28,2023,8,East,Online,Office Supplies,Gel Pen Pack,11,14.89,0.27,119.57,75.25,44.32,,5,0
SO-2022-0808,2022-07-10,2022,7,West,Retail,Technology,27-inch Monitor,12,414.93,0.07,4630.62,3678.23,952.39,51,4,0
SO-2021-0809,2021-02-26,2021,2,East,Online,Furniture,Bookshelf,9,486.49,0.03,4247.06,2682.63,1564.43,54,4,0
SO-2022-0810,2022-02-05,2022,2,North,Online,Furniture,Desk Lamp,12,251.99,0,3023.88,2370.56,653.32,29,4,0
SO-2023-0811,2023-06-08,2023,6,North,Online,Furniture,Desk Lamp,4,365.92,0.13,1273.4,970.38,303.02,44,3,0
SO-2023-0812,2023-04-26,2023,4,East,Online,Furniture,Side Table,7,247.6,0,1733.2,1242.86,490.34,58,3,0
SO-2021-0813,2021-06-17,2021,6,West,Retail,Office Supplies,Binder Clips,6,42.51,0.01,252.51,187.34,65.17,55,5,0
SO-2023-0814,2023-10-29,2023,10,West,Online,Office Supplies,A4 Paper (500),4,21.91,0.08,80.63,50.47,30.16,67,5,0
SO-2021-0815,2021-11-11,2021,11,West,Online,Technology,Wireless Mouse,9,633.7,0,5703.3,3771.92,1931.38,32,5,0
SO-2022-0816,2022-08-10,2022,8,East,Online,Furniture,Desk Lamp,9,372.55,0.21,2648.83,1856.38,792.45,36,5,0
SO-2023-0817,2023-06-27,2023,6,North,Online,Furniture,Bookshelf,12,255.81,0.01,3039.02,1972.78,1066.24,63,4,0
SO-2022-0818,2022-08-01,2022,8,North,Online,Technology,USB-C Dock,12,321.82,0.12,3398.42,2503.26,895.16,38,4,0
SO-2023-0819,2023-08-16,2023,8,South,Online,Furniture,Filing Cabinet,6,167.61,0.08,925.21,637.34,287.87,,5,0
SO-2022-0820,2022-05-18,2022,5,East,Online,Office Supplies,Sticky Notes,7,38.67,0,270.69,166.1,104.59,28,5,0
SO-2021-0821,2021-06-05,2021,6,South,Partner,Furniture,Desk Lamp,2,130.95,0.26,193.81,138.93,54.88,63,3,0
SO-2021-0822,2021-03-25,2021,3,North,Online,Technology,27-inch Monitor,11,267.8,0.29,2091.52,1701.98,389.54,49,3,0
SO-2023-0823,2023-10-13,2023,10,West,Partner,Office Supplies,Stapler,11,12.28,0,135.08,103.6,31.48,62,4,0
SO-2022-0824,2022-11-01,2022,11,North,Online,Office Supplies,Sticky Notes,13,23.21,0,301.73,188.89,112.84,60,3,0
SO-2022-0825,2022-02-19,2022,2,North,Partner,Office Supplies,A4 Paper (500),8,23.45,0,187.6,112.41,75.19,28,2,0
SO-2023-0826,2023-07-07,2023,7,West,Retail,Office Supplies,Sticky Notes,9,50.24,0.27,330.08,224.58,105.5,74,5,0
SO-2021-0827,2021-02-10,2021,2,North,Online,Office Supplies,Binder Clips,9,43.28,,389.52,317.91,71.61,71,2,0
SO-2022-0828,2022-12-24,2022,12,South,Online,Technology,27-inch Monitor,10,77.15,0.21,609.49,393.87,215.62,55,4,0
SO-2023-0829,2023-09-28,2023,9,East,Online,Furniture,Side Table,8,444.52,0.13,3093.86,2030.17,1063.69,69,4,0
SO-2022-0830,2022-03-15,2022,3,South,Partner,Office Supplies,A4 Paper (500),11,12.68,0,139.48,86.15,53.33,52,5,0
SO-2021-0831,2021-01-12,2021,1,South,Online,Technology,27-inch Monitor,5,365.7,0,1828.5,1123.01,705.49,29,5,0
SO-2023-0832,2023-11-04,2023,11,South,Partner,Technology,Webcam,10,150.53,0.06,1414.98,917.5,497.48,53,4,0
SO-2022-0833,2022-05-09,2022,5,West,Partner,Technology,27-inch Monitor,6,145.81,0.17,726.13,549.1,177.03,,4,0
SO-2022-0834,2022-05-12,2022,5,South,Online,Technology,USB-C Dock,6,153.69,0.26,682.38,376.92,305.46,45,4,1
SO-2023-0835,2023-11-05,2023,11,North,Retail,Furniture,Filing Cabinet,13,351.24,0.16,3835.54,2852.15,983.39,53,4,0
SO-2022-0836,2022-04-23,2022,4,South,Online,Office Supplies,Stapler,8,9.56,0,76.48,43.85,32.63,67,5,0
SO-2021-0837,2021-09-27,2021,9,North,Partner,Office Supplies,A4 Paper (500),9,26.74,0,240.66,175.62,65.04,64,,0
SO-2021-0838,2021-05-19,2021,5,South,Retail,Furniture,Bookshelf,10,321.04,0,3210.4,2101.11,1109.29,48,4,0
SO-2023-0839,2023-08-17,2023,8,North,Online,Office Supplies,Sticky Notes,11,39.51,0.29,308.57,207.19,101.38,45,5,0
SO-2021-0840,2021-11-21,2021,11,North,Retail,Office Supplies,A4 Paper (500),10,26.11,0.2,208.88,157.79,51.09,42,2,0
SO-2022-0841,2022-08-07,2022,8,South,Online,Technology,Mechanical Keyboard,3,248.59,0.19,604.07,402.33,201.74,71,5,0
SO-2022-0842,2022-01-29,2022,1,South,Online,Technology,USB-C Dock,14,516.95,0.02,7092.55,4065.99,3026.56,20,3,0
SO-2021-0843,2021-02-14,2021,2,North,Partner,Furniture,Bookshelf,4,416,0.17,1381.12,787.44,593.68,31,5,0
SO-2023-0844,2023-11-09,2023,11,East,Retail,Furniture,Side Table,6,217.39,0,1304.34,885.48,418.86,68,4,0
SO-2023-0845,2023-03-14,2023,3,North,Online,Furniture,Office Chair,5,219.71,0,1098.55,784.7,313.85,38,5,0
SO-2021-0846,2021-11-13,2021,11,South,Online,Office Supplies,Gel Pen Pack,9,23.24,0.2,167.33,115.15,52.18,47,4,0
SO-2023-0847,2023-05-26,2023,5,South,Online,Office Supplies,A4 Paper (500),4,15.66,0.01,62.01,44.37,17.64,23,3,0
SO-2021-0848,2021-03-06,2021,3,North,Online,Technology,Mechanical Keyboard,11,185.51,0,2040.61,1574.01,466.6,18,5,0
SO-2022-0849,2022-09-29,2022,9,North,Online,Furniture,Side Table,5,252.46,0,1262.3,833.91,428.39,20,5,0
SO-2022-0850,2022-09-27,2022,9,West,Online,Office Supplies,Sticky Notes,5,16.19,,80.95,47.69,33.26,28,5,1
SO-2023-0851,2023-05-13,2023,5,West,Retail,Office Supplies,A4 Paper (500),9,7.29,0.04,62.99,36.22,26.77,22,4,0
SO-2023-0852,2023-08-22,2023,8,South,Partner,Furniture,Bookshelf,9,150.47,0.13,1178.18,890.15,288.03,18,5,0
SO-2023-0853,2023-03-14,2023,3,West,Online,Furniture,Office Chair,16,407.14,0.13,5667.39,4390.94,1276.45,69,5,0
SO-2023-0854,2023-01-23,2023,1,South,Partner,Furniture,Bookshelf,6,376.9,0.13,1967.42,1348.49,618.93,48,4,0
SO-2022-0855,2022-09-08,2022,9,South,Online,Furniture,Filing Cabinet,6,247.79,0,1486.74,934.24,552.5,58,5,0
SO-2021-0856,2021-11-18,2021,11,West,Online,Technology,USB-C Dock,1,141.91,0.16,119.2,92.03,27.17,32,3,0
SO-2022-0857,2022-03-23,2022,3,North,Partner,Technology,Wireless Mouse,7,335.05,0,2345.35,1724.13,621.22,44,4,1
SO-2023-0858,2023-04-29,2023,4,South,Partner,Office Supplies,Gel Pen Pack,15,33.36,0,500.4,343.82,156.58,57,4,0
SO-2021-0859,2021-07-29,2021,7,West,Partner,Office Supplies,Stapler,7,35.32,0,247.24,176.52,70.72,71,4,0
SO-2023-0860,2023-08-19,2023,8,North,Online,Technology,27-inch Monitor,6,358.21,0.21,1697.92,1042.47,655.45,63,5,0
SO-2022-0861,2022-12-03,2022,12,South,Retail,Office Supplies,A4 Paper (500),8,18.99,0.15,129.13,77.81,51.32,43,3,0
SO-2022-0862,2022-04-03,2022,4,East,Online,Office Supplies,Binder Clips,14,25.21,0.12,310.59,238.13,72.46,73,3,0
SO-2021-0863,2021-09-22,2021,9,West,Partner,Technology,Webcam,9,279.15,0,2512.35,1644.9,867.45,72,3,0
SO-2021-0864,2021-07-17,2021,7,North,Online,Technology,Webcam,8,61.19,0.23,376.93,254.36,122.57,18,5,0
SO-2022-0865,2022-05-20,2022,5,North,Online,Furniture,Filing Cabinet,15,131.59,0.25,1480.39,866.11,614.28,40,4,0
SO-2022-0866,2022-06-16,2022,6,South,Retail,Furniture,Desk Lamp,14,242.49,0.08,3123.27,2451.97,671.3,53,4,0
SO-2021-0867,2021-08-01,2021,8,West,Online,Office Supplies,A4 Paper (500),10,32.11,0.11,285.78,176.15,109.63,41,4,0
SO-2023-0868,2023-04-26,2023,4,East,Online,Technology,Wireless Mouse,1,385,0.14,331.1,208.41,122.69,37,3,0
SO-2021-0869,2021-01-02,2021,1,North,Online,Technology,Wireless Mouse,2,208.7,0.27,304.7,215.9,88.8,47,4,0
SO-2022-0870,2022-03-03,2022,3,North,Retail,Office Supplies,Stapler,13,24.34,0.07,294.27,229.44,64.83,44,4,0
SO-2023-0871,2023-06-01,2023,6,North,Online,Technology,USB-C Dock,11,194.19,0,2136.09,1284,852.09,55,3,0
SO-2023-0872,2023-11-06,2023,11,North,Online,Furniture,Desk Lamp,4,119.57,0.19,387.41,246.1,141.31,62,4,0
SO-2021-0873,2021-11-11,2021,11,East,Retail,Technology,USB-C Dock,4,595.1,0,2380.4,1717.22,663.18,62,5,0
SO-2023-0874,2023-03-02,2023,3,West,Partner,Furniture,Side Table,3,245.02,0,735.06,465.71,269.35,29,4,0
SO-2022-0875,2022-11-29,2022,11,North,Online,Technology,Webcam,7,544.02,0,3808.14,2812.18,995.96,55,5,0
SO-2023-0876,2023-07-06,2023,7,South,Online,Office Supplies,Binder Clips,13,41.38,0.12,473.39,324.72,148.67,43,4,1
SO-2021-0877,2021-10-21,2021,10,West,Online,Technology,27-inch Monitor,2,218.74,0.09,398.11,237.26,160.85,58,4,1
SO-2023-0878,2023-03-30,2023,3,North,Online,Technology,Wireless Mouse,6,522.82,0,3136.92,2152.2,984.72,57,4,0
SO-2023-0879,2023-08-29,2023,8,East,Online,Furniture,Desk Lamp,5,390.98,0.06,1837.61,1456.68,380.93,31,4,0
SO-2022-0880,2022-12-02,2022,12,East,Online,Furniture,Filing Cabinet,12,162.61,0,1951.32,1091.15,860.17,48,5,0
SO-2023-0881,2023-12-03,2023,12,East,Retail,Technology,Webcam,12,277.52,0.11,2963.91,2417.25,546.66,20,5,0
SO-2022-0882,2022-01-08,2022,1,South,Online,Furniture,Office Chair,4,428.43,0,1713.72,1377.57,336.15,73,3,1
SO-2021-0883,2021-06-01,2021,6,South,Online,Office Supplies,A4 Paper (500),2,18.84,0,37.68,21.79,15.89,56,4,0
SO-2022-0884,2022-07-11,2022,7,North,Online,Furniture,Filing Cabinet,4,125.79,0.15,427.69,338.49,89.2,46,5,0
SO-2021-0885,2021-08-28,2021,8,West,Online,Technology,Wireless Mouse,9,398.74,0.09,3265.68,1929.57,1336.11,54,3,0
SO-2023-0886,2023-12-31,2023,12,North,Online,Furniture,Office Chair,3,306.25,0.15,780.94,607.88,173.06,,3,0
SO-2022-0887,2022-04-30,2022,4,East,Online,Furniture,Filing Cabinet,11,478.94,0.02,5162.97,3578.43,1584.54,34,4,0
SO-2022-0888,2022-03-11,2022,3,West,Partner,Furniture,Side Table,4,450.99,0.17,1497.29,1176.04,321.25,18,2,0
SO-2021-0889,2021-03-29,2021,3,East,Online,Technology,Wireless Mouse,11,569.39,0,6263.29,4430.39,1832.9,72,4,0
SO-2021-0890,2021-10-27,2021,10,West,Retail,Office Supplies,Gel Pen Pack,9,16.75,0,150.75,92.7,58.05,34,4,0
SO-2021-0891,2021-10-06,2021,10,North,Partner,Office Supplies,Gel Pen Pack,6,34.32,0.08,189.45,143.86,45.59,64,3,0
SO-2021-0892,2021-04-06,2021,4,East,Partner,Office Supplies,A4 Paper (500),12,29.72,0,356.64,197.16,159.48,59,4,0
SO-2023-0893,2023-06-04,2023,6,West,Online,Technology,Wireless Mouse,5,206.38,0.18,846.16,558.61,287.55,44,4,0
SO-2022-0894,2022-07-14,2022,7,West,Online,Office Supplies,Sticky Notes,3,35.93,0.24,81.92,46.27,35.65,73,3,0
SO-2021-0895,2021-08-16,2021,8,South,Online,Office Supplies,Sticky Notes,8,14.97,0.24,91.02,63.03,27.99,53,3,0
SO-2023-0896,2023-11-14,2023,11,West,Online,Technology,Mechanical Keyboard,4,62.25,0,249,199.64,49.36,27,4,0
SO-2022-0897,2022-10-27,2022,10,West,Partner,Technology,USB-C Dock,9,562.38,0,5061.42,3545.92,1515.5,74,3,0
SO-2022-0898,2022-07-08,2022,7,South,Online,Office Supplies,A4 Paper (500),2,26.16,0.07,48.66,27.82,20.84,64,4,0
SO-2023-0899,2023-06-29,2023,6,North,Online,Office Supplies,Gel Pen Pack,6,22.3,0.11,119.08,83.45,35.63,62,5,0
SO-2021-0900,2021-09-20,2021,9,West,Online,Technology,Webcam,19,291.43,0,5537.17,4084.27,1452.9,65,4,0
SO-2021-0901,2021-08-03,2021,8,West,Online,Office Supplies,Stapler,9,18.63,0,167.67,93.68,73.99,20,5,0
SO-2022-0902,2022-07-02,2022,7,East,Online,Technology,Webcam,14,151.52,0,2121.28,1667.62,453.66,40,4,0
SO-2022-0903,2022-07-14,2022,7,North,Online,Office Supplies,A4 Paper (500),6,43.24,0,259.44,162.4,97.04,69,5,0
SO-2021-0904,2021-07-27,2021,7,North,Partner,Office Supplies,Sticky Notes,17,19.78,0.3,235.38,148.21,87.17,27,4,0
SO-2023-0905,2023-02-14,2023,2,South,Partner,Office Supplies,Binder Clips,15,31.53,0,472.95,286.36,186.59,70,4,0
SO-2022-0906,2022-05-26,2022,5,North,Online,Furniture,Bookshelf,16,250.28,0.01,3964.44,2582.04,1382.4,,4,0
SO-2022-0907,2022-05-21,2022,5,South,Partner,Technology,USB-C Dock,5,497.82,0,2489.1,1524.27,964.83,59,4,0
SO-2023-0908,2023-03-17,2023,3,West,Online,Technology,Mechanical Keyboard,9,252.71,0.21,1796.77,1210.75,586.02,,5,0
SO-2021-0909,2021-11-12,2021,11,South,Retail,Office Supplies,Sticky Notes,5,19.09,0,95.45,74.42,21.03,,3,0
SO-2022-0910,2022-09-23,2022,9,South,Retail,Technology,USB-C Dock,14,512.14,0,7169.96,5375.61,1794.35,20,5,0
SO-2021-0911,2021-01-23,2021,1,North,Online,Furniture,Desk Lamp,2,193.13,0.23,297.42,180.29,117.13,19,3,0
SO-2021-0912,2021-05-27,2021,5,West,Retail,Technology,USB-C Dock,5,183.54,0.11,816.75,556.23,260.52,64,,0
SO-2021-0913,2021-06-15,2021,6,East,Partner,Furniture,Desk Lamp,4,270.73,0,1082.92,726.96,355.96,29,5,0
SO-2021-0914,2021-02-26,2021,2,North,Online,Technology,USB-C Dock,4,426.95,0,1707.8,1280.14,427.66,54,3,0
SO-2021-0915,2021-05-08,2021,5,South,Online,Technology,Webcam,17,572.21,0,9727.57,6293.13,3434.44,31,4,0
SO-2022-0916,2022-07-04,2022,7,South,Online,Furniture,Bookshelf,12,193.78,,2325.36,1816.13,509.23,63,5,0
SO-2022-0917,2022-11-01,2022,11,North,Retail,Office Supplies,Sticky Notes,2,29.39,0.22,45.85,33.76,12.09,70,5,0
SO-2021-0918,2021-01-01,2021,1,East,Online,Office Supplies,Gel Pen Pack,19,49.8,0.13,823.19,507.23,315.96,57,4,0
SO-2022-0919,2022-07-19,2022,7,North,Retail,Furniture,Office Chair,7,246.82,0,1727.74,966.21,761.53,58,3,0
SO-2022-0920,2022-04-20,2022,4,West,Retail,Office Supplies,Gel Pen Pack,21,43.77,0.07,854.83,599.68,255.15,47,3,0
SO-2022-0921,2022-09-19,2022,9,South,Online,Technology,27-inch Monitor,5,264.32,0.04,1268.74,706.95,561.79,25,3,0
SO-2022-0922,2022-12-04,2022,12,West,Online,Office Supplies,Gel Pen Pack,6,8.23,0,49.38,27.55,21.83,19,3,0
SO-2021-0923,2021-04-16,2021,4,West,Online,Furniture,Filing Cabinet,7,287.08,0.27,1466.98,1164.5,302.48,58,5,0
SO-2023-0924,2023-12-20,2023,12,North,Online,Office Supplies,Binder Clips,4,32.04,0.2,102.53,76.61,25.92,45,3,0
SO-2021-0925,2021-08-06,2021,8,South,Online,Technology,27-inch Monitor,15,549.78,0,8246.7,5912.46,2334.24,45,4,1
SO-2023-0926,2023-09-07,2023,9,West,Online,Technology,27-inch Monitor,2,245.78,0.28,353.92,279.26,74.66,30,5,0
SO-2022-0927,2022-04-29,2022,4,East,Online,Technology,USB-C Dock,3,496.09,0.18,1220.38,968.77,251.61,66,3,0
SO-2021-0928,2021-09-05,2021,9,South,Retail,Office Supplies,Gel Pen Pack,13,23.45,0.17,253.03,201.72,51.31,68,3,1
SO-2021-0929,2021-10-31,2021,10,North,Online,Technology,USB-C Dock,7,349.39,0,2445.73,1629.09,816.64,70,3,0
SO-2021-0930,2021-02-06,2021,2,North,Online,Furniture,Office Chair,13,242.36,0.03,3056.16,1881.02,1175.14,28,3,0
SO-2023-0931,2023-04-10,2023,4,South,Online,Technology,Webcam,9,122.57,0,1103.13,615.46,487.67,28,4,1
SO-2023-0932,2023-05-17,2023,5,East,Online,Furniture,Desk Lamp,12,192.24,0.04,2214.6,1760.82,453.78,47,4,0
SO-2022-0933,2022-11-28,2022,11,West,Online,Furniture,Bookshelf,4,263.47,0.19,853.64,504.74,348.9,19,4,0
SO-2022-0934,2022-05-30,2022,5,West,Partner,Furniture,Side Table,8,369.92,0,2959.36,1704.47,1254.89,66,4,0
SO-2023-0935,2023-01-02,2023,1,South,Retail,Technology,USB-C Dock,4,478.61,0,1914.44,1325.57,588.87,20,3,0
SO-2023-0936,2023-07-11,2023,7,South,Online,Furniture,Office Chair,11,290.93,0.07,2976.21,2341.21,635,70,4,0
SO-2022-0937,2022-01-02,2022,1,South,Online,Technology,Webcam,11,53.47,0.16,494.06,320.69,173.37,45,5,0
SO-2023-0938,2023-04-05,2023,4,North,Online,Furniture,Office Chair,2,400.88,0,801.76,548.98,252.78,31,,0
SO-2022-0939,2022-10-08,2022,10,North,Online,Furniture,Desk Lamp,5,315.03,0.02,1543.65,1092.24,451.41,26,4,0
SO-2021-0940,2021-03-05,2021,3,West,Retail,Office Supplies,Stapler,19,42.36,0,804.84,450.91,353.93,25,3,1
SO-2023-0941,2023-06-22,2023,6,East,Retail,Office Supplies,Stapler,9,12.68,0.1,102.71,58.47,44.24,,5,0
SO-2023-0942,2023-06-14,2023,6,East,Retail,Technology,USB-C Dock,14,321.37,0.12,3959.28,2872.98,1086.3,62,5,0
SO-2022-0943,2022-09-22,2022,9,West,Online,Furniture,Desk Lamp,8,423.41,0.11,3014.68,2325.95,688.73,73,5,0
SO-2021-0944,2021-12-16,2021,12,South,Retail,Office Supplies,Sticky Notes,2,15.01,0,30.02,18.07,11.95,39,5,0
SO-2021-0945,2021-03-07,2021,3,North,Partner,Technology,USB-C Dock,1,570.26,0.05,541.75,420.84,120.91,67,4,0
SO-2023-0946,2023-05-12,2023,5,East,Retail,Technology,USB-C Dock,2,519.61,0,1039.22,846.14,193.08,27,4,0
SO-2022-0947,2022-04-19,2022,4,North,Partner,Office Supplies,Sticky Notes,9,14.7,0,132.3,89.83,42.47,21,3,0
SO-2022-0948,2022-12-20,2022,12,West,Online,Furniture,Desk Lamp,16,207.66,0,3322.56,2246.27,1076.29,47,5,0
SO-2021-0949,2021-09-12,2021,9,South,Online,Furniture,Bookshelf,3,275.93,0.27,604.29,483.89,120.4,50,4,0
SO-2022-0950,2022-08-06,2022,8,East,Retail,Furniture,Side Table,1,453.71,0,453.71,335.51,118.2,21,5,0
SO-2022-0951,2022-05-20,2022,5,South,Online,Office Supplies,Binder Clips,12,45.15,0,541.8,343.03,198.77,53,5,0
SO-2022-0952,2022-03-31,2022,3,South,Partner,Furniture,Filing Cabinet,12,134.65,0.19,1308.8,948.46,360.34,47,3,0
SO-2022-0953,2022-04-09,2022,4,North,Retail,Office Supplies,A4 Paper (500),4,11.41,0.23,35.14,28.14,7,69,4,0
SO-2021-0954,2021-10-16,2021,10,East,Partner,Furniture,Desk Lamp,4,485.21,0.01,1921.43,1543.23,378.2,56,3,1
SO-2023-0955,2023-09-22,2023,9,North,Partner,Furniture,Office Chair,12,365.67,0.25,3291.03,2080.38,1210.65,38,4,0
SO-2023-0956,2023-12-12,2023,12,North,Online,Furniture,Office Chair,11,322.51,0,3547.61,2478.47,1069.14,44,,0
SO-2021-0957,2021-09-23,2021,9,North,Online,Technology,Mechanical Keyboard,5,70.17,0,350.85,285.86,64.99,48,3,0
SO-2022-0958,2022-11-22,2022,11,East,Partner,Technology,Webcam,9,113.9,0.29,727.82,434.27,293.55,55,3,0
SO-2021-0959,2021-09-14,2021,9,East,Online,Technology,Mechanical Keyboard,10,284.02,0.1,2556.18,1973.36,582.82,38,4,0
SO-2022-0960,2022-12-17,2022,12,East,Retail,Office Supplies,Gel Pen Pack,10,50.08,0.26,370.59,235.61,134.98,24,5,1
SO-2022-0961,2022-12-27,2022,12,West,Online,Office Supplies,Stapler,25,14.56,0,364,284.48,79.52,71,4,0
SO-2021-0962,2021-11-11,2021,11,East,Online,Technology,USB-C Dock,12,141.07,0.13,1472.77,1110.33,362.44,,4,0
SO-2022-0963,2022-03-27,2022,3,North,Partner,Furniture,Side Table,19,402.01,0.19,6186.93,4506.76,1680.17,35,4,1
SO-2022-0964,2022-05-24,2022,5,South,Online,Furniture,Filing Cabinet,1,309.6,0.22,241.49,186.42,55.07,41,3,0
SO-2022-0965,2022-12-12,2022,12,South,Retail,Technology,Webcam,14,551.07,0.16,6480.58,3681.61,2798.97,39,5,0
SO-2023-0966,2023-10-16,2023,10,East,Online,Office Supplies,A4 Paper (500),7,22.4,0,156.8,105.02,51.78,34,5,0
SO-2023-0967,2023-11-04,2023,11,North,Retail,Furniture,Office Chair,7,389.51,0.18,2235.79,1491.81,743.98,,3,0
SO-2023-0968,2023-08-07,2023,8,North,Partner,Furniture,Desk Lamp,11,416.63,0,4582.93,3364.35,1218.58,49,4,0
SO-2023-0969,2023-03-17,2023,3,West,Partner,Office Supplies,A4 Paper (500),12,41.23,0,494.76,274.88,219.88,,5,0
SO-2022-0970,2022-11-16,2022,11,East,Partner,Furniture,Office Chair,7,433.86,0,3037.02,2374.91,662.11,39,4,0
SO-2021-0971,2021-01-22,2021,1,North,Partner,Furniture,Filing Cabinet,11,294.51,0,3239.61,2484.35,755.26,62,4,0
SO-2023-0972,2023-02-16,2023,2,East,Online,Office Supplies,Stapler,7,51.6,0.1,325.08,196.81,128.27,70,2,0
SO-2022-0973,2022-04-17,2022,4,West,Online,Office Supplies,Sticky Notes,12,14.84,0.12,156.71,123,33.71,41,3,0
SO-2022-0974,2022-06-15,2022,6,East,Online,Office Supplies,A4 Paper (500),3,8.77,0,26.31,20.67,5.64,44,5,0
SO-2021-0975,2021-08-27,2021,8,North,Partner,Office Supplies,Stapler,1,35.18,0,35.18,22.16,13.02,41,5,0
SO-2021-0976,2021-05-03,2021,5,South,Retail,Office Supplies,Sticky Notes,2,22.78,0.21,35.99,22.24,13.75,65,4,0
SO-2021-0977,2021-12-08,2021,12,West,Online,Technology,Webcam,8,579.88,0.15,3943.18,2169.23,1773.95,51,5,0
SO-2023-0978,2023-05-15,2023,5,South,Partner,Furniture,Side Table,2,395.58,0.06,743.69,475.16,268.53,18,4,0
SO-2022-0979,2022-03-03,2022,3,South,Partner,Office Supplies,Stapler,4,22.46,0.15,76.36,42.76,33.6,60,3,0
SO-2021-0980,2021-09-16,2021,9,East,Online,Furniture,Side Table,7,483.94,0.07,3150.45,2223.1,927.35,62,3,0
SO-2022-0981,2022-08-28,2022,8,West,Online,Office Supplies,A4 Paper (500),5,16.1,0.19,65.2,49.64,15.56,65,3,0
SO-2022-0982,2022-03-29,2022,3,North,Partner,Furniture,Filing Cabinet,17,151.8,0.17,2141.9,1246.67,895.23,29,4,0
SO-2022-0983,2022-07-07,2022,7,North,Online,Furniture,Side Table,8,297.38,0.15,2022.18,1469.46,552.72,31,4,0
SO-2022-0984,2022-08-22,2022,8,East,Retail,Office Supplies,A4 Paper (500),7,8.13,0.01,56.34,42.99,13.35,63,5,0
SO-2022-0985,2022-05-03,2022,5,South,Retail,Office Supplies,Binder Clips,17,13.85,0,235.45,138.12,97.33,60,5,0
SO-2021-0986,2021-06-06,2021,6,North,Partner,Technology,USB-C Dock,9,380.16,0.22,2668.72,2059.25,609.47,32,5,0
SO-2022-0987,2022-09-28,2022,9,North,Retail,Office Supplies,Sticky Notes,11,21.14,0,232.54,171.11,61.43,24,5,0
SO-2022-0988,2022-01-17,2022,1,North,Retail,Furniture,Bookshelf,3,420.25,0.11,1122.07,728.22,393.85,23,5,0
SO-2022-0989,2022-05-02,2022,5,East,Online,Furniture,Desk Lamp,7,212.98,0.28,1073.42,785.87,287.55,48,5,0
SO-2021-0990,2021-06-27,2021,6,North,Online,Technology,Webcam,13,372.95,0.19,3927.16,2321.97,1605.19,34,5,0
SO-2022-0991,2022-08-16,2022,8,East,Retail,Furniture,Office Chair,5,195.46,0.06,918.66,635.82,282.84,70,3,0
SO-2023-0992,2023-04-27,2023,4,North,Retail,Office Supplies,A4 Paper (500),6,11.88,0,71.28,45.01,26.27,31,5,0
SO-2023-0993,2023-04-19,2023,4,South,Retail,Furniture,Desk Lamp,9,297.92,0.27,1957.33,1154.07,803.26,19,5,0
SO-2021-0994,2021-07-30,2021,7,South,Online,Technology,Webcam,5,125.09,0.24,475.34,389.41,85.93,47,5,0
SO-2022-0995,2022-02-06,2022,2,West,Online,Office Supplies,Stapler,11,41.43,0,455.73,342.1,113.63,55,4,0
SO-2021-0996,2021-03-23,2021,3,North,Online,Technology,USB-C Dock,5,475.36,0.13,2067.82,1606.45,461.37,,4,0
SO-2022-0997,2022-02-25,2022,2,West,Online,Furniture,Side Table,14,369.34,0,5170.76,3466.44,1704.32,57,4,0
SO-2023-0998,2023-03-24,2023,3,West,Online,Furniture,Desk Lamp,5,136.36,0.07,634.07,395.16,238.91,64,4,0
SO-2023-0999,2023-03-13,2023,3,West,Online,Furniture,Bookshelf,5,213.21,0.21,842.18,630.99,211.19,68,4,0
SO-2023-1000,2023-03-28,2023,3,East,Online,Office Supplies,A4 Paper (500),9,7.17,0,64.53,50.25,14.28,29,4,0
SO-2023-1001,2023-11-23,2023,11,South,Partner,Furniture,Office Chair,12,379.23,0.12,4004.67,2481.66,1523.01,44,4,0
SO-2023-1002,2023-09-03,2023,9,East,Online,Technology,Webcam,3,401.78,0,1205.34,965.84,239.5,53,4,0
SO-2021-1003,2021-08-10,2021,8,South,Online,Technology,Webcam,8,63.09,0.02,494.63,364.09,130.54,54,,0
SO-2021-1004,2021-08-07,2021,8,West,Retail,Technology,Wireless Mouse,2,523.7,0.1,942.66,669.52,273.14,56,4,0
SO-2022-1005,2022-11-25,2022,11,West,Online,Office Supplies,Gel Pen Pack,10,16.86,0,168.6,121.51,47.09,60,3,0
SO-2023-1006,2023-10-13,2023,10,North,Online,Office Supplies,Binder Clips,6,25.36,0,152.16,114.6,37.56,43,5,0
SO-2023-1007,2023-03-10,2023,3,East,Retail,Technology,Mechanical Keyboard,3,428.64,0,1285.92,965.01,320.91,72,5,0
SO-2023-1008,2023-04-23,2023,4,North,Online,Office Supplies,Gel Pen Pack,3,28.28,0.05,80.6,57.31,23.29,35,2,0
SO-2021-1009,2021-01-01,2021,1,North,Retail,Office Supplies,A4 Paper (500),7,5.66,0,39.62,28.02,11.6,27,5,0
SO-2022-1010,2022-10-07,2022,10,West,Partner,Technology,Webcam,2,521.17,0.23,802.6,642.55,160.05,56,4,0
SO-2022-1011,2022-05-11,2022,5,West,Online,Office Supplies,A4 Paper (500),3,19.95,0,59.85,45.73,14.12,23,5,0
SO-2021-1012,2021-06-17,2021,6,South,Online,Office Supplies,Gel Pen Pack,19,36.06,0.29,486.45,315.83,170.62,57,3,0
SO-2022-1013,2022-06-22,2022,6,West,Online,Technology,USB-C Dock,8,179.81,0.26,1064.48,689.77,374.71,72,5,0
SO-2021-1014,2021-02-01,2021,2,South,Partner,Office Supplies,Binder Clips,11,6.1,0,67.1,45.97,21.13,60,3,0
SO-2022-1015,2022-04-11,2022,4,South,Partner,Technology,Webcam,13,381.8,0.26,3672.92,2828.76,844.16,30,4,0
SO-2021-1016,2021-09-26,2021,9,West,Online,Office Supplies,Sticky Notes,4,22.28,0.18,73.08,42.07,31.01,45,5,0
SO-2022-1017,2022-11-26,2022,11,West,Partner,Office Supplies,Gel Pen Pack,14,47.92,0,670.88,501.55,169.33,56,4,0
SO-2022-1018,2022-12-06,2022,12,East,Online,Office Supplies,A4 Paper (500),9,22.81,0.24,156.02,117.94,38.08,48,3,1
SO-2022-1019,2022-03-07,2022,3,South,Retail,Furniture,Side Table,13,236.51,0,3074.63,2250.37,824.26,58,3,0
SO-2022-1020,2022-11-18,2022,11,South,Online,Office Supplies,Stapler,5,42.26,0.22,164.81,91.56,73.25,,4,0
SO-2021-1021,2021-03-15,2021,3,West,Online,Furniture,Office Chair,6,301.43,0,1808.58,1137.74,670.84,34,2,0
SO-2023-1022,2023-06-24,2023,6,West,Retail,Office Supplies,A4 Paper (500),14,8.33,0.04,111.96,70.5,41.46,33,,0
SO-2023-1023,2023-01-15,2023,1,North,Online,Technology,Wireless Mouse,2,418.55,0.15,711.53,472.72,238.81,62,5,0
SO-2023-1024,2023-11-25,2023,11,South,Retail,Technology,27-inch Monitor,16,183.8,0.04,2823.17,2051.33,771.84,38,,0
SO-2021-1025,2021-01-11,2021,1,East,Partner,Office Supplies,A4 Paper (500),1,36.02,0,36.02,21.65,14.37,74,5,0
SO-2022-1026,2022-10-07,2022,10,West,Online,Technology,Webcam,2,159.03,0.19,257.63,157.11,100.52,26,4,0
SO-2023-1027,2023-02-19,2023,2,North,Partner,Office Supplies,A4 Paper (500),2,32.1,0.15,54.57,37.81,16.76,37,3,0
SO-2023-1028,2023-06-16,2023,6,West,Online,Technology,USB-C Dock,3,557.86,0.03,1623.37,1140.72,482.65,26,4,0
SO-2021-1029,2021-08-02,2021,8,North,Online,Technology,Wireless Mouse,15,68.76,0.29,732.29,517.59,214.7,40,5,0
SO-2023-1030,2023-12-19,2023,12,North,Retail,Furniture,Bookshelf,9,132.95,0.13,1041,690,351,67,5,0
SO-2022-1031,2022-02-08,2022,2,North,Partner,Office Supplies,Stapler,15,25.02,0.01,371.55,254.97,116.58,24,3,1
SO-2023-1032,2023-12-19,2023,12,North,Online,Office Supplies,Sticky Notes,15,31.97,0,479.55,377.74,101.81,59,4,0
SO-2022-1033,2022-10-13,2022,10,North,Retail,Furniture,Side Table,13,419.14,0.23,4195.59,2715.18,1480.41,68,4,0
SO-2023-1034,2023-07-13,2023,7,East,Retail,Technology,USB-C Dock,4,131.62,0.29,373.8,255.92,117.88,50,4,1
SO-2023-1035,2023-02-13,2023,2,West,Online,Technology,USB-C Dock,3,364.56,0.15,929.63,741.13,188.5,61,4,0
SO-2021-1036,2021-06-12,2021,6,West,Retail,Furniture,Side Table,5,202.26,0.16,849.49,693.52,155.97,31,5,1
SO-2023-1037,2023-12-25,2023,12,West,Online,Furniture,Office Chair,3,437.91,0,1313.73,1005.83,307.9,21,2,0
SO-2023-1038,2023-12-08,2023,12,South,Online,Office Supplies,Binder Clips,11,31.43,0,345.73,208.48,137.25,54,4,0
SO-2023-1039,2023-03-17,2023,3,West,Online,Technology,27-inch Monitor,8,560.36,0.26,3317.33,2336.82,980.51,36,5,0
SO-2022-1040,2022-11-12,2022,11,North,Online,Technology,Webcam,9,327.39,0,2946.51,2232.28,714.23,54,,0
SO-2021-1041,2021-12-25,2021,12,South,Partner,Furniture,Office Chair,9,412.12,0.26,2744.72,2012.88,731.84,52,5,0
SO-2021-1042,2021-01-08,2021,1,East,Retail,Technology,Mechanical Keyboard,14,341.24,0.08,4395.17,2504.7,1890.47,70,4,0
SO-2023-1043,2023-06-04,2023,6,West,Partner,Technology,27-inch Monitor,2,189.52,0.15,322.18,205.42,116.76,29,5,0
SO-2021-1044,2021-05-15,2021,5,South,Online,Technology,USB-C Dock,17,346.47,0,5889.99,4062.61,1827.38,42,5,0
SO-2023-1045,2023-01-01,2023,1,North,Online,Technology,Mechanical Keyboard,10,383.21,0.22,2989.04,1769.49,1219.55,29,4,0
SO-2023-1046,2023-06-30,2023,6,West,Online,Office Supplies,Sticky Notes,3,42.66,0.08,117.74,91.16,26.58,32,4,0
SO-2022-1047,2022-10-30,2022,10,East,Partner,Technology,Mechanical Keyboard,2,127.3,0.28,183.31,101.95,81.36,20,5,0
SO-2021-1048,2021-09-07,2021,9,North,Online,Furniture,Bookshelf,2,289.52,0,579.04,332.21,246.83,,4,0
SO-2022-1049,2022-01-05,2022,1,South,Online,Furniture,Bookshelf,4,443.64,0.17,1472.88,823.12,649.76,30,5,0
SO-2022-1050,2022-06-15,2022,6,North,Online,Office Supplies,Stapler,6,18.98,0,113.88,69.75,44.13,72,5,0
SO-2022-1051,2022-04-16,2022,4,South,Online,Office Supplies,Binder Clips,7,8.2,0.17,47.64,33.94,13.7,65,4,0
SO-2022-1052,2022-11-05,2022,11,East,Online,Office Supplies,Gel Pen Pack,7,47.59,0.24,253.18,153.05,100.13,54,3,0
SO-2022-1053,2022-12-27,2022,12,West,Online,Technology,Mechanical Keyboard,3,211.26,0.1,570.4,361.89,208.51,,3,0
SO-2023-1054,2023-08-07,2023,8,South,Online,Furniture,Filing Cabinet,9,353.82,0.14,2738.57,1754.04,984.53,39,5,0
SO-2022-1055,2022-03-18,2022,3,West,Online,Office Supplies,Sticky Notes,11,44.92,0,494.12,305.94,188.18,34,5,0
SO-2023-1056,2023-11-28,2023,11,East,Partner,Furniture,Office Chair,13,366.41,0,4763.33,3310.98,1452.35,31,5,0
SO-2021-1057,2021-02-10,2021,2,South,Partner,Technology,Mechanical Keyboard,1,108.59,0.23,83.61,57.8,25.81,55,4,0
SO-2022-1058,2022-12-06,2022,12,East,Retail,Technology,Mechanical Keyboard,15,562.97,0.19,6840.09,4925.75,1914.34,34,3,0
SO-2023-1059,2023-01-29,2023,1,West,Retail,Furniture,Bookshelf,13,437.28,0,5684.64,4136.35,1548.29,39,3,0
SO-2022-1060,2022-10-15,2022,10,East,Online,Technology,Mechanical Keyboard,9,85.82,0.09,702.87,527.08,175.79,34,3,0
SO-2023-1061,2023-05-20,2023,5,North,Online,Technology,Webcam,11,70.92,0,780.12,549.65,230.47,22,3,0
SO-2022-1062,2022-01-29,2022,1,South,Online,Furniture,Desk Lamp,4,287.71,0,1150.84,887.52,263.32,27,2,0
SO-2022-1063,2022-07-12,2022,7,North,Online,Furniture,Office Chair,4,407.24,0.29,1156.56,761.64,394.92,52,4,0
SO-2021-1064,2021-12-07,2021,12,East,Online,Furniture,Side Table,2,137.31,0,274.62,187.33,87.29,44,4,0
SO-2022-1065,2022-05-03,2022,5,West,Partner,Office Supplies,Sticky Notes,12,19.67,0,236.04,157.67,78.37,64,4,0
SO-2023-1066,2023-10-01,2023,10,West,Retail,Technology,27-inch Monitor,15,479.97,0.01,7127.55,5172.04,1955.51,25,3,0
SO-2023-1067,2023-05-05,2023,5,South,Partner,Technology,Webcam,18,525.03,0.14,8127.46,6327.6,1799.86,65,4,0
SO-2021-1068,2021-02-11,2021,2,South,Online,Technology,USB-C Dock,18,373.77,0.23,5180.45,3991.99,1188.46,40,3,0
SO-2022-1069,2022-06-24,2022,6,North,Retail,Technology,Webcam,10,302.04,0.01,2990.2,1674.31,1315.89,,2,0
SO-2023-1070,2023-05-07,2023,5,South,Partner,Office Supplies,Gel Pen Pack,12,33.46,0.26,297.12,209.48,87.64,55,4,0
SO-2023-1071,2023-07-23,2023,7,South,Online,Technology,27-inch Monitor,11,202.31,0.05,2114.14,1607.77,506.37,20,4,0
SO-2022-1072,2022-01-29,2022,1,North,Retail,Furniture,Desk Lamp,4,256.05,0.27,747.67,606.29,141.38,,3,0
SO-2022-1073,2022-09-26,2022,9,South,Online,Office Supplies,Stapler,6,9.88,0,59.28,46.92,12.36,,4,0
SO-2023-1074,2023-09-09,2023,9,South,Online,Office Supplies,A4 Paper (500),7,33.64,,235.48,137.69,97.79,64,3,0
SO-2021-1075,2021-09-14,2021,9,South,Online,Office Supplies,Sticky Notes,2,16,0,32,20.1,11.9,70,2,0
SO-2023-1076,2023-02-27,2023,2,North,Retail,Office Supplies,A4 Paper (500),13,9.27,0,120.51,86.68,33.83,31,4,0
SO-2023-1077,2023-02-27,2023,2,East,Online,Technology,Mechanical Keyboard,4,477.08,0,1908.32,1399.81,508.51,37,5,0
SO-2023-1078,2023-04-21,2023,4,South,Online,Technology,Mechanical Keyboard,6,322.22,0.04,1855.99,1048.87,807.12,62,5,0
SO-2022-1079,2022-12-05,2022,12,East,Retail,Technology,Mechanical Keyboard,9,249.3,0.21,1772.52,1334.11,438.41,54,5,0
SO-2022-1080,2022-07-04,2022,7,East,Online,Office Supplies,Sticky Notes,13,11.42,0,148.46,103.48,44.98,54,3,0
SO-2023-1081,2023-04-19,2023,4,South,Online,Technology,27-inch Monitor,4,436.68,0,1746.72,1360.66,386.06,57,5,0
SO-2023-1082,2023-10-19,2023,10,North,Partner,Technology,Webcam,12,112.31,0.21,1064.7,603.89,460.81,23,3,0
SO-2023-1083,2023-02-16,2023,2,East,Online,Technology,USB-C Dock,3,499.46,0,1498.38,831.98,666.4,52,4,0
SO-2023-1084,2023-04-20,2023,4,South,Online,Furniture,Filing Cabinet,5,421.42,,2107.1,1454.67,652.43,19,5,0
SO-2023-1085,2023-09-21,2023,9,South,Online,Office Supplies,Binder Clips,7,14.41,0.06,94.82,59.09,35.73,71,4,0
SO-2022-1086,2022-04-10,2022,4,South,Online,Office Supplies,Sticky Notes,13,21.37,0.21,219.47,129.28,90.19,43,2,0
SO-2021-1087,2021-02-08,2021,2,East,Online,Furniture,Side Table,3,312.6,0.13,815.89,597.87,218.02,40,4,0
SO-2023-1088,2023-06-03,2023,6,West,Online,Office Supplies,A4 Paper (500),14,47.93,0,671.02,491.97,179.05,59,4,0
SO-2022-1089,2022-04-05,2022,4,North,Online,Office Supplies,A4 Paper (500),11,19.13,0.16,176.76,127.66,49.1,68,2,0
SO-2022-1090,2022-10-01,2022,10,East,Partner,Office Supplies,Sticky Notes,2,36.32,0,72.64,53.25,19.39,45,2,0
SO-2021-1091,2021-05-02,2021,5,South,Partner,Office Supplies,Stapler,7,45.97,0,321.79,194.97,126.82,26,3,0
SO-2023-1092,2023-08-04,2023,8,West,Online,Furniture,Side Table,6,373.97,0,2243.82,1634.32,609.5,29,5,0
SO-2023-1093,2023-10-25,2023,10,East,Retail,Technology,Webcam,4,122.03,0.1,439.31,274.08,165.23,41,4,0
SO-2023-1094,2023-09-21,2023,9,East,Partner,Office Supplies,Gel Pen Pack,6,46.77,0,280.62,196.26,84.36,63,5,0
SO-2021-1095,2021-08-25,2021,8,East,Online,Office Supplies,Sticky Notes,7,31.7,0,221.9,161.92,59.98,34,2,0
SO-2021-1096,2021-08-13,2021,8,North,Online,Furniture,Office Chair,5,413.66,0,2068.3,1442.01,626.29,46,5,0
SO-2022-1097,2022-11-25,2022,11,North,Online,Technology,Mechanical Keyboard,11,392.25,0.09,3926.42,2450.3,1476.12,47,3,0
SO-2023-1098,2023-08-11,2023,8,South,Online,Office Supplies,Sticky Notes,9,26.8,0,241.2,195.14,46.06,66,4,0
SO-2022-1099,2022-10-31,2022,10,South,Online,Furniture,Office Chair,4,166.9,0,667.6,452.16,215.44,37,5,0
SO-2022-1100,2022-03-22,2022,3,North,Partner,Furniture,Filing Cabinet,13,186.48,0,2424.24,1774.19,650.05,19,3,0
SO-2023-1101,2023-09-23,2023,9,East,Online,Furniture,Desk Lamp,18,316.66,0,5699.88,3567.2,2132.68,27,5,0
SO-2021-1102,2021-12-22,2021,12,South,Online,Office Supplies,A4 Paper (500),15,17.62,0,264.3,148.71,115.59,52,4,0
SO-2022-1103,2022-04-18,2022,4,East,Online,Furniture,Desk Lamp,9,223.43,0.09,1829.89,1039,790.89,46,4,0
SO-2022-1104,2022-05-04,2022,5,North,Online,Office Supplies,Binder Clips,15,8.57,0.18,105.41,73.65,31.76,32,4,1
SO-2023-1105,2023-12-28,2023,12,East,Retail,Technology,Mechanical Keyboard,3,76.78,0,230.34,139.54,90.8,26,5,0
SO-2022-1106,2022-06-09,2022,6,North,Online,Technology,Wireless Mouse,8,304.65,0,2437.2,1394.84,1042.36,38,3,0
SO-2021-1107,2021-08-11,2021,8,East,Online,Office Supplies,A4 Paper (500),11,16.44,0,180.84,100.12,80.72,56,4,0
SO-2023-1108,2023-10-21,2023,10,West,Online,Furniture,Filing Cabinet,6,323.06,0.16,1628.22,931.96,696.26,,4,0
SO-2021-1109,2021-02-26,2021,2,South,Online,Office Supplies,Sticky Notes,8,22.53,0.02,176.64,103.62,73.02,50,5,0
SO-2023-1110,2023-04-13,2023,4,East,Partner,Technology,Webcam,4,579.17,0.09,2108.18,1699,409.18,47,4,0
SO-2021-1111,2021-11-07,2021,11,West,Online,Technology,Webcam,10,601.59,0.06,5654.95,3559.81,2095.14,58,4,0
SO-2023-1112,2023-02-18,2023,2,East,Retail,Technology,Wireless Mouse,4,677.55,0,2710.2,1638.44,1071.76,59,5,0
SO-2023-1113,2023-09-25,2023,9,North,Online,Office Supplies,Gel Pen Pack,13,43.63,0.26,419.72,305.38,114.34,65,4,0
SO-2023-1114,2023-09-19,2023,9,East,Online,Furniture,Filing Cabinet,2,465.87,0.22,726.76,555.39,171.37,27,4,0
SO-2021-1115,2021-09-25,2021,9,South,Online,Furniture,Side Table,8,317.47,0.21,2006.41,1245.34,761.07,22,5,0
SO-2022-1116,2022-09-22,2022,9,West,Retail,Office Supplies,Sticky Notes,11,17.91,0,197.01,111.74,85.27,,4,0
SO-2022-1117,2022-06-13,2022,6,West,Online,Office Supplies,Sticky Notes,14,27.77,0,388.78,285.46,103.32,61,5,0
SO-2023-1118,2023-09-22,2023,9,North,Online,Office Supplies,Stapler,3,32.41,0,97.23,72.77,24.46,24,5,0
SO-2021-1119,2021-08-14,2021,8,East,Retail,Furniture,Bookshelf,3,506.64,0.1,1367.93,903.24,464.69,28,5,0
SO-2021-1120,2021-09-11,2021,9,North,Online,Office Supplies,A4 Paper (500),5,34.91,0,174.55,120.8,53.75,53,3,0
SO-2022-1121,2022-05-03,2022,5,East,Online,Furniture,Bookshelf,13,309.66,0,4025.58,3101.68,923.9,38,4,0
SO-2021-1122,2021-04-08,2021,4,West,Partner,Furniture,Bookshelf,1,389.43,0,389.43,311.86,77.57,54,2,0
SO-2023-1123,2023-05-08,2023,5,West,Partner,Office Supplies,A4 Paper (500),17,44.98,0,764.66,434.13,330.53,68,4,1
SO-2023-1124,2023-11-24,2023,11,North,Online,Technology,USB-C Dock,13,170.98,0.19,1800.42,1306.83,493.59,33,3,0
SO-2023-1125,2023-11-24,2023,11,South,Online,Technology,Wireless Mouse,4,407.62,0,1630.48,1062.73,567.75,40,4,1
SO-2022-1126,2022-11-02,2022,11,North,Partner,Furniture,Filing Cabinet,8,330.74,0.02,2593,2064.85,528.15,34,2,0
SO-2022-1127,2022-06-18,2022,6,East,Online,Furniture,Desk Lamp,2,204.25,0,408.5,236.18,172.32,,4,1
SO-2021-1128,2021-07-31,2021,7,West,Online,Furniture,Desk Lamp,6,297.64,0.23,1375.1,1025.72,349.38,65,4,0
SO-2023-1129,2023-09-02,2023,9,South,Partner,Technology,USB-C Dock,6,218.69,0.07,1220.29,763.24,457.05,47,4,0
SO-2023-1130,2023-05-03,2023,5,West,Online,Office Supplies,A4 Paper (500),4,32.85,0.25,98.55,68.46,30.09,56,4,0
SO-2022-1131,2022-04-13,2022,4,East,Online,Furniture,Office Chair,12,273.15,0,3277.8,2470.69,807.11,31,3,0
SO-2023-1132,2023-04-19,2023,4,South,Retail,Technology,27-inch Monitor,10,115.68,0,1156.8,677.42,479.38,54,3,0
SO-2022-1133,2022-10-05,2022,10,East,Online,Furniture,Side Table,5,409.59,0,2047.95,1248.12,799.83,37,3,0
SO-2023-1134,2023-05-21,2023,5,East,Online,Office Supplies,Stapler,3,21.68,0.11,57.89,39.39,18.5,56,3,0
SO-2021-1135,2021-04-27,2021,4,South,Partner,Office Supplies,Binder Clips,8,25.92,0,207.36,155.6,51.76,25,4,0
SO-2023-1136,2023-02-06,2023,2,East,Partner,Technology,Wireless Mouse,5,577.85,0,2889.25,1869.13,1020.12,67,3,0
SO-2023-1137,2023-12-10,2023,12,West,Retail,Furniture,Office Chair,4,446.31,0.15,1517.45,1219.47,297.98,48,5,0
SO-2022-1138,2022-08-31,2022,8,North,Online,Furniture,Bookshelf,2,320.05,0.23,492.88,309.54,183.34,56,3,0
SO-2021-1139,2021-02-27,2021,2,West,Online,Office Supplies,Sticky Notes,9,10.64,0,95.76,64.61,31.15,,4,0
SO-2022-1140,2022-01-13,2022,1,North,Online,Office Supplies,Stapler,12,39.82,0,477.84,335.24,142.6,37,4,0
SO-2022-1141,2022-02-03,2022,2,East,Online,Technology,Wireless Mouse,6,59.47,,356.82,198.23,158.59,64,4,0
SO-2023-1142,2023-08-04,2023,8,South,Online,Office Supplies,A4 Paper (500),2,42.07,0,84.14,62.56,21.58,68,4,0
SO-2022-1143,2022-02-05,2022,2,South,Online,Office Supplies,A4 Paper (500),2,45.95,0,91.9,65.52,26.38,24,5,0
SO-2021-1144,2021-07-26,2021,7,North,Retail,Furniture,Side Table,5,145.25,0.14,624.58,469.63,154.95,34,4,1
SO-2022-1145,2022-07-27,2022,7,South,Online,Office Supplies,Gel Pen Pack,4,9.22,0.29,26.18,15.29,10.89,61,5,0
SO-2023-1146,2023-08-21,2023,8,East,Online,Furniture,Desk Lamp,4,495.27,0.26,1466,1040.95,425.05,73,3,0
SO-2023-1147,2023-08-25,2023,8,West,Online,Furniture,Side Table,12,414.85,0,4978.2,3424.19,1554.01,33,4,0
SO-2022-1148,2022-04-13,2022,4,South,Retail,Office Supplies,Binder Clips,14,44.79,0.15,533,312.1,220.9,27,3,0
SO-2021-1149,2021-07-06,2021,7,South,Partner,Furniture,Filing Cabinet,4,343.02,0.18,1125.11,691.97,433.14,18,4,1
SO-2022-1150,2022-04-29,2022,4,South,Retail,Office Supplies,Gel Pen Pack,5,46.67,0.27,170.35,123.91,46.44,,4,0
SO-2023-1151,2023-12-30,2023,12,West,Retail,Furniture,Bookshelf,1,156.71,0,156.71,123.9,32.81,18,5,0
SO-2022-1152,2022-11-23,2022,11,West,Online,Office Supplies,Binder Clips,7,45.69,0,319.83,236.83,83,47,3,0
SO-2022-1153,2022-07-08,2022,7,West,Online,Office Supplies,Stapler,6,24.27,0,145.62,107.4,38.22,24,4,0
SO-2021-1154,2021-08-28,2021,8,North,Online,Office Supplies,Stapler,7,18.2,0,127.4,88.32,39.08,65,4,0
SO-2023-1155,2023-09-10,2023,9,West,Online,Office Supplies,Binder Clips,10,26.02,0,260.2,192.32,67.88,74,3,0
SO-2022-1156,2022-11-15,2022,11,North,Retail,Technology,USB-C Dock,4,377.88,0.1,1360.37,957.49,402.88,41,4,0
SO-2021-1157,2021-05-16,2021,5,South,Online,Technology,27-inch Monitor,3,239.59,0,718.77,419.12,299.65,47,5,0
SO-2023-1158,2023-06-08,2023,6,West,Online,Technology,Webcam,4,437.88,0.08,1611.4,1090.37,521.03,30,4,1
SO-2022-1159,2022-03-07,2022,3,East,Online,Technology,Wireless Mouse,11,552.76,0.21,4803.48,3374.98,1428.5,41,3,0
SO-2023-1160,2023-11-07,2023,11,East,Online,Furniture,Office Chair,3,397.22,0.07,1108.24,704.14,404.1,50,3,0
SO-2022-1161,2022-05-01,2022,5,South,Partner,Technology,Wireless Mouse,12,367.13,0,4405.56,2950.92,1454.64,58,4,0
SO-2021-1162,2021-10-01,2021,10,West,Online,Technology,Mechanical Keyboard,1,326.04,0.16,273.87,196.94,76.93,40,4,1
SO-2021-1163,2021-06-04,2021,6,East,Online,Furniture,Office Chair,7,306.14,0,2142.98,1441.77,701.21,20,5,0
SO-2023-1164,2023-09-01,2023,9,South,Online,Furniture,Side Table,8,214.11,0.02,1678.62,959.22,719.4,66,5,0
SO-2023-1165,2023-12-29,2023,12,North,Online,Office Supplies,Sticky Notes,2,30.49,0,60.98,42.02,18.96,54,3,0
SO-2023-1166,2023-05-09,2023,5,North,Online,Office Supplies,Binder Clips,16,17.67,0,282.72,213.59,69.13,66,4,0
SO-2021-1167,2021-10-25,2021,10,North,Partner,Furniture,Side Table,11,288.38,0.03,3077.01,2418.57,658.44,40,5,0
SO-2021-1168,2021-09-08,2021,9,East,Partner,Technology,Mechanical Keyboard,5,376.56,0,1882.8,1140.59,742.21,36,4,0
SO-2023-1169,2023-03-30,2023,3,West,Online,Furniture,Desk Lamp,7,198.32,0.06,1304.95,891.76,413.19,62,3,0
SO-2023-1170,2023-11-20,2023,11,West,Partner,Office Supplies,Sticky Notes,10,13.41,0.28,96.55,57.33,39.22,56,3,0
SO-2021-1171,2021-04-06,2021,4,South,Online,Technology,Webcam,3,512.72,0.17,1276.67,895.7,380.97,21,4,0
SO-2021-1172,2021-05-02,2021,5,West,Online,Furniture,Desk Lamp,2,231.01,0,462.02,376.22,85.8,46,3,0
SO-2023-1173,2023-09-29,2023,9,North,Online,Office Supplies,Binder Clips,9,8.78,0,79.02,48.23,30.79,22,4,0
SO-2022-1174,2022-09-30,2022,9,North,Partner,Technology,Webcam,7,442.97,0,3100.79,1982.24,1118.55,68,4,0
SO-2023-1175,2023-01-24,2023,1,East,Partner,Office Supplies,Gel Pen Pack,7,24.78,0.07,161.32,115.11,46.21,50,5,0
SO-2022-1176,2022-01-22,2022,1,North,Online,Technology,Mechanical Keyboard,1,363.19,0.09,330.5,196.17,134.33,45,5,0
SO-2021-1177,2021-06-05,2021,6,North,Online,Technology,Mechanical Keyboard,11,323.31,0,3556.41,2673.49,882.92,65,4,0
SO-2022-1178,2022-06-14,2022,6,East,Online,Furniture,Office Chair,10,452.33,0.2,3618.64,2548.88,1069.76,28,3,0
SO-2023-1179,2023-12-28,2023,12,South,Online,Furniture,Filing Cabinet,3,318.42,0.19,773.76,579.23,194.53,34,4,0
SO-2023-1180,2023-06-30,2023,6,South,Online,Office Supplies,Stapler,6,23.31,0,139.86,97.78,42.08,55,5,0
SO-2023-1181,2023-10-17,2023,10,South,Online,Furniture,Office Chair,14,410.95,0,5753.3,4228.81,1524.49,36,5,0
SO-2021-1182,2021-06-11,2021,6,East,Online,Furniture,Office Chair,3,287.26,0,861.78,509.8,351.98,24,4,1
SO-2022-1183,2022-07-19,2022,7,South,Online,Furniture,Desk Lamp,12,281.68,0.13,2940.74,1818.2,1122.54,32,2,0
SO-2022-1184,2022-06-19,2022,6,North,Partner,Office Supplies,Stapler,14,18.48,0,258.72,187.37,71.35,38,3,0
SO-2021-1185,2021-10-16,2021,10,North,Retail,Furniture,Side Table,6,220.46,0.22,1031.75,759.18,272.57,33,5,0
SO-2023-1186,2023-08-03,2023,8,South,Partner,Technology,Mechanical Keyboard,1,217.7,0,217.7,145.53,72.17,30,,0
SO-2021-1187,2021-03-19,2021,3,West,Partner,Office Supplies,Gel Pen Pack,13,30.95,0.07,374.19,304.5,69.69,73,2,0
SO-2021-1188,2021-08-11,2021,8,South,Online,Technology,USB-C Dock,4,539.86,0,2159.44,1609.59,549.85,55,4,0
SO-2023-1189,2023-09-03,2023,9,East,Online,Technology,USB-C Dock,4,554.87,0.12,1953.14,1076.95,876.19,66,2,0
SO-2023-1190,2023-08-28,2023,8,South,Partner,Office Supplies,Gel Pen Pack,4,43.62,0,174.48,115.13,59.35,64,4,0
SO-2021-1191,2021-01-15,2021,1,South,Online,Office Supplies,Sticky Notes,14,40.03,0,560.42,389.08,171.34,67,4,0
SO-2023-1192,2023-07-28,2023,7,East,Online,Office Supplies,Gel Pen Pack,8,31.55,,252.4,161.66,90.74,41,3,0
SO-2023-1193,2023-07-05,2023,7,North,Online,Technology,27-inch Monitor,5,393.65,0,1968.25,1549.27,418.98,19,4,0
SO-2023-1194,2023-02-20,2023,2,North,Online,Furniture,Filing Cabinet,7,258.38,0,1808.66,1178.29,630.37,69,5,0
SO-2021-1195,2021-02-26,2021,2,West,Retail,Technology,Webcam,8,192.98,0,1543.84,1242.64,301.2,,5,0
SO-2022-1196,2022-11-27,2022,11,North,Online,Furniture,Desk Lamp,19,212.65,0,4040.35,3262.87,777.48,31,4,0
SO-2021-1197,2021-03-24,2021,3,West,Online,Technology,Webcam,10,107.9,0.05,1025.05,673.04,352.01,36,,0
SO-2021-1198,2021-02-09,2021,2,North,Partner,Technology,27-inch Monitor,8,193.94,0,1551.52,861.44,690.08,66,5,0
SO-2021-1199,2021-04-29,2021,4,East,Online,Office Supplies,Binder Clips,8,18.21,0,145.68,83.08,62.6,57,4,0
SO-2021-1200,2021-07-26,2021,7,West,Online,Furniture,Office Chair,6,439.02,0,2634.12,1657.15,976.97,45,4,0
